log_id,game_id,game_date,player_id,team_id,opponent_team_id,is_home,minutes,points,rebounds,assists,steals,blocks,turnovers,fg_made,fg_attempted,three_made,three_attempted,ft_made,ft_attempted
1,1,2025-10-22,166,12,14,1,35,26,6,2,0,1,3,7,13,1,3,2,2
2,1,2025-10-22,167,12,14,1,37,16,5,3,1,1,2,5,11,1,3,2,3
3,1,2025-10-22,168,12,14,1,26,7,1,2,1,1,1,3,7,0,1,1,1
4,1,2025-10-22,169,12,14,1,29,9,5,3,1,1,1,3,6,1,2,1,1
5,1,2025-10-22,170,12,14,1,20,10,5,1,0,0,2,2,6,1,2,1,1
6,1,2025-10-22,171,12,14,1,15,6,1,2,2,0,2,2,4,0,1,1,1
7,1,2025-10-22,172,12,14,1,18,11,1,3,1,1,0,3,6,0,1,2,2
8,1,2025-10-22,173,12,14,1,22,6,1,3,1,0,0,2,3,0,1,1,1
9,1,2025-10-22,174,12,14,1,16,4,2,0,1,0,1,3,6,0,1,1,1
10,1,2025-10-22,175,12,14,1,4,6,1,1,0,0,0,2,3,0,1,1,1
11,1,2025-10-22,176,12,14,1,9,4,4,0,0,0,1,1,3,0,1,0,0
12,1,2025-10-22,177,12,14,1,19,4,3,2,1,0,0,1,3,0,1,1,1
13,1,2025-10-22,179,12,14,1,17,6,1,1,0,0,0,2,4,0,1,1,1
14,1,2025-10-22,180,12,14,1,17,3,3,1,1,0,1,1,3,0,0,0,0
15,1,2025-10-22,196,14,12,0,38,28,10,9,1,1,3,7,13,2,4,4,5
16,1,2025-10-22,197,14,12,0,33,22,8,9,1,1,2,6,11,1,3,3,4
17,1,2025-10-22,198,14,12,0,23,10,4,2,1,0,1,4,7,0,1,1,1
18,1,2025-10-22,199,14,12,0,27,19,0,2,1,0,2,6,10,1,3,1,1
19,1,2025-10-22,200,14,12,0,29,12,0,4,1,0,2,3,6,1,2,1,2
20,1,2025-10-22,201,14,12,0,29,6,2,1,1,0,2,2,4,0,1,1,1
21,1,2025-10-22,202,14,12,0,22,14,7,4,0,1,3,6,10,1,3,1,1
22,1,2025-10-22,203,14,12,0,19,7,3,0,0,0,2,3,5,0,1,1,2
23,1,2025-10-22,204,14,12,0,12,1,3,2,0,0,0,1,3,0,0,0,0
24,1,2025-10-22,205,14,12,0,15,7,4,1,1,0,1,3,6,1,2,1,1
25,1,2025-10-22,206,14,12,0,17,3,3,0,1,0,0,1,1,0,0,0,0
26,1,2025-10-22,209,14,12,0,12,0,1,1,1,0,1,2,4,0,1,0,0
27,2,2025-10-22,346,24,23,1,25,13,6,3,1,0,3,3,8,1,2,2,3
28,2,2025-10-22,347,24,23,1,27,24,6,7,2,1,2,5,12,1,2,4,5
29,2,2025-10-22,348,24,23,1,25,8,6,4,1,1,1,4,7,1,2,2,2
30,2,2025-10-22,349,24,23,1,31,7,5,6,1,0,1,2,3,0,0,1,1
31,2,2025-10-22,350,24,23,1,20,10,5,4,0,1,1,3,7,0,1,1,2
32,2,2025-10-22,351,24,23,1,23,9,0,1,1,1,1,3,6,0,1,1,1
33,2,2025-10-22,352,24,23,1,27,8,3,1,1,1,1,4,8,0,1,2,2
34,2,2025-10-22,353,24,23,1,30,9,4,0,1,1,2,3,5,1,2,1,1
35,2,2025-10-22,354,24,23,1,12,1,1,0,0,0,1,1,2,0,1,0,0
36,2,2025-10-22,355,24,23,1,14,5,2,1,1,0,0,2,5,0,1,0,0
37,2,2025-10-22,357,24,23,1,9,7,0,0,0,1,1,2,4,0,1,2,2
38,2,2025-10-22,359,24,23,1,11,2,0,1,0,0,2,2,5,0,1,0,0
39,2,2025-10-22,331,23,24,0,38,15,9,6,2,0,3,6,11,0,1,1,1
40,2,2025-10-22,332,23,24,0,35,18,4,1,1,1,2,6,12,1,2,4,4
41,2,2025-10-22,333,23,24,0,14,12,4,2,1,1,1,3,8,0,1,2,2
42,2,2025-10-22,334,23,24,0,29,9,6,1,1,1,1,4,8,0,1,2,2
43,2,2025-10-22,335,23,24,0,31,11,3,1,1,0,1,3,7,0,1,2,2
44,2,2025-10-22,336,23,24,0,29,5,9,3,1,0,1,1,3,0,1,1,1
45,2,2025-10-22,337,23,24,0,18,5,7,0,1,0,1,1,3,0,1,1,1
46,2,2025-10-22,338,23,24,0,23,9,6,3,1,0,1,4,7,1,2,1,1
47,2,2025-10-22,339,23,24,0,7,5,2,1,1,0,1,2,4,0,1,1,1
48,2,2025-10-22,340,23,24,0,17,2,1,2,0,0,2,1,3,0,1,0,0
49,2,2025-10-22,341,23,24,0,9,1,0,1,1,0,1,1,3,0,1,0,0
50,2,2025-10-22,343,23,24,0,9,7,4,3,1,0,1,2,3,0,1,1,1
51,2,2025-10-22,344,23,24,0,9,2,0,2,0,0,1,1,2,0,0,0,0
52,3,2025-10-22,376,26,3,1,32,27,10,8,2,0,3,8,15,2,7,6,7
53,3,2025-10-22,377,26,3,1,36,23,10,7,2,1,3,5,11,1,3,1,1
54,3,2025-10-22,378,26,3,1,23,6,2,0,1,1,1,2,5,0,1,1,1
55,3,2025-10-22,379,26,3,1,20,12,9,7,1,0,2,5,10,2,4,1,2
56,3,2025-10-22,380,26,3,1,22,8,3,2,0,0,1,3,7,0,1,0,0
57,3,2025-10-22,381,26,3,1,28,7,0,0,1,1,1,1,3,0,1,1,1
58,3,2025-10-22,382,26,3,1,19,6,2,2,1,0,3,3,6,0,1,1,1
59,3,2025-10-22,383,26,3,1,32,12,4,3,1,1,1,4,9,2,4,2,2
60,3,2025-10-22,385,26,3,1,9,4,3,2,0,0,1,2,5,0,1,1,1
61,3,2025-10-22,387,26,3,1,16,6,4,1,0,0,1,2,4,0,1,1,1
62,3,2025-10-22,388,26,3,1,4,0,2,1,1,0,1,2,4,0,1,0,0
63,3,2025-10-22,389,26,3,1,13,3,0,0,1,0,1,2,3,0,1,0,0
64,3,2025-10-22,390,26,3,1,5,7,2,1,0,0,2,2,4,0,1,1,1
65,3,2025-10-22,31,3,26,0,38,14,9,5,1,1,3,4,10,0,1,1,1
66,3,2025-10-22,32,3,26,0,29,26,7,6,2,1,2,7,14,1,5,1,2
67,3,2025-10-22,33,3,26,0,25,8,7,4,1,0,1,4,7,1,2,1,2
68,3,2025-10-22,34,3,26,0,17,9,5,2,1,1,3,3,5,0,1,1,1
69,3,2025-10-22,35,3,26,0,28,7,2,2,1,0,2,3,7,0,1,1,1
70,3,2025-10-22,36,3,26,0,17,5,4,1,1,0,1,3,6,1,2,0,0
71,3,2025-10-22,37,3,26,0,25,9,5,4,1,1,2,4,7,1,2,1,1
72,3,2025-10-22,38,3,26,0,23,9,4,3,1,0,1,4,8,0,1,2,2
73,3,2025-10-22,39,3,26,0,14,1,3,2,0,0,0,1,1,0,0,0,0
74,3,2025-10-22,40,3,26,0,13,3,1,2,1,1,1,2,3,0,1,1,1
75,3,2025-10-22,41,3,26,0,11,6,1,1,1,0,1,2,5,1,2,1,1
76,3,2025-10-22,43,3,26,0,25,1,3,0,1,0,1,1,1,0,0,0,0
77,3,2025-10-22,44,3,26,0,11,4,2,0,1,0,1,3,6,0,1,0,0
78,3,2025-10-22,45,3,26,0,16,5,1,1,0,0,0,2,4,0,1,0,0
79,4,2025-10-22,61,5,27,1,27,23,7,6,1,1,4,7,14,1,2,2,3
80,4,2025-10-22,62,5,27,1,34,20,5,8,2,0,4,6,13,1,2,1,2
81,4,2025-10-22,63,5,27,1,23,12,3,3,1,0,1,4,8,0,1,1,1
82,4,2025-10-22,64,5,27,1,36,0,3,5,1,0,1,2,4,0,1,0,0
83,4,2025-10-22,65,5,27,1,29,6,2,1,1,0,1,2,4,0,1,0,0
84,4,2025-10-22,66,5,27,1,21,2,1,4,1,0,0,1,3,0,1,0,0
85,4,2025-10-22,67,5,27,1,32,4,6,2,1,1,2,1,3,0,1,1,1
86,4,2025-10-22,68,5,27,1,32,15,4,4,1,0,2,6,11,1,2,3,3
87,4,2025-10-22,69,5,27,1,19,6,2,1,1,0,1,3,5,1,2,1,1
88,4,2025-10-22,70,5,27,1,9,0,3,1,0,0,2,2,4,0,1,0,0
89,4,2025-10-22,71,5,27,1,12,0,2,2,0,0,0,0,1,0,0,0,0
90,4,2025-10-22,72,5,27,1,7,4,0,2,1,0,0,3,6,0,1,0,0
91,4,2025-10-22,391,27,5,0,36,20,4,4,0,2,4,7,13,1,5,3,4
92,4,2025-10-22,392,27,5,0,41,16,3,3,2,0,3,7,12,2,5,2,2
93,4,2025-10-22,393,27,5,0,26,5,7,0,1,0,2,1,3,0,1,1,1
94,4,2025-10-22,394,27,5,0,22,3,3,1,1,1,1,2,4,0,1,1,1
95,4,2025-10-22,395,27,5,0,20,5,2,3,0,0,1,1,2,0,1,1,1
96,4,2025-10-22,396,27,5,0,24,7,0,2,0,1,2,2,4,1,2,1,1
97,4,2025-10-22,397,27,5,0,7,6,4,3,1,0,1,1,3,0,1,1,1
98,4,2025-10-22,398,27,5,0,33,2,7,1,0,0,2,2,5,0,1,0,0
99,4,2025-10-22,401,27,5,0,13,3,1,2,0,0,0,2,3,0,0,1,1
100,4,2025-10-22,402,27,5,0,5,2,3,1,1,0,1,2,4,0,1,0,0
101,4,2025-10-22,403,27,5,0,6,0,1,1,1,0,0,0,1,0,0,0,0
102,4,2025-10-22,404,27,5,0,9,2,1,1,0,0,0,2,3,0,1,0,0
103,4,2025-10-22,405,27,5,0,18,4,3,0,0,0,1,1,2,0,0,1,1
104,5,2025-10-22,211,15,22,1,35,22,3,8,2,1,3,5,14,1,4,2,3
105,5,2025-10-22,212,15,22,1,32,18,6,2,1,1,3,5,9,2,4,3,4
106,5,2025-10-22,213,15,22,1,21,10,3,2,0,0,1,3,5,1,2,2,2
107,5,2025-10-22,214,15,22,1,22,11,0,1,1,0,1,3,7,1,2,2,2
108,5,2025-10-22,215,15,22,1,24,12,3,2,1,0,1,4,9,1,3,1,1
109,5,2025-10-22,216,15,22,1,26,17,6,6,1,0,3,4,8,1,2,3,4
110,5,2025-10-22,217,15,22,1,26,9,4,0,1,0,2,2,4,1,2,1,2
111,5,2025-10-22,218,15,22,1,21,9,1,3,1,0,1,3,7,1,3,1,2
112,5,2025-10-22,219,15,22,1,15,4,0,1,0,0,2,2,4,1,2,1,1
113,5,2025-10-22,221,15,22,1,15,4,4,1,0,0,1,1,3,0,1,0,0
114,5,2025-10-22,222,15,22,1,17,2,0,2,1,0,0,1,2,0,1,0,0
115,5,2025-10-22,224,15,22,1,8,7,4,1,0,0,0,2,3,0,1,1,1
116,5,2025-10-22,225,15,22,1,15,4,0,2,1,0,1,1,2,0,1,0,0
117,5,2025-10-22,316,22,15,0,27,15,3,6,1,1,4,3,7,1,3,2,2
118,5,2025-10-22,317,22,15,0,31,29,4,9,1,0,2,7,17,2,6,6,7
119,5,2025-10-22,318,22,15,0,14,11,3,2,0,0,1,2,6,1,2,1,1
120,5,2025-10-22,319,22,15,0,15,7,3,3,1,1,1,3,6,1,3,1,1
121,5,2025-10-22,320,22,15,0,17,3,4,3,1,0,3,0,1,0,0,0,0
122,5,2025-10-22,321,22,15,0,32,11,0,2,1,1,1,2,5,1,2,1,2
123,5,2025-10-22,322,22,15,0,30,11,4,4,1,0,3,3,8,1,3,2,2
124,5,2025-10-22,323,22,15,0,25,9,4,0,1,1,2,2,4,0,1,1,1
125,5,2025-10-22,325,22,15,0,8,3,2,1,1,0,1,2,4,0,1,1,1
126,5,2025-10-22,326,22,15,0,9,4,0,3,0,0,1,2,3,0,1,0,0
127,5,2025-10-22,328,22,15,0,5,5,2,2,0,0,1,3,5,1,2,1,1
128,5,2025-10-22,329,22,15,0,15,4,3,2,1,1,0,2,4,0,1,0,0
129,5,2025-10-22,330,22,15,0,13,5,3,0,0,0,1,1,3,0,1,1,1
130,6,2025-10-22,106,8,10,1,36,19,4,2,0,1,4,5,10,2,4,1,2
131,6,2025-10-22,107,8,10,1,39,16,5,5,2,0,2,5,12,1,3,2,3
132,6,2025-10-22,108,8,10,1,20,9,4,0,1,0,1,3,6,1,2,1,1
133,6,2025-10-22,109,8,10,1,23,6,7,2,1,0,1,3,6,0,1,1,1
134,6,2025-10-22,110,8,10,1,27,6,3,3,2,1,2,3,7,0,1,1,1
135,6,2025-10-22,111,8,10,1,28,8,6,3,1,0,1,3,6,1,2,1,2
136,6,2025-10-22,112,8,10,1,35,5,5,3,1,0,1,3,5,0,1,1,1
137,6,2025-10-22,113,8,10,1,26,6,5,1,1,0,1,2,5,0,1,1,1
138,6,2025-10-22,115,8,10,1,15,4,2,0,1,0,1,1,2,0,0,0,0
139,6,2025-10-22,117,8,10,1,18,4,1,1,0,0,1,1,2,0,1,0,0
140,6,2025-10-22,118,8,10,1,10,3,2,1,1,0,1,1,1,0,0,0,0
141,6,2025-10-22,119,8,10,1,19,4,0,1,0,0,1,3,5,0,1,1,1
142,6,2025-10-22,136,10,8,0,25,14,2,4,1,0,3,4,10,0,1,1,1
143,6,2025-10-22,137,10,8,0,33,11,7,3,1,1,3,4,8,1,3,1,2
144,6,2025-10-22,138,10,8,0,23,9,3,1,1,0,1,2,6,0,1,2,2
145,6,2025-10-22,139,10,8,0,24,5,4,1,1,0,1,2,5,0,1,1,1
146,6,2025-10-22,140,10,8,0,25,13,6,0,0,1,2,3,7,1,3,1,1
147,6,2025-10-22,141,10,8,0,24,12,4,0,1,0,0,3,6,0,1,1,1
148,6,2025-10-22,142,10,8,0,28,10,4,1,1,0,1,3,8,1,3,2,2
149,6,2025-10-22,143,10,8,0,27,7,7,3,1,0,1,2,4,1,2,2,2
150,6,2025-10-22,144,10,8,0,8,6,2,1,1,0,0,3,5,1,2,1,1
151,6,2025-10-22,145,10,8,0,13,3,0,2,1,0,2,1,2,0,1,0,0
152,6,2025-10-22,146,10,8,0,9,6,2,1,0,0,1,3,7,0,1,1,1
153,6,2025-10-22,148,10,8,0,7,6,1,1,0,0,1,2,5,1,2,1,1
154,6,2025-10-22,149,10,8,0,9,3,3,1,0,0,0,1,2,0,1,1,1
155,7,2025-10-23,241,17,30,1,36,27,8,5,1,1,3,5,13,1,2,3,4
156,7,2025-10-23,242,17,30,1,33,18,8,5,0,0,5,5,11,0,1,2,3
157,7,2025-10-23,243,17,30,1,26,2,2,3,1,1,1,1,2,0,0,0,0
158,7,2025-10-23,244,17,30,1,23,10,4,3,1,0,1,4,8,0,1,2,2
159,7,2025-10-23,245,17,30,1,26,11,3,2,1,0,1,4,9,0,1,1,1
160,7,2025-10-23,246,17,30,1,29,10,7,1,1,1,3,3,7,0,1,1,1
161,7,2025-10-23,247,17,30,1,21,5,5,1,0,0,1,2,4,0,1,1,1
162,7,2025-10-23,248,17,30,1,20,7,4,3,1,0,1,3,6,1,2,0,0
163,7,2025-10-23,249,17,30,1,8,4,2,0,0,0,0,2,4,0,1,0,0
164,7,2025-10-23,250,17,30,1,4,4,1,1,0,1,0,2,6,1,2,0,0
165,7,2025-10-23,251,17,30,1,12,1,2,1,0,0,1,1,2,0,1,0,0
166,7,2025-10-23,253,17,30,1,12,5,0,0,1,0,1,2,4,1,2,1,1
167,7,2025-10-23,254,17,30,1,23,2,2,0,1,0,1,2,4,0,1,0,0
168,7,2025-10-23,255,17,30,1,4,7,4,1,1,0,1,2,4,0,1,1,1
169,7,2025-10-23,436,30,17,0,33,21,14,7,1,1,5,5,12,1,3,1,2
170,7,2025-10-23,437,30,17,0,26,28,5,2,0,1,2,8,13,2,5,4,6
171,7,2025-10-23,438,30,17,0,21,7,5,2,0,0,2,2,4,1,2,2,2
172,7,2025-10-23,439,30,17,0,20,8,2,5,1,0,1,3,6,1,2,2,2
173,7,2025-10-23,440,30,17,0,23,11,8,5,1,0,1,4,8,0,1,1,1
174,7,2025-10-23,441,30,17,0,29,11,3,0,0,0,2,4,7,1,2,2,2
175,7,2025-10-23,442,30,17,0,25,9,4,3,1,0,2,2,4,0,1,1,1
176,7,2025-10-23,443,30,17,0,30,16,9,3,1,0,1,3,8,1,3,2,2
177,7,2025-10-23,444,30,17,0,17,4,1,2,1,0,1,1,3,0,1,1,1
178,7,2025-10-23,445,30,17,0,16,1,4,1,0,0,1,1,1,0,0,0,0
179,7,2025-10-23,446,30,17,0,4,4,5,0,0,0,0,3,5,0,1,0,0
180,7,2025-10-23,447,30,17,0,11,2,3,1,1,0,1,1,2,0,0,0,0
181,7,2025-10-23,448,30,17,0,4,1,2,2,0,0,1,1,2,0,0,0,0
182,7,2025-10-23,449,30,17,0,4,6,0,2,0,0,1,2,4,1,2,1,1
183,8,2025-10-23,271,19,20,1,35,25,5,8,1,1,0,7,15,1,3,3,4
184,8,2025-10-23,272,19,20,1,37,20,7,4,2,1,3,6,13,2,5,3,4
185,8,2025-10-23,273,19,20,1,27,6,7,3,0,0,1,3,6,0,1,1,1
186,8,2025-10-23,274,19,20,1,17,8,2,2,0,0,2,2,5,1,2,1,1
187,8,2025-10-23,275,19,20,1,32,13,4,2,1,1,1,3,6,1,2,2,2
188,8,2025-10-23,276,19,20,1,24,7,6,0,0,0,2,2,6,1,2,0,0
189,8,2025-10-23,277,19,20,1,23,12,6,2,1,0,1,3,8,0,1,2,2
190,8,2025-10-23,278,19,20,1,21,15,1,0,1,1,2,5,10,0,1,2,3
191,8,2025-10-23,279,19,20,1,7,2,2,1,0,0,1,2,3,0,1,0,0
192,8,2025-10-23,280,19,20,1,13,2,1,2,0,0,1,2,4,0,1,0,0
193,8,2025-10-23,281,19,20,1,14,3,4,0,0,0,0,1,1,0,0,0,0
194,8,2025-10-23,282,19,20,1,14,7,2,1,0,0,1,3,7,1,2,1,1
195,8,2025-10-23,283,19,20,1,4,4,1,0,1,0,1,3,5,0,1,1,1
196,8,2025-10-23,284,19,20,1,9,3,1,0,1,0,0,3,5,1,2,0,0
197,8,2025-10-23,285,19,20,1,11,7,4,3,0,0,1,1,3,0,1,2,2
198,8,2025-10-23,286,20,19,0,32,26,4,5,1,1,1,5,12,2,5,1,2
199,8,2025-10-23,287,20,19,0,34,16,2,4,0,0,2,5,10,1,4,3,4
200,8,2025-10-23,288,20,19,0,17,12,6,3,1,1,2,5,10,1,4,3,3
201,8,2025-10-23,289,20,19,0,24,13,4,3,1,1,2,5,10,2,4,2,2
202,8,2025-10-23,290,20,19,0,22,10,5,3,1,1,2,3,7,1,3,1,2
203,8,2025-10-23,291,20,19,0,24,11,8,7,0,1,2,5,9,1,2,3,3
204,8,2025-10-23,292,20,19,0,26,8,1,3,1,1,0,2,6,1,2,1,1
205,8,2025-10-23,293,20,19,0,28,12,3,2,0,1,1,3,7,0,1,1,1
206,8,2025-10-23,294,20,19,0,5,2,2,0,1,0,1,1,3,0,0,0,0
207,8,2025-10-23,296,20,19,0,19,3,0,3,0,0,1,1,3,0,0,1,1
208,8,2025-10-23,298,20,19,0,6,2,1,1,1,0,1,1,2,0,1,0,0
209,8,2025-10-23,299,20,19,0,12,3,3,1,1,0,1,2,4,0,1,0,0
210,8,2025-10-23,300,20,19,0,12,9,2,1,1,0,1,5,8,1,3,1,2
211,9,2025-10-23,91,7,29,1,34,22,7,6,1,1,2,6,12,1,3,1,2
212,9,2025-10-23,92,7,29,1,36,20,6,0,1,1,4,6,14,1,4,3,4
213,9,2025-10-23,93,7,29,1,24,13,5,3,1,0,2,5,10,1,2,1,1
214,9,2025-10-23,94,7,29,1,15,13,3,0,1,0,1,3,6,1,2,1,2
215,9,2025-10-23,95,7,29,1,24,9,5,1,1,0,0,2,4,0,1,1,1
216,9,2025-10-23,96,7,29,1,29,14,3,4,1,1,2,4,9,1,3,1,1
217,9,2025-10-23,97,7,29,1,24,14,5,5,1,1,1,3,7,0,1,2,3
218,9,2025-10-23,98,7,29,1,17,9,7,3,1,0,1,2,5,0,1,1,1
219,9,2025-10-23,99,7,29,1,6,6,2,2,1,0,1,4,7,1,2,1,1
220,9,2025-10-23,100,7,29,1,13,4,1,0,0,1,1,1,2,0,0,1,1
221,9,2025-10-23,101,7,29,1,8,7,1,2,0,1,1,1,3,0,1,2,2
222,9,2025-10-23,104,7,29,1,12,5,3,1,0,0,1,2,4,0,1,1,1
223,9,2025-10-23,105,7,29,1,4,3,0,2,1,0,0,1,2,0,0,0,0
224,9,2025-10-23,421,29,7,0,32,16,5,5,0,1,2,5,9,1,4,2,3
225,9,2025-10-23,422,29,7,0,33,20,6,7,1,0,4,6,13,2,5,1,2
226,9,2025-10-23,423,29,7,0,18,10,1,1,0,0,1,2,5,0,1,2,2
227,9,2025-10-23,424,29,7,0,27,7,4,1,0,0,1,1,3,0,1,1,1
228,9,2025-10-23,425,29,7,0,21,12,1,1,1,0,3,4,7,1,2,1,2
229,9,2025-10-23,426,29,7,0,27,10,6,3,1,1,1,3,7,1,2,1,1
230,9,2025-10-23,427,29,7,0,24,7,5,4,1,0,1,2,3,0,0,1,1
231,9,2025-10-23,428,29,7,0,23,11,7,0,1,1,1,2,5,0,1,1,1
232,9,2025-10-23,429,29,7,0,10,4,3,3,0,0,1,2,4,0,1,0,0
233,9,2025-10-23,430,29,7,0,11,4,3,0,0,1,0,1,2,0,1,0,0
234,9,2025-10-23,431,29,7,0,14,0,2,2,1,1,1,2,3,0,1,0,0
235,9,2025-10-23,432,29,7,0,22,6,2,1,0,0,1,3,5,0,1,1,1
236,9,2025-10-23,433,29,7,0,10,4,1,2,0,0,1,3,6,1,2,1,1
237,9,2025-10-23,434,29,7,0,4,8,2,1,0,0,1,3,6,0,1,1,1
238,9,2025-10-23,435,29,7,0,13,3,3,2,1,0,2,0,1,0,0,1,1
239,10,2025-10-23,121,9,18,1,32,17,4,3,1,1,2,6,11,1,2,1,2
240,10,2025-10-23,122,9,18,1,32,36,7,11,1,0,1,9,19,2,7,4,5
241,10,2025-10-23,123,9,18,1,27,4,6,3,2,1,3,2,4,0,0,1,1
242,10,2025-10-23,124,9,18,1,23,6,3,4,1,0,2,2,4,1,2,0,0
243,10,2025-10-23,125,9,18,1,26,12,4,2,1,1,1,3,6,1,3,2,3
244,10,2025-10-23,126,9,18,1,35,14,2,2,1,1,2,5,11,1,3,2,2
245,10,2025-10-23,127,9,18,1,18,15,7,0,1,1,2,4,8,1,2,1,1
246,10,2025-10-23,128,9,18,1,22,7,6,2,1,0,0,2,5,0,1,2,2
247,10,2025-10-23,129,9,18,1,17,6,1,1,1,0,1,2,4,1,2,1,1
248,10,2025-10-23,130,9,18,1,10,3,3,1,0,0,1,1,3,0,1,1,1
249,10,2025-10-23,131,9,18,1,18,7,1,3,1,0,1,3,6,0,1,1,1
250,10,2025-10-23,132,9,18,1,7,6,5,1,1,0,1,2,4,0,1,1,1
251,10,2025-10-23,133,9,18,1,23,8,4,1,1,0,1,3,6,1,2,1,1
252,10,2025-10-23,134,9,18,1,15,6,3,1,0,0,1,1,3,0,1,1,1
253,10,2025-10-23,135,9,18,1,12,7,2,1,1,0,1,2,6,0,1,1,1
254,10,2025-10-23,256,18,9,0,36,26,5,5,1,1,2,8,15,2,5,4,5
255,10,2025-10-23,257,18,9,0,37,11,7,3,2,1,5,4,9,0,1,2,3
256,10,2025-10-23,258,18,9,0,21,10,4,1,1,1,3,3,7,1,2,1,1
257,10,2025-10-23,259,18,9,0,28,9,2,4,1,0,2,2,4,1,2,1,1
258,10,2025-10-23,260,18,9,0,25,13,6,5,1,1,2,4,8,1,3,3,3
259,10,2025-10-23,261,18,9,0,28,11,2,2,2,1,1,4,8,1,3,1,2
260,10,2025-10-23,262,18,9,0,26,9,4,0,1,0,2,3,8,0,1,1,1
261,10,2025-10-23,263,18,9,0,27,7,2,1,1,0,2,3,7,1,3,1,1
262,10,2025-10-23,264,18,9,0,10,0,2,1,0,0,0,0,1,0,0,0,0
263,10,2025-10-23,267,18,9,0,9,3,2,0,0,0,1,0,1,0,0,0,0
264,10,2025-10-23,268,18,9,0,11,1,3,1,1,0,0,1,2,0,1,0,0
265,10,2025-10-23,270,18,9,0,11,7,4,2,0,0,1,3,7,0,1,2,2
266,11,2025-10-23,46,4,2,1,36,17,3,3,1,1,3,6,10,1,2,2,3
267,11,2025-10-23,47,4,2,1,27,17,7,6,2,1,2,4,8,1,3,2,3
268,11,2025-10-23,48,4,2,1,18,5,1,3,1,0,1,2,5,1,2,1,1
269,11,2025-10-23,49,4,2,1,15,8,3,4,1,0,2,3,6,1,2,1,1
270,11,2025-10-23,50,4,2,1,15,8,2,1,1,1,2,3,8,1,2,1,1
271,11,2025-10-23,51,4,2,1,26,18,4,6,1,1,1,5,12,1,3,3,3
272,11,2025-10-23,52,4,2,1,24,13,6,1,1,0,1,4,9,1,2,1,1
273,11,2025-10-23,53,4,2,1,14,13,4,1,1,0,1,4,9,1,3,1,2
274,11,2025-10-23,54,4,2,1,4,4,3,1,0,0,0,3,6,0,1,1,1
275,11,2025-10-23,55,4,2,1,6,5,4,2,0,0,1,3,5,0,1,1,1
276,11,2025-10-23,56,4,2,1,16,5,3,1,0,0,0,1,3,0,1,0,0
277,11,2025-10-23,57,4,2,1,11,1,4,1,1,0,1,0,1,0,0,0,0
278,11,2025-10-23,58,4,2,1,13,8,1,1,0,0,1,3,7,1,3,0,0
279,11,2025-10-23,16,2,4,0,28,22,5,6,1,1,4,7,13,1,2,2,3
280,11,2025-10-23,17,2,4,0,32,23,8,5,0,0,3,7,15,2,6,2,3
281,11,2025-10-23,18,2,4,0,18,13,5,3,0,1,1,3,6,1,2,2,2
282,11,2025-10-23,19,2,4,0,29,11,2,3,1,0,1,4,8,1,3,1,1
283,11,2025-10-23,20,2,4,0,20,15,6,3,1,0,1,3,8,1,3,1,1
284,11,2025-10-23,21,2,4,0,16,11,8,1,1,0,2,2,5,0,1,1,1
285,11,2025-10-23,22,2,4,0,27,14,5,0,1,0,0,4,8,0,1,3,3
286,11,2025-10-23,23,2,4,0,25,9,5,0,1,0,1,2,4,0,1,1,1
287,11,2025-10-23,24,2,4,0,20,8,3,2,1,0,1,3,5,1,2,1,2
288,11,2025-10-23,25,2,4,0,10,7,0,1,1,0,0,3,7,1,3,1,1
289,11,2025-10-23,27,2,4,0,10,5,2,1,1,0,1,2,4,0,1,1,1
290,12,2025-10-23,181,13,16,1,33,30,9,7,1,0,1,9,17,1,2,2,3
291,12,2025-10-23,182,13,16,1,30,23,4,6,2,0,4,7,13,1,2,2,2
292,12,2025-10-23,183,13,16,1,26,7,3,0,1,1,1,3,7,1,2,1,1
293,12,2025-10-23,184,13,16,1,22,6,3,2,2,0,2,2,5,0,1,1,1
294,12,2025-10-23,185,13,16,1,13,8,3,1,1,0,2,4,8,1,4,2,2
295,12,2025-10-23,186,13,16,1,28,8,5,3,1,0,0,2,5,0,1,2,2
296,12,2025-10-23,187,13,16,1,31,10,4,0,0,0,2,3,7,1,3,1,2
297,12,2025-10-23,188,13,16,1,25,10,2,2,0,1,1,4,8,0,1,2,2
298,12,2025-10-23,189,13,16,1,14,4,3,3,0,0,1,3,6,0,1,0,0
299,12,2025-10-23,190,13,16,1,15,3,2,0,0,0,1,1,2,0,0,1,1
300,12,2025-10-23,191,13,16,1,12,7,3,1,0,0,1,2,3,0,1,1,1
301,12,2025-10-23,193,13,16,1,11,6,3,2,1,0,1,3,6,0,1,1,1
302,12,2025-10-23,194,13,16,1,9,5,5,0,0,0,0,1,2,0,1,1,1
303,12,2025-10-23,226,16,13,0,38,15,3,12,2,1,4,5,10,1,3,2,2
304,12,2025-10-23,227,16,13,0,34,20,6,8,1,1,2,5,10,1,2,2,2
305,12,2025-10-23,228,16,13,0,26,6,5,2,1,0,3,3,6,0,1,1,1
306,12,2025-10-23,229,16,13,0,16,15,8,5,1,0,2,5,9,1,2,2,2
307,12,2025-10-23,230,16,13,0,25,4,6,2,0,0,1,1,3,0,1,1,1
308,12,2025-10-23,231,16,13,0,20,14,4,6,1,0,2,4,7,1,2,1,2
309,12,2025-10-23,232,16,13,0,29,11,4,4,1,0,1,3,7,1,2,1,1
310,12,2025-10-23,233,16,13,0,27,8,3,5,0,1,2,2,5,1,2,1,2
311,12,2025-10-23,234,16,13,0,19,7,3,2,0,0,1,2,5,0,1,1,1
312,12,2025-10-23,236,16,13,0,14,7,3,1,0,0,2,2,6,1,2,1,1
313,12,2025-10-23,238,16,13,0,18,6,2,1,0,0,0,2,4,0,1,0,0
314,12,2025-10-23,240,16,13,0,7,4,1,1,0,0,1,3,5,0,1,0,0
315,13,2025-10-24,361,25,1,1,33,23,6,3,1,1,4,7,14,2,4,1,2
316,13,2025-10-24,362,25,1,1,36,21,4,5,1,1,3,5,11,0,1,3,4
317,13,2025-10-24,363,25,1,1,19,8,5,1,1,0,2,4,8,1,3,2,2
318,13,2025-10-24,364,25,1,1,23,6,3,0,1,1,2,3,6,0,1,1,1
319,13,2025-10-24,365,25,1,1,32,13,3,2,1,0,2,3,7,1,2,2,3
320,13,2025-10-24,366,25,1,1,26,11,1,2,0,0,2,2,6,1,2,1,2
321,13,2025-10-24,367,25,1,1,21,7,1,5,1,0,2,3,5,1,2,1,1
322,13,2025-10-24,368,25,1,1,30,8,2,1,1,0,0,2,5,1,2,1,1
323,13,2025-10-24,370,25,1,1,9,3,2,2,0,0,1,2,4,0,1,0,0
324,13,2025-10-24,371,25,1,1,14,7,0,1,1,0,1,2,4,0,1,1,1
325,13,2025-10-24,372,25,1,1,7,5,2,3,1,0,1,3,5,1,2,0,0
326,13,2025-10-24,373,25,1,1,16,2,3,2,0,0,0,2,5,0,1,0,0
327,13,2025-10-24,374,25,1,1,7,2,2,3,1,0,1,2,5,1,2,0,0
328,13,2025-10-24,375,25,1,1,5,6,3,0,0,0,1,1,3,0,1,1,1
329,13,2025-10-24,1,1,25,0,32,17,3,3,0,1,3,5,10,1,3,3,3
330,13,2025-10-24,2,1,25,0,31,12,9,5,3,0,3,5,9,1,4,3,3
331,13,2025-10-24,3,1,25,0,27,6,3,2,0,0,1,3,6,1,3,0,0
332,13,2025-10-24,4,1,25,0,20,4,4,5,1,1,0,1,2,0,1,0,0
333,13,2025-10-24,5,1,25,0,26,11,0,2,0,0,1,3,7,1,3,3,3
334,13,2025-10-24,6,1,25,0,38,4,6,2,0,0,0,3,6,1,2,0,0
335,13,2025-10-24,7,1,25,0,25,8,2,1,1,1,2,3,5,1,2,1,1
336,13,2025-10-24,8,1,25,0,22,12,3,4,1,0,1,5,9,1,2,2,3
337,13,2025-10-24,10,1,25,0,11,5,0,0,1,0,1,1,2,0,0,1,1
338,13,2025-10-24,12,1,25,0,6,3,3,0,1,0,1,1,2,0,1,1,1
339,13,2025-10-24,13,1,25,0,6,8,4,0,1,0,1,2,4,0,1,1,1
340,13,2025-10-24,15,1,25,0,6,5,2,2,1,0,1,2,4,0,1,1,1
341,14,2025-10-24,151,11,21,1,26,20,8,3,1,0,4,7,14,1,4,1,1
342,14,2025-10-24,152,11,21,1,28,15,3,3,1,1,3,4,9,1,3,1,2
343,14,2025-10-24,153,11,21,1,26,8,6,4,0,0,1,2,4,0,1,1,2
344,14,2025-10-24,154,11,21,1,13,10,3,4,0,0,0,4,8,0,1,1,1
345,14,2025-10-24,155,11,21,1,16,7,4,2,1,0,1,4,7,1,2,0,0
346,14,2025-10-24,156,11,21,1,22,8,2,3,1,0,2,3,7,1,3,0,0
347,14,2025-10-24,157,11,21,1,30,11,3,3,1,0,3,5,9,1,3,2,2
348,14,2025-10-24,158,11,21,1,19,14,0,3,1,0,2,4,8,1,3,1,1
349,14,2025-10-24,159,11,21,1,12,6,1,1,1,0,1,3,6,0,1,1,1
350,14,2025-10-24,160,11,21,1,8,2,2,1,1,0,1,1,2,0,1,0,0
351,14,2025-10-24,162,11,21,1,14,3,1,2,0,0,0,2,4,0,1,0,0
352,14,2025-10-24,164,11,21,1,7,3,3,2,1,0,0,0,1,0,0,0,0
353,14,2025-10-24,165,11,21,1,15,4,1,1,0,0,1,3,6,0,1,1,1
354,14,2025-10-24,301,21,11,0,35,22,6,2,1,0,3,5,12,1,4,1,2
355,14,2025-10-24,302,21,11,0,40,20,1,6,2,0,2,6,14,2,5,3,4
356,14,2025-10-24,303,21,11,0,23,5,2,2,1,1,1,2,6,1,2,1,1
357,14,2025-10-24,304,21,11,0,26,9,6,5,1,0,2,4,8,1,3,0,0
358,14,2025-10-24,305,21,11,0,28,9,4,4,1,0,2,3,7,0,1,1,1
359,14,2025-10-24,306,21,11,0,10,11,3,3,1,0,1,3,7,1,2,1,2
360,14,2025-10-24,307,21,11,0,28,8,4,4,1,1,0,2,4,0,1,1,1
361,14,2025-10-24,308,21,11,0,20,9,6,4,0,0,2,3,6,1,2,1,1
362,14,2025-10-24,309,21,11,0,12,7,0,0,0,0,0,2,4,0,1,0,0
363,14,2025-10-24,312,21,11,0,4,4,0,0,0,0,1,2,5,1,2,0,0
364,14,2025-10-24,313,21,11,0,13,3,3,1,1,0,2,1,2,0,0,0,0
365,14,2025-10-24,314,21,11,0,11,4,1,2,1,0,1,3,6,1,2,1,1
366,14,2025-10-24,315,21,11,0,7,2,1,0,1,0,1,2,4,0,1,0,0
367,15,2025-10-24,406,28,6,1,31,23,6,1,1,0,3,6,11,1,3,4,6
368,15,2025-10-24,407,28,6,1,33,25,11,3,1,0,3,8,16,3,7,5,6
369,15,2025-10-24,408,28,6,1,31,13,5,4,0,1,2,3,7,1,3,1,1
370,15,2025-10-24,409,28,6,1,26,11,9,3,1,1,1,3,5,1,2,1,1
371,15,2025-10-24,410,28,6,1,26,9,3,3,1,1,1,2,5,0,1,1,1
372,15,2025-10-24,411,28,6,1,17,8,5,1,1,0,2,2,5,1,2,1,2
373,15,2025-10-24,412,28,6,1,25,13,7,1,0,0,0,5,10,0,1,1,1
374,15,2025-10-24,413,28,6,1,22,9,4,2,1,0,2,2,5,1,2,1,2
375,15,2025-10-24,414,28,6,1,12,6,3,2,0,0,0,2,3,0,1,1,1
376,15,2025-10-24,415,28,6,1,6,6,3,1,0,0,1,2,4,0,1,0,0
377,15,2025-10-24,416,28,6,1,17,1,3,1,1,0,1,1,3,0,1,0,0
378,15,2025-10-24,420,28,6,1,15,4,3,0,1,0,2,2,3,0,1,1,1
379,15,2025-10-24,76,6,28,0,37,19,8,7,1,0,3,7,13,1,5,2,2
380,15,2025-10-24,77,6,28,0,33,13,10,3,2,0,2,4,7,1,2,2,2
381,15,2025-10-24,78,6,28,0,32,8,4,4,1,0,1,2,4,0,1,2,2
382,15,2025-10-24,79,6,28,0,21,14,4,2,1,0,1,5,10,1,3,1,1
383,15,2025-10-24,80,6,28,0,22,12,7,3,0,1,1,4,8,0,1,2,2
384,15,2025-10-24,81,6,28,0,25,8,5,1,1,0,1,2,4,1,2,1,1
385,15,2025-10-24,82,6,28,0,28,11,2,1,1,1,2,3,5,0,1,2,2
386,15,2025-10-24,83,6,28,0,21,9,7,1,1,0,1,4,8,0,1,1,1
387,15,2025-10-24,84,6,28,0,15,6,2,1,0,0,0,2,3,0,0,1,1
388,15,2025-10-24,85,6,28,0,4,5,1,2,0,0,1,1,3,0,1,1,1
389,15,2025-10-24,86,6,28,0,15,6,4,0,0,0,1,4,7,0,1,1,1
390,15,2025-10-24,87,6,28,0,4,1,0,2,0,0,1,2,4,0,1,0,0
391,15,2025-10-24,88,6,28,0,8,4,2,1,1,0,1,2,3,0,1,1,1
392,15,2025-10-24,89,6,28,0,14,5,1,1,1,0,1,1,2,0,0,0,0
393,15,2025-10-24,90,6,28,0,15,5,1,2,1,0,0,1,2,0,0,1,1
394,16,2025-10-24,1,1,22,1,33,14,4,7,1,0,4,6,10,1,2,1,1
395,16,2025-10-24,2,1,22,1,35,17,5,0,1,1,3,5,9,0,1,3,4
396,16,2025-10-24,3,1,22,1,30,7,3,0,0,0,1,1,3,0,0,1,1
397,16,2025-10-24,4,1,22,1,23,9,3,4,2,1,2,2,4,0,1,2,2
398,16,2025-10-24,5,1,22,1,26,10,6,1,1,0,1,4,9,1,3,2,2
399,16,2025-10-24,6,1,22,1,26,12,6,3,1,0,2,3,8,1,3,2,3
400,16,2025-10-24,7,1,22,1,21,15,6,6,1,0,1,4,10,1,2,1,1
401,16,2025-10-24,8,1,22,1,15,9,5,3,1,0,1,3,7,1,3,1,1
402,16,2025-10-24,10,1,22,1,7,0,2,1,1,0,1,2,4,0,1,0,0
403,16,2025-10-24,11,1,22,1,8,5,1,1,0,0,0,1,2,0,0,1,1
404,16,2025-10-24,12,1,22,1,16,7,4,3,0,0,0,1,3,0,1,1,1
405,16,2025-10-24,13,1,22,1,8,4,5,3,1,0,0,3,6,0,1,0,0
406,16,2025-10-24,14,1,22,1,16,8,3,0,0,0,1,4,8,1,3,1,1
407,16,2025-10-24,15,1,22,1,19,8,0,0,0,0,0,3,7,1,3,1,1
408,16,2025-10-24,316,22,1,0,28,21,6,7,1,1,3,7,14,2,5,3,4
409,16,2025-10-24,317,22,1,0,27,19,5,5,2,0,2,7,13,1,4,2,2
410,16,2025-10-24,318,22,1,0,25,12,5,1,1,0,2,4,7,1,3,2,3
411,16,2025-10-24,319,22,1,0,24,5,5,4,1,0,2,2,5,0,1,0,0
412,16,2025-10-24,320,22,1,0,19,11,5,1,0,0,1,3,5,1,2,1,1
413,16,2025-10-24,321,22,1,0,28,9,5,3,1,0,1,2,4,0,1,2,2
414,16,2025-10-24,322,22,1,0,27,12,10,2,1,0,1,4,10,0,1,2,2
415,16,2025-10-24,323,22,1,0,26,10,6,2,0,1,2,2,5,0,1,1,1
416,16,2025-10-24,324,22,1,0,19,0,4,1,1,0,1,2,4,0,1,0,0
417,16,2025-10-24,325,22,1,0,8,10,2,1,0,0,1,4,8,0,1,2,2
418,16,2025-10-24,326,22,1,0,11,4,0,0,0,0,1,3,6,1,2,0,0
419,16,2025-10-24,328,22,1,0,19,6,3,1,1,0,0,3,6,0,1,1,1
420,16,2025-10-24,329,22,1,0,16,0,1,1,0,0,1,1,2,0,0,0,0
421,17,2025-10-24,16,2,21,1,28,23,5,2,1,1,3,6,12,2,5,2,2
422,17,2025-10-24,17,2,21,1,34,24,1,1,1,1,1,6,11,1,4,3,4
423,17,2025-10-24,18,2,21,1,22,9,1,5,0,1,2,3,6,1,3,0,0
424,17,2025-10-24,19,2,21,1,29,15,6,2,1,1,1,4,8,0,1,3,4
425,17,2025-10-24,20,2,21,1,19,6,2,3,1,1,1,3,6,1,2,1,1
426,17,2025-10-24,21,2,21,1,27,10,3,1,0,0,2,5,8,1,3,1,1
427,17,2025-10-24,22,2,21,1,25,10,4,3,0,0,1,4,9,1,4,2,2
428,17,2025-10-24,23,2,21,1,23,8,4,4,0,0,2,3,5,1,2,1,2
429,17,2025-10-24,24,2,21,1,9,2,4,2,1,0,0,1,2,0,1,0,0
430,17,2025-10-24,25,2,21,1,18,9,2,0,1,1,1,3,7,0,1,2,2
431,17,2025-10-24,26,2,21,1,17,5,1,2,1,0,0,1,2,0,1,1,1
432,17,2025-10-24,27,2,21,1,9,4,5,3,0,0,1,3,5,1,2,1,1
433,17,2025-10-24,28,2,21,1,8,2,2,1,1,0,1,0,1,0,0,0,0
434,17,2025-10-24,30,2,21,1,18,7,1,2,1,0,0,3,6,0,1,1,1
435,17,2025-10-24,301,21,2,0,39,9,6,8,1,0,3,3,6,1,3,1,1
436,17,2025-10-24,302,21,2,0,31,15,5,0,2,0,3,5,10,1,2,2,3
437,17,2025-10-24,303,21,2,0,30,13,5,2,1,0,2,4,10,1,3,2,3
438,17,2025-10-24,304,21,2,0,30,13,5,3,1,0,1,4,9,1,3,2,3
439,17,2025-10-24,305,21,2,0,25,14,4,1,1,1,1,5,11,2,4,1,1
440,17,2025-10-24,306,21,2,0,29,4,5,0,1,1,3,1,3,0,1,1,1
441,17,2025-10-24,307,21,2,0,16,10,6,4,1,0,2,2,5,0,1,1,1
442,17,2025-10-24,308,21,2,0,28,16,8,3,1,0,1,4,9,1,3,1,2
443,17,2025-10-24,311,21,2,0,14,6,1,2,0,0,2,3,7,1,3,1,1
444,17,2025-10-24,312,21,2,0,17,4,1,1,1,0,0,3,6,0,1,1,1
445,17,2025-10-24,313,21,2,0,14,0,3,2,0,0,1,2,4,1,2,0,0
446,17,2025-10-24,314,21,2,0,17,8,2,0,0,0,1,3,6,1,2,1,1
447,17,2025-10-24,315,21,2,0,15,4,3,1,1,0,1,3,6,1,2,1,1
448,18,2025-10-24,256,18,27,1,34,22,8,8,0,0,1,7,14,1,2,4,5
449,18,2025-10-24,257,18,27,1,30,16,6,4,1,1,2,6,11,1,2,2,2
450,18,2025-10-24,258,18,27,1,30,12,3,2,1,1,1,2,6,1,2,2,2
451,18,2025-10-24,259,18,27,1,24,2,5,0,1,0,2,1,3,0,1,0,0
452,18,2025-10-24,260,18,27,1,26,15,6,4,1,1,2,5,9,0,1,2,3
453,18,2025-10-24,261,18,27,1,9,7,3,1,1,0,2,3,6,1,3,1,1
454,18,2025-10-24,262,18,27,1,23,5,0,0,0,1,1,2,4,0,1,0,0
455,18,2025-10-24,263,18,27,1,23,12,2,3,0,0,2,4,8,1,3,1,1
456,18,2025-10-24,265,18,27,1,9,3,1,1,0,0,1,2,4,0,1,0,0
457,18,2025-10-24,267,18,27,1,5,4,2,1,0,0,1,2,6,1,2,1,1
458,18,2025-10-24,268,18,27,1,14,4,1,3,1,0,2,1,2,0,0,1,1
459,18,2025-10-24,269,18,27,1,7,4,3,1,1,0,1,2,4,0,1,1,1
460,18,2025-10-24,270,18,27,1,9,3,0,1,1,0,1,3,5,1,2,0,0
461,18,2025-10-24,391,27,18,0,37,23,6,3,1,1,4,6,12,1,3,3,5
462,18,2025-10-24,392,27,18,0,32,10,1,1,2,1,2,3,6,1,2,1,1
463,18,2025-10-24,393,27,18,0,20,13,3,3,1,0,2,4,7,1,2,1,2
464,18,2025-10-24,394,27,18,0,26,11,5,3,2,1,2,4,7,0,1,1,1
465,18,2025-10-24,395,27,18,0,28,12,9,4,0,0,1,4,7,1,3,1,1
466,18,2025-10-24,396,27,18,0,19,13,5,3,1,1,3,3,6,1,3,1,1
467,18,2025-10-24,397,27,18,0,25,7,4,0,1,0,2,2,4,0,1,1,1
468,18,2025-10-24,398,27,18,0,25,12,2,4,1,1,2,3,8,1,2,1,1
469,18,2025-10-24,400,27,18,0,7,4,1,1,1,0,1,3,5,1,2,1,1
470,18,2025-10-24,403,27,18,0,10,6,2,0,1,0,1,3,5,0,1,1,1
471,18,2025-10-24,404,27,18,0,15,5,4,2,0,0,1,1,2,0,0,1,1
472,18,2025-10-24,405,27,18,0,6,2,0,0,0,1,2,2,5,0,1,0,0
473,19,2025-10-25,196,14,16,1,33,24,9,5,2,0,3,6,11,1,3,3,4
474,19,2025-10-25,197,14,16,1,31,15,5,5,1,1,2,5,9,1,3,2,2
475,19,2025-10-25,198,14,16,1,29,10,5,3,1,0,1,4,9,1,3,1,1
476,19,2025-10-25,199,14,16,1,30,6,3,3,0,0,1,3,7,1,3,0,0
477,19,2025-10-25,200,14,16,1,15,17,4,1,1,1,1,6,12,1,5,1,1
478,19,2025-10-25,201,14,16,1,23,8,4,2,1,1,2,3,5,0,1,1,1
479,19,2025-10-25,202,14,16,1,24,9,5,2,2,0,0,4,8,1,3,2,2
480,19,2025-10-25,203,14,16,1,18,9,3,4,1,0,1,3,5,0,1,1,1
481,19,2025-10-25,205,14,16,1,12,0,5,0,0,0,0,1,3,0,1,0,0
482,19,2025-10-25,208,14,16,1,8,3,1,1,1,0,2,0,1,0,0,1,1
483,19,2025-10-25,209,14,16,1,16,2,1,2,1,1,0,2,4,0,1,0,0
484,19,2025-10-25,226,16,14,0,41,23,4,6,1,0,2,7,13,0,1,3,4
485,19,2025-10-25,227,16,14,0,32,20,4,7,0,2,2,6,11,1,3,3,4
486,19,2025-10-25,228,16,14,0,32,8,4,1,1,1,1,3,7,0,1,1,1
487,19,2025-10-25,229,16,14,0,15,4,2,3,1,1,2,2,4,1,2,0,0
488,19,2025-10-25,230,16,14,0,16,10,3,1,0,1,1,3,5,0,1,1,1
489,19,2025-10-25,231,16,14,0,28,5,5,3,1,0,1,2,3,0,1,0,0
490,19,2025-10-25,232,16,14,0,23,6,2,2,0,0,2,1,3,0,1,1,1
491,19,2025-10-25,233,16,14,0,28,5,7,2,0,0,2,1,2,0,0,1,1
492,19,2025-10-25,234,16,14,0,8,3,0,1,1,0,1,3,5,0,1,0,0
493,19,2025-10-25,235,16,14,0,11,8,0,0,1,0,0,3,6,0,1,2,2
494,19,2025-10-25,236,16,14,0,14,4,3,1,1,0,1,2,4,0,1,1,1
495,19,2025-10-25,237,16,14,0,19,3,1,1,0,0,1,0,1,0,0,0,0
496,20,2025-10-25,271,19,26,1,28,20,5,3,1,0,2,6,11,1,5,3,4
497,20,2025-10-25,272,19,26,1,39,15,9,4,1,1,3,6,11,0,1,2,2
498,20,2025-10-25,273,19,26,1,22,8,6,2,1,1,2,4,7,0,1,1,1
499,20,2025-10-25,274,19,26,1,32,15,0,2,1,0,1,3,7,0,1,1,2
500,20,2025-10-25,275,19,26,1,28,7,0,3,1,1,3,3,5,0,1,1,1
501,20,2025-10-25,276,19,26,1,21,7,5,0,0,1,2,1,3,0,0,1,1
502,20,2025-10-25,277,19,26,1,31,12,6,3,1,0,2,4,10,1,2,1,1
503,20,2025-10-25,278,19,26,1,27,9,4,3,0,0,1,2,4,0,0,1,1
504,20,2025-10-25,279,19,26,1,4,5,4,1,0,0,1,1,3,0,0,1,1
505,20,2025-10-25,280,19,26,1,22,10,5,2,0,0,1,3,7,0,1,1,2
506,20,2025-10-25,281,19,26,1,15,3,2,1,0,0,0,2,4,0,1,0,0
507,20,2025-10-25,282,19,26,1,12,4,2,2,1,0,0,2,3,0,1,1,1
508,20,2025-10-25,283,19,26,1,19,2,2,4,1,0,2,1,1,0,0,0,0
509,20,2025-10-25,284,19,26,1,13,3,0,1,1,0,0,2,5,1,2,0,0
510,20,2025-10-25,376,26,19,0,35,16,8,4,1,0,2,5,8,1,3,2,2
511,20,2025-10-25,377,26,19,0,37,23,5,4,1,1,4,7,14,1,3,3,3
512,20,2025-10-25,378,26,19,0,19,4,1,3,1,0,1,3,6,1,2,1,1
513,20,2025-10-25,379,26,19,0,29,3,1,1,1,1,1,1,1,0,0,0,0
514,20,2025-10-25,380,26,19,0,25,6,7,3,0,0,2,2,5,0,1,1,1
515,20,2025-10-25,381,26,19,0,26,6,0,1,1,1,2,2,5,0,1,1,1
516,20,2025-10-25,382,26,19,0,19,15,4,2,0,0,1,5,9,2,4,1,1
517,20,2025-10-25,383,26,19,0,26,13,7,3,0,1,1,6,10,1,3,3,3
518,20,2025-10-25,384,26,19,0,7,3,2,0,0,0,0,1,2,0,0,0,0
519,20,2025-10-25,385,26,19,0,11,6,3,0,0,0,1,3,7,0,1,1,1
520,20,2025-10-25,386,26,19,0,14,7,3,3,1,0,0,3,6,1,3,1,2
521,20,2025-10-25,390,26,19,0,24,2,1,1,0,0,2,2,3,0,1,0,0
522,21,2025-10-25,421,29,12,1,32,24,8,5,2,0,2,6,12,2,4,5,6
523,21,2025-10-25,422,29,12,1,36,27,12,5,1,0,1,7,17,2,7,3,4
524,21,2025-10-25,423,29,12,1,25,7,1,3,0,0,1,2,5,1,2,1,2
525,21,2025-10-25,424,29,12,1,32,3,8,1,1,1,3,2,4,1,2,0,0
526,21,2025-10-25,425,29,12,1,21,5,3,3,0,0,1,2,6,1,2,0,0
527,21,2025-10-25,426,29,12,1,25,11,7,4,1,1,1,2,5,0,1,1,1
528,21,2025-10-25,427,29,12,1,17,14,6,2,1,0,1,6,11,1,3,1,1
529,21,2025-10-25,428,29,12,1,42,5,4,1,0,0,0,1,2,0,1,1,1
530,21,2025-10-25,431,29,12,1,4,2,1,2,1,0,1,2,4,0,1,0,0
531,21,2025-10-25,434,29,12,1,19,9,2,2,1,0,0,3,6,1,2,2,2
532,21,2025-10-25,435,29,12,1,13,3,2,1,1,0,1,2,3,0,1,0,0
533,21,2025-10-25,166,12,29,0,33,15,6,5,1,1,3,4,10,2,4,1,2
534,21,2025-10-25,167,12,29,0,30,26,7,9,1,1,3,7,13,1,5,5,6
535,21,2025-10-25,168,12,29,0,27,13,4,2,1,0,1,3,6,1,2,2,2
536,21,2025-10-25,169,12,29,0,25,11,1,2,1,0,2,2,5,1,2,1,1
537,21,2025-10-25,170,12,29,0,25,7,2,2,0,0,2,2,3,0,1,1,1
538,21,2025-10-25,171,12,29,0,20,11,5,5,1,0,0,3,7,1,3,1,2
539,21,2025-10-25,172,12,29,0,19,15,4,4,1,0,1,3,7,1,3,2,3
540,21,2025-10-25,173,12,29,0,24,13,8,1,1,1,2,5,10,1,4,2,3
541,21,2025-10-25,175,12,29,0,4,4,6,1,0,0,1,2,5,0,1,1,1
542,21,2025-10-25,176,12,29,0,7,3,2,0,1,0,0,2,3,0,1,0,0
543,21,2025-10-25,178,12,29,0,19,8,3,1,1,0,0,2,4,0,1,1,1
544,21,2025-10-25,179,12,29,0,10,9,4,1,0,1,2,2,4,0,1,2,2
545,21,2025-10-25,180,12,29,0,16,4,1,2,0,0,1,2,6,1,2,1,1
546,22,2025-10-25,151,11,30,1,24,12,2,4,2,1,5,4,7,0,1,1,1
547,22,2025-10-25,152,11,30,1,33,18,2,2,0,1,1,4,9,2,4,2,3
548,22,2025-10-25,153,11,30,1,22,11,5,1,1,0,1,5,9,1,2,1,2
549,22,2025-10-25,154,11,30,1,21,12,4,2,1,0,1,5,9,1,4,1,1
550,22,2025-10-25,155,11,30,1,21,3,2,2,1,0,2,0,1,0,0,1,1
551,22,2025-10-25,156,11,30,1,28,9,6,1,1,1,0,3,6,1,2,1,2
552,22,2025-10-25,157,11,30,1,28,8,3,4,2,1,2,3,7,1,2,1,2
553,22,2025-10-25,158,11,30,1,26,8,2,2,0,1,2,2,4,0,1,1,1
554,22,2025-10-25,162,11,30,1,9,1,2,1,0,0,1,1,3,0,1,0,0
555,22,2025-10-25,164,11,30,1,17,4,0,1,0,0,0,2,4,0,1,1,1
556,22,2025-10-25,436,30,11,0,36,21,6,2,2,1,3,4,11,2,5,3,4
557,22,2025-10-25,437,30,11,0,29,28,9,2,2,1,3,6,13,2,4,2,2
558,22,2025-10-25,438,30,11,0,24,9,4,2,1,1,1,3,7,0,1,1,1
559,22,2025-10-25,439,30,11,0,24,7,4,1,1,0,1,1,3,0,1,1,1
560,22,2025-10-25,440,30,11,0,20,12,2,3,1,0,2,4,8,1,3,2,2
561,22,2025-10-25,441,30,11,0,25,5,5,3,1,1,2,1,3,0,1,1,1
562,22,2025-10-25,442,30,11,0,21,10,4,3,0,0,3,3,5,1,2,2,2
563,22,2025-10-25,443,30,11,0,21,6,3,2,1,0,1,2,4,0,1,1,1
564,22,2025-10-25,444,30,11,0,9,0,0,1,1,1,1,2,3,0,1,0,0
565,22,2025-10-25,445,30,11,0,12,2,2,1,0,0,1,2,4,0,1,0,0
566,22,2025-10-25,447,30,11,0,16,7,2,1,1,0,0,2,3,0,0,2,2
567,22,2025-10-25,450,30,11,0,14,4,3,1,1,0,1,3,5,0,1,1,1
568,23,2025-10-25,331,23,20,1,32,16,4,5,1,1,3,5,9,1,3,1,1
569,23,2025-10-25,332,23,20,1,36,13,7,6,2,0,2,3,7,0,1,1,1
570,23,2025-10-25,333,23,20,1,30,11,7,2,0,0,2,5,9,0,1,1,1
571,23,2025-10-25,334,23,20,1,15,15,6,2,0,0,1,4,11,1,2,1,1
572,23,2025-10-25,335,23,20,1,16,15,4,2,1,0,1,4,8,1,2,2,2
573,23,2025-10-25,336,23,20,1,25,12,5,2,1,0,1,3,7,1,2,1,1
574,23,2025-10-25,337,23,20,1,27,7,2,5,1,0,1,2,5,0,1,1,1
575,23,2025-10-25,338,23,20,1,38,6,0,3,1,0,1,3,7,1,2,1,1
576,23,2025-10-25,339,23,20,1,15,6,2,0,0,0,1,3,6,1,2,1,1
577,23,2025-10-25,340,23,20,1,14,3,1,2,0,0,0,1,2,0,0,1,1
578,23,2025-10-25,341,23,20,1,15,6,1,3,0,0,1,3,6,0,1,1,1
579,23,2025-10-25,342,23,20,1,9,5,0,1,1,0,2,3,6,1,2,1,1
580,23,2025-10-25,343,23,20,1,9,4,4,1,0,0,1,1,2,0,1,0,0
581,23,2025-10-25,345,23,20,1,12,3,3,1,0,0,1,2,3,0,0,0,0
582,23,2025-10-25,286,20,23,0,27,17,6,5,1,1,2,5,9,1,3,1,1
583,23,2025-10-25,287,20,23,0,28,17,3,4,1,1,4,6,11,1,3,2,2
584,23,2025-10-25,288,20,23,0,25,8,4,3,1,0,3,3,6,0,1,2,2
585,23,2025-10-25,289,20,23,0,23,10,4,1,1,1,1,3,6,0,1,1,1
586,23,2025-10-25,290,20,23,0,18,7,2,3,0,0,2,2,4,0,1,0,0
587,23,2025-10-25,291,20,23,0,27,6,5,3,1,0,2,2,4,0,1,0,0
588,23,2025-10-25,292,20,23,0,20,6,0,1,1,1,2,2,4,1,2,1,1
589,23,2025-10-25,293,20,23,0,16,10,3,3,1,0,1,4,7,0,1,1,1
590,23,2025-10-25,295,20,23,0,11,4,0,0,0,0,1,2,5,0,1,1,1
591,23,2025-10-25,296,20,23,0,9,2,0,1,0,0,1,0,1,0,0,0,0
592,23,2025-10-25,297,20,23,0,12,3,3,1,0,0,1,2,5,1,2,0,0
593,23,2025-10-25,298,20,23,0,4,3,2,0,0,0,1,2,4,0,1,0,0
594,23,2025-10-25,299,20,23,0,13,1,0,1,1,0,1,1,1,0,0,0,0
595,23,2025-10-25,300,20,23,0,10,4,2,0,0,0,0,2,4,0,1,0,0
596,24,2025-10-25,31,3,5,1,29,16,4,1,1,1,3,6,10,0,1,2,2
597,24,2025-10-25,32,3,5,1,29,26,9,6,2,1,4,6,14,2,6,3,3
598,24,2025-10-25,33,3,5,1,23,8,2,0,1,0,1,3,7,0,1,1,1
599,24,2025-10-25,34,3,5,1,28,11,5,2,1,1,1,4,7,0,1,1,2
600,24,2025-10-25,35,3,5,1,21,11,1,1,1,1,2,4,7,1,3,3,3
601,24,2025-10-25,36,3,5,1,28,6,5,0,1,0,1,3,5,0,1,1,1
602,24,2025-10-25,37,3,5,1,26,9,0,3,1,0,1,2,4,0,1,1,1
603,24,2025-10-25,38,3,5,1,24,8,0,4,1,1,0,3,6,0,1,2,2
604,24,2025-10-25,39,3,5,1,6,4,1,0,1,0,1,2,5,0,1,1,1
605,24,2025-10-25,40,3,5,1,11,5,1,2,1,0,0,3,6,1,2,1,1
606,24,2025-10-25,41,3,5,1,10,2,1,1,1,0,1,0,1,0,0,0,0
607,24,2025-10-25,43,3,5,1,10,5,3,0,1,0,1,2,5,0,1,0,0
608,24,2025-10-25,44,3,5,1,9,1,3,1,0,0,1,0,1,0,0,0,0
609,24,2025-10-25,45,3,5,1,12,5,2,0,0,0,1,2,6,1,2,0,0
610,24,2025-10-25,61,5,3,0,26,8,7,1,1,0,2,4,7,1,3,1,2
611,24,2025-10-25,62,5,3,0,29,12,6,11,1,1,3,3,7,1,2,1,1
612,24,2025-10-25,63,5,3,0,23,10,3,3,1,0,2,3,8,0,1,1,1
613,24,2025-10-25,64,5,3,0,20,9,2,2,1,1,1,2,6,0,1,2,2
614,24,2025-10-25,65,5,3,0,18,13,3,4,1,1,1,3,6,1,2,1,2
615,24,2025-10-25,66,5,3,0,26,11,4,3,0,0,1,5,9,0,1,2,2
616,24,2025-10-25,67,5,3,0,18,11,5,4,0,0,2,2,6,0,1,1,2
617,24,2025-10-25,68,5,3,0,20,14,4,3,1,0,2,5,11,2,4,2,2
618,24,2025-10-25,69,5,3,0,8,4,1,0,1,0,1,1,3,0,1,1,1
619,24,2025-10-25,70,5,3,0,15,7,3,0,0,0,1,2,5,0,1,1,1
620,24,2025-10-25,72,5,3,0,11,5,1,0,1,0,0,3,5,1,2,1,1
621,24,2025-10-25,73,5,3,0,8,4,3,3,1,0,0,3,6,1,2,1,1
622,24,2025-10-25,74,5,3,0,14,9,3,0,1,0,0,4,8,1,3,1,1
623,24,2025-10-25,75,5,3,0,12,1,1,2,1,0,0,1,2,0,1,0,0
624,25,2025-10-26,91,7,6,1,33,17,6,4,1,1,2,6,11,2,5,1,2
625,25,2025-10-26,92,7,6,1,36,24,6,4,2,1,3,5,12,1,4,5,6
626,25,2025-10-26,93,7,6,1,20,6,8,2,1,0,1,2,4,1,2,1,1
627,25,2025-10-26,94,7,6,1,30,7,1,4,0,0,1,2,4,0,1,1,1
628,25,2025-10-26,95,7,6,1,25,7,6,5,1,0,2,2,4,0,1,1,1
629,25,2025-10-26,96,7,6,1,29,13,3,3,1,1,1,4,9,1,3,1,1
630,25,2025-10-26,97,7,6,1,30,13,4,1,1,0,2,4,9,1,2,1,1
631,25,2025-10-26,98,7,6,1,23,11,1,2,0,0,1,3,6,1,2,1,2
632,25,2025-10-26,99,7,6,1,7,3,2,2,1,0,1,2,4,0,1,0,0
633,25,2025-10-26,100,7,6,1,21,2,2,2,1,0,1,1,3,0,0,0,0
634,25,2025-10-26,101,7,6,1,9,8,2,1,1,0,1,3,6,0,1,1,2
635,25,2025-10-26,105,7,6,1,10,7,5,2,0,0,0,3,6,1,2,0,0
636,25,2025-10-26,76,6,7,0,32,20,6,5,1,0,3,6,10,1,3,1,1
637,25,2025-10-26,77,6,7,0,37,19,5,3,1,1,2,5,12,1,4,1,1
638,25,2025-10-26,78,6,7,0,31,7,3,5,1,0,2,1,3,0,1,1,1
639,25,2025-10-26,79,6,7,0,26,7,5,4,2,0,2,3,6,0,1,1,1
640,25,2025-10-26,80,6,7,0,15,10,0,4,1,0,1,4,7,1,2,1,2
641,25,2025-10-26,81,6,7,0,28,11,4,2,1,0,1,3,5,0,1,1,2
642,25,2025-10-26,82,6,7,0,16,11,3,4,1,0,1,3,5,1,2,2,2
643,25,2025-10-26,83,6,7,0,23,7,4,5,1,0,2,2,5,1,2,1,1
644,25,2025-10-26,84,6,7,0,11,0,1,2,1,0,1,2,3,0,1,0,0
645,25,2025-10-26,85,6,7,0,14,0,4,1,0,0,1,1,1,0,0,0,0
646,25,2025-10-26,90,6,7,0,17,5,1,1,0,0,1,2,5,0,1,1,1
647,26,2025-10-26,211,15,25,1,32,22,5,0,1,1,4,7,14,2,6,3,3
648,26,2025-10-26,212,15,25,1,29,18,5,6,1,1,3,7,13,2,6,3,3
649,26,2025-10-26,213,15,25,1,29,6,3,4,1,1,2,3,6,1,2,1,1
650,26,2025-10-26,214,15,25,1,22,9,7,4,1,0,1,2,5,1,2,2,2
651,26,2025-10-26,215,15,25,1,27,11,4,2,1,1,2,4,9,1,2,2,2
652,26,2025-10-26,216,15,25,1,28,7,3,1,1,0,2,2,4,0,1,1,1
653,26,2025-10-26,217,15,25,1,23,8,4,3,1,0,1,2,5,1,2,1,1
654,26,2025-10-26,218,15,25,1,26,6,7,2,1,0,1,3,6,1,2,1,1
655,26,2025-10-26,219,15,25,1,13,4,3,1,1,0,1,2,3,0,1,0,0
656,26,2025-10-26,220,15,25,1,20,3,0,2,0,0,1,2,5,0,1,0,0
657,26,2025-10-26,221,15,25,1,7,2,5,2,0,0,0,1,1,0,0,0,0
658,26,2025-10-26,222,15,25,1,7,5,1,1,1,0,0,1,3,0,1,1,1
659,26,2025-10-26,224,15,25,1,15,5,1,1,0,0,0,2,5,0,1,1,1
660,26,2025-10-26,225,15,25,1,11,7,0,2,0,0,0,2,3,0,1,2,2
661,26,2025-10-26,361,25,15,0,36,14,8,4,1,0,4,6,11,1,4,1,1
662,26,2025-10-26,362,25,15,0,29,21,7,4,0,0,3,6,12,1,3,4,5
663,26,2025-10-26,363,25,15,0,21,10,8,1,1,0,1,5,9,2,4,1,1
664,26,2025-10-26,364,25,15,0,20,8,5,4,0,0,2,3,7,0,1,1,1
665,26,2025-10-26,365,25,15,0,22,18,4,5,1,0,1,7,13,1,4,1,1
666,26,2025-10-26,366,25,15,0,22,12,4,2,1,1,2,4,8,0,1,3,3
667,26,2025-10-26,367,25,15,0,27,17,4,2,1,0,2,7,12,0,1,2,2
668,26,2025-10-26,368,25,15,0,34,13,2,4,1,0,1,3,6,1,3,1,1
669,26,2025-10-26,369,25,15,0,13,2,3,1,0,0,1,2,4,0,1,0,0
670,26,2025-10-26,371,25,15,0,8,2,1,0,0,1,1,1,1,0,0,0,0
671,26,2025-10-26,372,25,15,0,8,5,4,1,0,0,1,1,2,0,1,1,1
672,26,2025-10-26,373,25,15,0,9,6,1,1,0,0,1,1,3,0,1,1,1
673,26,2025-10-26,375,25,15,0,15,2,2,3,1,0,1,0,1,0,0,0,0
674,27,2025-10-26,241,17,28,1,40,23,6,6,1,1,3,7,15,1,3,2,3
675,27,2025-10-26,242,17,28,1,36,23,6,3,0,0,2,7,13,2,6,2,3
676,27,2025-10-26,243,17,28,1,22,11,2,1,1,1,1,3,6,1,3,1,2
677,27,2025-10-26,244,17,28,1,22,12,5,2,1,0,1,3,6,0,1,1,2
678,27,2025-10-26,245,17,28,1,24,8,5,3,1,0,2,2,6,1,3,1,1
679,27,2025-10-26,246,17,28,1,26,6,5,2,1,0,2,2,4,0,0,1,1
680,27,2025-10-26,247,17,28,1,23,8,1,4,1,0,2,2,6,0,1,1,1
681,27,2025-10-26,248,17,28,1,21,10,5,5,1,0,1,4,9,1,3,1,1
682,27,2025-10-26,249,17,28,1,15,3,3,1,1,0,1,2,5,0,1,0,0
683,27,2025-10-26,250,17,28,1,12,6,3,1,1,0,0,2,4,0,0,1,1
684,27,2025-10-26,251,17,28,1,10,5,2,0,0,0,1,2,3,0,1,1,1
685,27,2025-10-26,253,17,28,1,20,4,3,1,0,1,1,2,5,1,2,0,0
686,27,2025-10-26,254,17,28,1,4,4,3,0,0,1,0,2,4,0,0,1,1
687,27,2025-10-26,255,17,28,1,21,3,2,1,1,0,1,1,2,0,1,1,1
688,27,2025-10-26,406,28,17,0,30,26,2,5,2,1,2,5,13,1,2,3,4
689,27,2025-10-26,407,28,17,0,39,32,0,4,0,0,2,6,15,2,6,5,7
690,27,2025-10-26,408,28,17,0,19,8,6,3,1,1,1,3,5,0,1,2,2
691,27,2025-10-26,409,28,17,0,22,7,4,2,1,0,1,2,4,0,0,0,0
692,27,2025-10-26,410,28,17,0,25,12,4,4,0,0,2,4,9,1,3,1,1
693,27,2025-10-26,411,28,17,0,20,11,6,3,1,1,1,5,9,1,2,1,1
694,27,2025-10-26,412,28,17,0,16,8,6,3,1,1,1,2,4,0,1,1,2
695,27,2025-10-26,413,28,17,0,14,4,2,2,2,0,2,2,3,0,1,1,1
696,27,2025-10-26,414,28,17,0,9,7,4,1,0,0,0,2,4,1,2,1,1
697,27,2025-10-26,415,28,17,0,16,0,2,2,0,0,0,1,1,0,0,0,0
698,27,2025-10-26,416,28,17,0,5,3,4,0,1,0,1,2,4,0,1,0,0
699,27,2025-10-26,417,28,17,0,12,7,2,3,0,0,1,3,7,1,3,1,1
700,27,2025-10-26,418,28,17,0,14,6,3,2,0,0,0,3,6,1,2,1,1
701,28,2025-10-26,346,24,13,1,31,10,5,4,1,1,3,5,9,1,3,2,2
702,28,2025-10-26,347,24,13,1,38,12,10,7,1,1,4,3,7,0,1,1,1
703,28,2025-10-26,348,24,13,1,20,5,3,4,1,0,1,3,6,1,3,1,1
704,28,2025-10-26,349,24,13,1,29,11,4,4,1,1,1,4,7,0,1,1,2
705,28,2025-10-26,350,24,13,1,29,7,3,4,0,1,3,3,7,1,2,0,0
706,28,2025-10-26,351,24,13,1,19,20,4,4,1,0,2,5,11,2,4,2,3
707,28,2025-10-26,352,24,13,1,15,7,2,6,1,1,2,2,6,0,1,1,1
708,28,2025-10-26,353,24,13,1,22,10,5,1,1,0,1,4,7,1,2,2,2
709,28,2025-10-26,356,24,13,1,21,2,2,0,1,0,2,0,1,0,0,0,0
710,28,2025-10-26,357,24,13,1,12,5,4,1,1,0,1,2,5,0,1,1,1
711,28,2025-10-26,358,24,13,1,10,7,5,0,1,0,0,2,4,0,1,1,1
712,28,2025-10-26,359,24,13,1,12,5,4,2,1,0,1,3,5,0,1,1,1
713,28,2025-10-26,360,24,13,1,11,4,4,1,0,0,1,2,5,0,1,1,1
714,28,2025-10-26,181,13,24,0,29,16,5,1,1,1,3,6,11,1,4,2,3
715,28,2025-10-26,182,13,24,0,35,22,8,7,1,1,3,7,13,2,5,2,2
716,28,2025-10-26,183,13,24,0,20,8,1,2,1,1,1,4,8,1,2,0,0
717,28,2025-10-26,184,13,24,0,30,10,1,3,1,0,2,4,8,0,1,2,2
718,28,2025-10-26,185,13,24,0,20,8,4,3,1,1,2,2,4,0,1,1,1
719,28,2025-10-26,186,13,24,0,20,4,6,0,0,1,1,2,3,0,1,1,1
720,28,2025-10-26,187,13,24,0,31,3,3,2,2,0,1,1,3,0,1,1,1
721,28,2025-10-26,188,13,24,0,32,13,1,1,1,1,1,3,7,1,2,1,2
722,28,2025-10-26,191,13,24,0,13,6,1,1,0,0,1,3,6,1,2,1,1
723,28,2025-10-26,192,13,24,0,4,4,0,2,1,0,0,3,5,1,2,1,1
724,28,2025-10-26,193,13,24,0,8,6,4,2,1,0,0,3,5,0,1,0,0
725,28,2025-10-26,195,13,24,0,17,8,3,2,0,0,1,2,4,0,1,1,1
726,29,2025-10-26,136,10,8,1,31,13,5,6,2,0,2,5,10,0,1,2,2
727,29,2025-10-26,137,10,8,1,30,16,3,7,1,1,3,5,11,1,5,2,3
728,29,2025-10-26,138,10,8,1,31,5,3,1,1,1,2,2,5,1,2,1,1
729,29,2025-10-26,139,10,8,1,26,11,6,4,1,0,1,2,5,1,2,3,3
730,29,2025-10-26,140,10,8,1,30,8,2,4,0,0,1,2,4,0,1,2,2
731,29,2025-10-26,141,10,8,1,28,10,4,1,1,1,2,2,5,0,1,1,1
732,29,2025-10-26,142,10,8,1,23,2,5,1,1,0,1,1,2,0,1,0,0
733,29,2025-10-26,143,10,8,1,21,6,2,2,0,0,3,2,5,0,1,0,0
734,29,2025-10-26,144,10,8,1,9,2,2,0,0,0,1,1,2,0,1,0,0
735,29,2025-10-26,145,10,8,1,23,5,3,3,0,1,1,1,2,0,0,1,1
736,29,2025-10-26,146,10,8,1,11,2,4,2,1,0,1,2,5,0,1,0,0
737,29,2025-10-26,148,10,8,1,6,1,0,0,0,0,1,1,1,0,0,0,0
738,29,2025-10-26,149,10,8,1,11,4,1,1,1,0,1,3,5,0,1,1,1
739,29,2025-10-26,150,10,8,1,18,2,3,1,0,0,0,1,1,0,0,0,0
740,29,2025-10-26,106,8,10,0,37,19,3,5,1,1,2,7,12,1,4,3,4
741,29,2025-10-26,107,8,10,0,32,10,0,2,1,0,2,2,5,0,1,1,1
742,29,2025-10-26,108,8,10,0,27,9,2,1,0,0,1,4,7,1,2,1,1
743,29,2025-10-26,109,8,10,0,27,7,4,2,0,0,1,3,6,1,2,1,1
744,29,2025-10-26,110,8,10,0,25,5,2,2,2,0,1,2,4,0,1,1,1
745,29,2025-10-26,111,8,10,0,24,6,3,2,1,1,1,2,5,0,1,1,1
746,29,2025-10-26,112,8,10,0,21,9,2,3,1,1,0,3,8,1,2,1,2
747,29,2025-10-26,113,8,10,0,33,9,3,1,1,0,1,4,7,0,1,1,1
748,29,2025-10-26,114,8,10,0,19,4,2,1,1,0,1,2,5,0,1,0,0
749,29,2025-10-26,115,8,10,0,6,4,3,0,0,0,0,3,6,0,1,1,1
750,29,2025-10-26,118,8,10,0,15,1,3,3,1,0,0,1,1,0,0,0,0
751,29,2025-10-26,120,8,10,0,26,5,3,2,1,1,1,2,4,0,1,1,1
752,30,2025-10-26,121,9,4,1,28,16,2,3,1,0,3,6,11,1,2,3,3
753,30,2025-10-26,122,9,4,1,36,22,4,9,1,0,1,6,13,1,2,3,3
754,30,2025-10-26,123,9,4,1,21,10,2,2,0,0,1,5,9,1,3,1,1
755,30,2025-10-26,124,9,4,1,20,6,5,3,1,0,3,2,4,0,1,0,0
756,30,2025-10-26,125,9,4,1,15,17,6,4,1,0,0,5,11,1,2,1,1
757,30,2025-10-26,126,9,4,1,21,6,7,1,1,1,2,3,7,0,1,1,1
758,30,2025-10-26,127,9,4,1,26,8,6,4,1,0,1,3,7,1,3,1,1
759,30,2025-10-26,128,9,4,1,25,6,3,1,1,0,0,1,3,0,0,1,1
760,30,2025-10-26,129,9,4,1,16,2,0,2,0,0,2,1,1,0,0,0,0
761,30,2025-10-26,130,9,4,1,13,3,2,1,0,0,1,1,2,0,1,0,0
762,30,2025-10-26,131,9,4,1,4,2,3,1,0,0,1,2,3,0,1,0,0
763,30,2025-10-26,132,9,4,1,12,4,3,1,1,1,1,2,4,1,2,0,0
764,30,2025-10-26,133,9,4,1,4,4,2,0,0,0,0,2,5,0,1,1,1
765,30,2025-10-26,46,4,9,0,30,22,4,5,1,1,2,6,14,2,6,2,2
766,30,2025-10-26,47,4,9,0,39,19,6,8,1,0,2,5,11,1,2,4,5
767,30,2025-10-26,48,4,9,0,19,9,8,3,1,0,1,5,8,1,3,2,2
768,30,2025-10-26,49,4,9,0,27,5,4,6,0,0,2,3,6,1,2,0,0
769,30,2025-10-26,50,4,9,0,26,11,6,2,1,0,2,5,9,1,2,2,2
770,30,2025-10-26,51,4,9,0,29,6,5,2,1,0,1,2,6,1,2,1,1
771,30,2025-10-26,52,4,9,0,17,4,2,3,0,0,2,3,6,1,2,1,1
772,30,2025-10-26,53,4,9,0,21,7,3,1,2,0,2,3,7,1,3,1,1
773,30,2025-10-26,55,4,9,0,12,2,0,1,1,0,0,1,1,0,0,0,0
774,30,2025-10-26,56,4,9,0,12,7,2,1,1,0,1,3,7,1,3,1,1
775,30,2025-10-26,59,4,9,0,7,4,2,1,1,0,1,1,2,0,1,1,1
776,31,2025-10-27,331,23,6,1,31,22,6,4,1,1,3,5,11,1,3,2,3
777,31,2025-10-27,332,23,6,1,39,25,6,2,1,1,4,6,12,1,4,4,6
778,31,2025-10-27,333,23,6,1,25,12,4,3,1,0,0,3,6,1,2,1,1
779,31,2025-10-27,334,23,6,1,21,9,4,2,1,0,0,4,8,0,1,2,2
780,31,2025-10-27,335,23,6,1,19,10,6,3,1,1,1,2,6,0,1,2,2
781,31,2025-10-27,336,23,6,1,18,9,4,3,0,0,0,3,7,1,3,1,2
782,31,2025-10-27,337,23,6,1,24,6,5,0,1,1,2,2,3,0,1,0,0
783,31,2025-10-27,338,23,6,1,27,14,4,2,1,0,1,4,9,1,3,2,2
784,31,2025-10-27,341,23,6,1,16,2,3,2,1,0,1,1,3,0,1,0,0
785,31,2025-10-27,342,23,6,1,12,6,3,1,0,0,1,3,6,1,2,1,1
786,31,2025-10-27,343,23,6,1,9,7,0,0,1,0,1,2,5,1,2,1,1
787,31,2025-10-27,344,23,6,1,13,4,3,0,1,0,0,3,6,0,1,1,1
788,31,2025-10-27,345,23,6,1,13,3,1,2,1,0,1,1,2,0,0,0,0
789,31,2025-10-27,76,6,23,0,41,10,8,5,2,0,3,3,5,0,1,1,2
790,31,2025-10-27,77,6,23,0,39,17,8,8,0,1,3,5,9,1,2,1,2
791,31,2025-10-27,78,6,23,0,22,7,2,4,1,0,2,3,6,0,1,0,0
792,31,2025-10-27,79,6,23,0,28,9,5,4,1,1,3,2,4,1,2,1,1
793,31,2025-10-27,80,6,23,0,27,11,3,0,1,0,2,3,6,0,1,1,1
794,31,2025-10-27,81,6,23,0,35,13,2,2,0,1,1,4,10,1,3,3,3
795,31,2025-10-27,82,6,23,0,17,9,1,1,1,0,1,2,4,0,1,1,1
796,31,2025-10-27,83,6,23,0,32,3,5,1,1,1,2,2,5,0,1,0,0
797,31,2025-10-27,84,6,23,0,9,3,3,1,0,1,0,2,4,0,1,1,1
798,31,2025-10-27,85,6,23,0,15,4,2,0,1,0,1,2,4,0,1,1,1
799,31,2025-10-27,86,6,23,0,13,2,3,0,1,0,1,1,2,0,1,0,0
800,31,2025-10-27,88,6,23,0,17,3,1,3,1,0,1,1,3,0,0,1,1
801,31,2025-10-27,89,6,23,0,16,0,0,2,1,0,1,1,2,0,0,0,0
802,31,2025-10-27,90,6,23,0,22,1,1,0,1,0,1,1,1,0,0,0,0
803,32,2025-10-27,226,16,20,1,36,19,10,8,1,0,4,4,10,1,2,2,3
804,32,2025-10-27,227,16,20,1,32,27,9,7,1,1,3,8,15,2,4,4,5
805,32,2025-10-27,228,16,20,1,30,11,6,3,1,0,2,5,8,1,3,1,1
806,32,2025-10-27,229,16,20,1,24,6,7,2,1,1,1,4,7,1,2,1,1
807,32,2025-10-27,230,16,20,1,19,11,5,3,0,1,2,3,8,0,1,2,2
808,32,2025-10-27,231,16,20,1,27,8,7,5,1,1,1,3,5,0,1,1,1
809,32,2025-10-27,232,16,20,1,21,8,4,3,1,0,1,3,7,0,1,1,1
810,32,2025-10-27,233,16,20,1,27,9,4,0,1,1,2,2,5,0,1,1,2
811,32,2025-10-27,236,16,20,1,4,7,1,0,1,1,1,3,6,1,2,1,1
812,32,2025-10-27,237,16,20,1,10,6,5,2,0,0,0,4,7,1,3,1,1
813,32,2025-10-27,238,16,20,1,10,6,2,1,1,0,1,2,4,0,0,1,1
814,32,2025-10-27,239,16,20,1,9,8,2,2,1,1,1,3,6,1,2,2,2
815,32,2025-10-27,240,16,20,1,14,2,3,0,1,0,0,2,4,0,1,0,0
816,32,2025-10-27,286,20,16,0,28,21,7,7,1,1,2,5,11,2,5,1,1
817,32,2025-10-27,287,20,16,0,30,24,4,5,1,1,3,6,13,2,4,2,3
818,32,2025-10-27,288,20,16,0,25,12,5,3,0,0,1,3,8,0,1,1,1
819,32,2025-10-27,289,20,16,0,18,10,6,1,0,1,1,3,7,0,1,1,2
820,32,2025-10-27,290,20,16,0,22,6,3,4,1,0,2,3,5,1,2,1,1
821,32,2025-10-27,291,20,16,0,31,11,7,3,1,0,1,3,6,1,2,2,3
822,32,2025-10-27,292,20,16,0,26,5,2,3,1,1,2,2,4,0,1,1,1
823,32,2025-10-27,293,20,16,0,20,5,1,1,0,1,2,2,4,0,0,1,1
824,32,2025-10-27,294,20,16,0,17,6,3,1,1,0,1,1,3,0,0,1,1
825,32,2025-10-27,295,20,16,0,15,7,4,2,1,1,1,2,4,1,2,1,1
826,32,2025-10-27,296,20,16,0,7,4,1,1,1,0,1,2,5,0,1,1,1
827,32,2025-10-27,297,20,16,0,4,4,0,1,0,0,1,2,6,0,1,0,0
828,32,2025-10-27,298,20,16,0,16,6,2,0,1,1,1,2,5,0,1,1,1
829,33,2025-10-27,121,9,8,1,31,8,9,1,1,1,4,2,4,0,1,1,1
830,33,2025-10-27,122,9,8,1,35,15,4,6,1,1,1,5,10,1,3,1,1
831,33,2025-10-27,123,9,8,1,27,6,5,0,1,1,0,4,7,1,2,1,1
832,33,2025-10-27,124,9,8,1,15,10,6,5,1,0,1,4,8,0,1,1,1
833,33,2025-10-27,125,9,8,1,23,11,3,3,1,0,2,3,7,1,3,2,2
834,33,2025-10-27,126,9,8,1,22,14,6,3,1,0,1,3,8,1,2,1,2
835,33,2025-10-27,127,9,8,1,17,6,7,2,1,1,2,3,6,1,2,1,1
836,33,2025-10-27,128,9,8,1,31,6,7,2,1,1,1,2,6,1,2,1,1
837,33,2025-10-27,130,9,8,1,17,3,2,0,0,0,0,3,5,1,2,1,1
838,33,2025-10-27,131,9,8,1,10,5,2,1,1,0,1,3,6,0,1,0,0
839,33,2025-10-27,132,9,8,1,12,3,2,2,1,0,1,0,1,0,0,1,1
840,33,2025-10-27,133,9,8,1,12,0,1,2,1,0,1,1,2,0,1,0,0
841,33,2025-10-27,134,9,8,1,14,5,2,1,1,0,0,1,2,0,1,1,1
842,33,2025-10-27,106,8,9,0,33,20,6,3,2,1,2,5,11,1,3,3,5
843,33,2025-10-27,107,8,9,0,32,14,6,3,0,1,5,6,11,1,3,2,3
844,33,2025-10-27,108,8,9,0,18,17,4,3,1,0,2,7,12,1,2,1,1
845,33,2025-10-27,109,8,9,0,18,13,2,3,1,0,0,3,9,1,2,2,2
846,33,2025-10-27,110,8,9,0,21,11,5,0,1,1,2,3,7,1,2,1,1
847,33,2025-10-27,111,8,9,0,27,6,5,5,1,0,2,2,6,1,2,0,0
848,33,2025-10-27,112,8,9,0,23,11,4,1,2,1,1,5,9,1,2,1,1
849,33,2025-10-27,113,8,9,0,29,8,2,3,1,0,3,2,4,0,1,1,1
850,33,2025-10-27,114,8,9,0,6,2,1,1,0,0,0,1,2,0,0,0,0
851,33,2025-10-27,116,8,9,0,10,5,3,1,1,0,1,1,3,0,1,1,1
852,33,2025-10-27,119,8,9,0,8,4,0,2,0,0,1,1,2,0,1,0,0
853,34,2025-10-27,196,14,4,1,25,20,5,3,1,1,3,5,11,1,2,3,4
854,34,2025-10-27,197,14,4,1,31,31,8,10,1,1,3,9,15,1,3,2,2
855,34,2025-10-27,198,14,4,1,32,7,3,2,1,1,2,3,5,1,2,1,1
856,34,2025-10-27,199,14,4,1,21,9,5,2,1,0,3,2,4,1,2,0,0
857,34,2025-10-27,200,14,4,1,23,1,0,1,1,1,2,1,1,0,0,0,0
858,34,2025-10-27,201,14,4,1,16,6,3,4,1,0,1,2,4,0,1,1,1
859,34,2025-10-27,202,14,4,1,16,10,4,4,1,1,1,4,9,0,1,1,1
860,34,2025-10-27,203,14,4,1,26,14,6,4,1,0,1,4,8,0,1,1,1
861,34,2025-10-27,205,14,4,1,14,3,0,1,1,0,1,2,3,0,1,0,0
862,34,2025-10-27,207,14,4,1,13,3,2,3,1,1,0,2,4,0,1,0,0
863,34,2025-10-27,208,14,4,1,17,9,3,2,1,0,1,4,8,2,4,1,1
864,34,2025-10-27,209,14,4,1,17,4,1,2,1,0,1,1,3,0,1,0,0
865,34,2025-10-27,46,4,14,0,33,21,5,7,1,1,3,5,11,1,3,4,5
866,34,2025-10-27,47,4,14,0,30,25,0,6,1,1,2,6,14,1,2,3,4
867,34,2025-10-27,48,4,14,0,21,4,2,3,1,0,2,2,6,1,2,0,0
868,34,2025-10-27,49,4,14,0,19,8,3,0,1,0,2,3,7,1,3,1,1
869,34,2025-10-27,50,4,14,0,23,11,4,4,1,0,0,4,9,1,3,1,2
870,34,2025-10-27,51,4,14,0,25,15,6,2,1,0,3,3,8,1,2,1,2
871,34,2025-10-27,52,4,14,0,24,8,4,1,1,0,2,3,5,0,1,1,1
872,34,2025-10-27,53,4,14,0,30,15,3,4,1,1,2,4,9,1,3,2,3
873,34,2025-10-27,55,4,14,0,4,5,3,2,1,0,1,2,4,1,2,1,1
874,34,2025-10-27,56,4,14,0,8,0,3,0,1,0,1,1,3,0,1,0,0
875,34,2025-10-27,57,4,14,0,8,4,4,0,0,0,0,2,3,0,1,0,0
876,34,2025-10-27,59,4,14,0,6,3,2,1,0,0,1,2,3,0,0,0,0
877,34,2025-10-27,60,4,14,0,4,8,1,2,0,0,1,5,8,1,2,1,2
878,35,2025-10-27,346,24,15,1,33,18,4,3,1,1,2,5,10,1,3,2,3
879,35,2025-10-27,347,24,15,1,36,18,7,3,2,1,0,6,13,1,3,3,3
880,35,2025-10-27,348,24,15,1,20,9,4,0,1,1,2,4,8,1,3,1,2
881,35,2025-10-27,349,24,15,1,21,14,3,0,1,0,2,4,8,0,1,2,2
882,35,2025-10-27,350,24,15,1,23,8,1,3,1,1,0,4,8,1,2,1,1
883,35,2025-10-27,351,24,15,1,19,9,6,2,1,0,1,2,4,0,1,1,1
884,35,2025-10-27,352,24,15,1,32,9,3,1,1,1,0,3,7,1,2,1,1
885,35,2025-10-27,353,24,15,1,27,11,1,2,1,1,0,2,6,1,2,1,1
886,35,2025-10-27,354,24,15,1,10,5,0,0,1,0,0,1,2,0,1,0,0
887,35,2025-10-27,355,24,15,1,12,3,1,2,0,0,1,2,3,0,1,0,0
888,35,2025-10-27,356,24,15,1,10,5,3,1,1,0,1,3,6,0,1,1,1
889,35,2025-10-27,357,24,15,1,6,5,1,2,0,1,2,1,2,0,0,1,1
890,35,2025-10-27,358,24,15,1,8,3,3,2,1,0,1,1,2,0,1,1,1
891,35,2025-10-27,211,15,24,0,38,24,5,9,1,1,1,6,13,2,5,3,3
892,35,2025-10-27,212,15,24,0,35,18,2,1,1,1,3,4,11,2,4,3,3
893,35,2025-10-27,213,15,24,0,21,10,5,3,0,0,2,2,5,0,1,2,2
894,35,2025-10-27,214,15,24,0,22,13,4,3,1,0,0,3,8,1,2,2,2
895,35,2025-10-27,215,15,24,0,24,11,3,2,1,1,2,3,9,1,3,2,2
896,35,2025-10-27,216,15,24,0,22,16,5,4,1,0,2,6,11,0,1,1,1
897,35,2025-10-27,217,15,24,0,27,10,6,3,1,1,2,5,9,1,2,1,1
898,35,2025-10-27,218,15,24,0,20,11,2,4,1,0,2,3,6,1,2,1,2
899,35,2025-10-27,219,15,24,0,11,8,2,2,1,0,1,4,8,0,1,1,1
900,35,2025-10-27,221,15,24,0,17,4,0,1,0,0,1,3,6,1,2,1,1
901,35,2025-10-27,222,15,24,0,13,6,2,1,0,0,2,2,5,0,1,1,1
902,35,2025-10-27,223,15,24,0,14,7,3,1,0,0,1,3,5,0,1,1,1
903,35,2025-10-27,225,15,24,0,4,5,2,2,0,0,1,3,6,0,1,1,1
904,36,2025-10-27,391,27,26,1,35,29,1,3,2,0,2,9,17,2,7,1,2
905,36,2025-10-27,392,27,26,1,32,17,11,1,1,1,3,3,8,1,3,3,4
906,36,2025-10-27,393,27,26,1,24,0,4,0,1,0,2,2,4,0,1,0,0
907,36,2025-10-27,394,27,26,1,31,8,5,3,1,1,2,3,7,1,2,1,2
908,36,2025-10-27,395,27,26,1,21,6,3,2,1,1,0,3,6,0,1,1,1
909,36,2025-10-27,396,27,26,1,23,7,2,4,1,0,1,4,7,1,2,1,1
910,36,2025-10-27,397,27,26,1,23,7,5,0,2,1,2,2,3,0,0,1,1
911,36,2025-10-27,398,27,26,1,21,9,4,3,1,0,1,2,5,0,1,1,1
912,36,2025-10-27,399,27,26,1,13,4,1,1,1,0,1,1,2,0,1,1,1
913,36,2025-10-27,400,27,26,1,9,5,3,2,0,0,1,3,6,1,3,1,1
914,36,2025-10-27,401,27,26,1,15,4,2,0,1,0,0,2,4,0,1,1,1
915,36,2025-10-27,402,27,26,1,15,7,2,1,1,0,0,4,7,0,1,1,1
916,36,2025-10-27,405,27,26,1,18,4,1,1,1,0,1,2,4,0,1,1,1
917,36,2025-10-27,376,26,27,0,34,20,9,7,1,0,3,5,13,2,5,3,4
918,36,2025-10-27,377,26,27,0,32,10,5,0,0,0,2,2,5,0,1,2,2
919,36,2025-10-27,378,26,27,0,25,13,4,1,1,1,1,5,10,1,2,2,3
920,36,2025-10-27,379,26,27,0,21,10,6,4,1,1,2,3,7,0,1,2,2
921,36,2025-10-27,380,26,27,0,24,12,3,3,1,0,1,3,6,1,2,2,2
922,36,2025-10-27,381,26,27,0,20,9,1,1,1,0,2,2,4,0,1,2,2
923,36,2025-10-27,382,26,27,0,21,11,2,2,2,0,4,2,5,1,2,2,3
924,36,2025-10-27,383,26,27,0,11,8,3,3,0,1,2,3,7,1,3,1,2
925,36,2025-10-27,384,26,27,0,12,3,2,1,1,0,0,2,3,0,1,1,1
926,36,2025-10-27,385,26,27,0,16,6,0,1,0,0,1,2,4,0,1,1,1
927,36,2025-10-27,386,26,27,0,6,7,2,0,1,0,0,3,5,0,1,1,2
928,36,2025-10-27,387,26,27,0,20,5,0,2,0,0,0,2,4,1,2,0,0
929,36,2025-10-27,388,26,27,0,4,3,2,1,1,1,1,0,1,0,0,0,0
930,36,2025-10-27,389,26,27,0,7,0,1,1,1,0,1,2,3,0,1,0,0
931,36,2025-10-27,390,26,27,0,4,3,3,2,0,0,0,2,4,0,1,1,1
932,37,2025-10-28,301,21,22,1,24,17,3,0,1,0,1,6,11,1,3,3,4
933,37,2025-10-28,302,21,22,1,35,14,7,5,2,0,2,5,10,1,2,2,2
934,37,2025-10-28,303,21,22,1,21,5,3,1,0,0,3,1,2,0,1,0,0
935,37,2025-10-28,304,21,22,1,22,10,4,4,1,0,2,4,9,1,3,1,1
936,37,2025-10-28,305,21,22,1,26,8,1,2,1,0,1,3,6,1,2,1,1
937,37,2025-10-28,306,21,22,1,30,7,2,4,1,0,2,2,4,0,1,1,1
938,37,2025-10-28,307,21,22,1,19,12,4,2,0,0,1,4,9,1,2,3,3
939,37,2025-10-28,308,21,22,1,18,11,4,5,1,1,2,4,8,0,1,1,1
940,37,2025-10-28,310,21,22,1,10,5,1,0,0,0,1,1,2,0,0,1,1
941,37,2025-10-28,312,21,22,1,19,1,1,0,1,0,1,1,3,0,1,0,0
942,37,2025-10-28,313,21,22,1,16,2,1,1,1,0,1,3,5,0,1,0,0
943,37,2025-10-28,316,22,21,0,26,26,6,7,1,1,3,7,16,2,6,5,6
944,37,2025-10-28,317,22,21,0,35,29,3,3,1,0,3,9,17,3,7,1,1
945,37,2025-10-28,318,22,21,0,29,11,2,2,1,1,1,3,6,0,1,2,3
946,37,2025-10-28,319,22,21,0,33,14,4,2,1,0,1,3,7,1,2,1,1
947,37,2025-10-28,320,22,21,0,25,4,2,4,1,1,1,2,5,0,1,1,1
948,37,2025-10-28,321,22,21,0,23,6,2,2,1,0,1,2,4,0,1,0,0
949,37,2025-10-28,322,22,21,0,21,16,3,2,1,1,2,6,12,1,4,1,1
950,37,2025-10-28,323,22,21,0,21,9,4,0,1,0,1,3,6,0,1,2,2
951,37,2025-10-28,324,22,21,0,17,2,1,2,0,0,0,1,2,0,0,0,0
952,37,2025-10-28,325,22,21,0,6,9,2,1,1,0,1,3,8,1,2,2,2
953,37,2025-10-28,326,22,21,0,14,6,1,1,1,0,1,2,5,0,1,0,0
954,37,2025-10-28,329,22,21,0,8,7,2,1,1,0,1,2,4,1,2,1,2
955,38,2025-10-28,361,25,7,1,38,18,3,5,1,0,3,5,12,1,2,2,3
956,38,2025-10-28,362,25,7,1,36,22,8,2,1,0,4,6,13,1,3,3,4
957,38,2025-10-28,363,25,7,1,24,8,7,2,1,1,2,4,8,0,1,1,1
958,38,2025-10-28,364,25,7,1,19,12,5,3,1,0,1,4,7,0,1,2,2
959,38,2025-10-28,365,25,7,1,25,7,3,3,1,0,2,3,7,0,1,1,1
960,38,2025-10-28,366,25,7,1,31,7,6,4,0,0,1,3,6,0,1,0,0
961,38,2025-10-28,367,25,7,1,27,10,3,2,0,0,2,5,8,1,2,2,2
962,38,2025-10-28,368,25,7,1,31,12,4,2,1,1,2,3,6,1,2,1,1
963,38,2025-10-28,371,25,7,1,11,2,3,0,0,0,0,3,5,1,2,0,0
964,38,2025-10-28,372,25,7,1,11,5,0,2,0,0,1,1,2,0,0,1,1
965,38,2025-10-28,373,25,7,1,10,5,1,2,0,0,1,1,3,0,1,0,0
966,38,2025-10-28,374,25,7,1,19,5,1,2,0,0,1,1,2,0,0,1,1
967,38,2025-10-28,375,25,7,1,22,2,2,1,1,0,0,1,3,0,1,0,0
968,38,2025-10-28,91,7,25,0,27,15,5,2,1,1,3,4,8,1,2,1,2
969,38,2025-10-28,92,7,25,0,32,22,6,0,1,0,4,8,14,1,2,4,5
970,38,2025-10-28,93,7,25,0,30,7,4,3,1,0,1,2,3,0,0,1,1
971,38,2025-10-28,94,7,25,0,13,10,7,0,1,1,1,3,5,0,1,1,1
972,38,2025-10-28,95,7,25,0,16,7,4,5,1,1,1,1,3,0,0,2,2
973,38,2025-10-28,96,7,25,0,30,3,7,4,1,0,2,1,3,0,0,0,0
974,38,2025-10-28,97,7,25,0,18,10,6,1,1,1,2,3,6,0,1,2,2
975,38,2025-10-28,98,7,25,0,24,8,4,3,1,1,1,2,5,1,2,1,1
976,38,2025-10-28,99,7,25,0,13,6,1,0,0,1,1,2,3,0,1,1,1
977,38,2025-10-28,100,7,25,0,20,5,2,1,0,0,1,2,5,0,1,1,1
978,38,2025-10-28,103,7,25,0,8,4,2,2,1,0,0,3,6,1,2,1,1
979,38,2025-10-28,105,7,25,0,11,3,3,1,0,0,1,0,1,0,0,0,0
980,39,2025-10-28,256,18,1,1,34,24,6,2,1,1,3,7,13,1,3,3,4
981,39,2025-10-28,257,18,1,1,36,16,10,3,1,1,2,4,8,0,1,1,1
982,39,2025-10-28,258,18,1,1,29,9,4,2,0,0,2,3,6,0,1,1,1
983,39,2025-10-28,259,18,1,1,23,4,5,1,1,0,1,2,3,0,1,0,0
984,39,2025-10-28,260,18,1,1,36,15,3,4,1,0,2,5,9,1,3,2,3
985,39,2025-10-28,261,18,1,1,16,14,4,5,0,0,1,5,11,1,2,2,3
986,39,2025-10-28,262,18,1,1,19,6,2,2,1,1,3,2,4,1,2,1,1
987,39,2025-10-28,263,18,1,1,21,5,3,3,1,1,1,1,2,0,1,1,1
988,39,2025-10-28,264,18,1,1,4,9,1,1,1,0,0,4,7,1,2,1,2
989,39,2025-10-28,265,18,1,1,11,5,4,1,0,0,1,2,4,0,1,1,1
990,39,2025-10-28,266,18,1,1,13,4,0,0,0,0,1,2,3,0,1,0,0
991,39,2025-10-28,267,18,1,1,16,6,2,0,1,0,1,2,5,1,2,1,1
992,39,2025-10-28,268,18,1,1,23,3,2,2,1,0,1,2,3,0,1,0,0
993,39,2025-10-28,270,18,1,1,5,4,2,1,0,0,0,1,3,0,0,1,1
994,39,2025-10-28,1,1,18,0,35,26,6,8,2,0,3,7,12,1,4,4,5
995,39,2025-10-28,2,1,18,0,31,8,2,4,1,1,1,3,8,0,1,1,2
996,39,2025-10-28,3,1,18,0,26,13,3,2,1,0,1,4,9,2,4,2,3
997,39,2025-10-28,4,1,18,0,36,9,2,0,1,0,2,2,6,1,2,1,1
998,39,2025-10-28,5,1,18,0,17,17,0,4,1,0,1,6,12,1,2,2,3
999,39,2025-10-28,6,1,18,0,18,7,8,1,0,1,1,3,5,1,2,1,1
1000,39,2025-10-28,7,1,18,0,33,9,4,3,1,0,2,2,4,0,1,1,2
1001,39,2025-10-28,8,1,18,0,22,8,4,3,1,1,1,3,6,1,2,1,1
1002,39,2025-10-28,11,1,18,0,11,4,2,1,0,0,1,1,3,0,1,0,0
1003,39,2025-10-28,14,1,18,0,13,5,0,1,1,0,1,2,4,0,1,0,0
1004,39,2025-10-28,15,1,18,0,8,4,1,1,0,0,1,1,2,0,1,1,1
1005,40,2025-10-28,241,17,30,1,34,17,5,5,0,1,3,4,10,0,1,1,1
1006,40,2025-10-28,242,17,30,1,35,21,7,7,1,2,3,5,13,1,2,2,2
1007,40,2025-10-28,243,17,30,1,20,3,2,1,1,0,1,1,2,0,0,0,0
1008,40,2025-10-28,244,17,30,1,21,9,4,3,1,0,2,3,8,1,2,1,2
1009,40,2025-10-28,245,17,30,1,30,7,3,2,1,1,1,2,4,0,1,1,1
1010,40,2025-10-28,246,17,30,1,30,8,2,6,1,1,2,3,6,1,2,1,1
1011,40,2025-10-28,247,17,30,1,23,8,4,3,1,0,1,4,8,1,3,2,2
1012,40,2025-10-28,248,17,30,1,29,9,3,1,0,0,3,4,8,1,3,1,1
1013,40,2025-10-28,250,17,30,1,15,6,2,1,1,0,1,3,6,0,1,1,1
1014,40,2025-10-28,251,17,30,1,14,6,2,2,0,0,0,2,6,0,1,1,1
1015,40,2025-10-28,252,17,30,1,17,3,1,0,1,0,0,1,3,0,1,1,1
1016,40,2025-10-28,253,17,30,1,15,5,3,1,0,0,1,3,5,1,2,1,1
1017,40,2025-10-28,436,30,17,0,44,14,6,2,2,0,2,4,7,0,1,1,1
1018,40,2025-10-28,437,30,17,0,31,26,4,0,2,0,4,5,13,1,4,1,2
1019,40,2025-10-28,438,30,17,0,14,12,2,2,1,1,1,4,7,1,3,1,1
1020,40,2025-10-28,439,30,17,0,15,7,8,4,1,1,2,3,5,0,1,1,1
1021,40,2025-10-28,440,30,17,0,23,9,6,0,1,0,2,3,7,1,2,1,1
1022,40,2025-10-28,441,30,17,0,31,10,3,1,0,0,1,3,9,1,2,2,2
1023,40,2025-10-28,442,30,17,0,23,16,6,2,1,0,1,4,9,2,4,3,4
1024,40,2025-10-28,443,30,17,0,9,8,2,4,1,0,1,4,8,1,3,1,2
1025,40,2025-10-28,444,30,17,0,5,7,3,0,0,1,1,2,5,1,2,0,0
1026,40,2025-10-28,445,30,17,0,5,5,1,1,1,0,0,3,6,0,1,1,1
1027,40,2025-10-28,447,30,17,0,14,6,2,1,0,1,2,2,3,0,1,1,1
1028,40,2025-10-28,448,30,17,0,8,1,0,3,0,0,1,2,3,0,1,0,0
1029,40,2025-10-28,449,30,17,0,14,2,2,3,1,0,0,1,2,0,1,0,0
1030,40,2025-10-28,450,30,17,0,13,4,1,3,1,0,1,2,4,0,1,1,1
1031,41,2025-10-28,406,28,11,1,31,33,9,4,1,0,2,7,17,1,5,4,5
1032,41,2025-10-28,407,28,11,1,31,24,4,5,2,0,3,4,11,2,5,4,5
1033,41,2025-10-28,408,28,11,1,21,10,1,0,0,0,2,3,8,1,2,2,2
1034,41,2025-10-28,409,28,11,1,27,11,3,1,1,1,3,3,5,0,1,1,1
1035,41,2025-10-28,410,28,11,1,23,11,7,3,0,1,2,3,7,0,1,1,1
1036,41,2025-10-28,411,28,11,1,30,11,3,1,1,0,1,4,8,1,2,1,1
1037,41,2025-10-28,412,28,11,1,18,8,4,0,0,1,1,3,6,1,3,1,1
1038,41,2025-10-28,413,28,11,1,23,7,4,0,1,0,2,3,6,0,1,1,1
1039,41,2025-10-28,414,28,11,1,12,6,1,1,1,1,1,4,7,1,2,0,0
1040,41,2025-10-28,416,28,11,1,19,7,2,1,0,0,0,3,6,0,1,0,0
1041,41,2025-10-28,420,28,11,1,8,2,1,2,0,1,1,3,5,1,2,0,0
1042,41,2025-10-28,151,11,28,0,31,9,4,7,1,1,1,2,4,1,2,1,1
1043,41,2025-10-28,152,11,28,0,30,19,7,4,2,0,1,6,13,2,6,4,5
1044,41,2025-10-28,153,11,28,0,29,6,2,4,1,0,1,1,3,0,1,0,0
1045,41,2025-10-28,154,11,28,0,25,12,3,3,0,0,1,4,9,1,2,2,3
1046,41,2025-10-28,155,11,28,0,23,9,0,3,1,1,2,2,5,0,1,2,2
1047,41,2025-10-28,156,11,28,0,21,15,2,2,0,0,2,5,10,1,2,2,2
1048,41,2025-10-28,157,11,28,0,25,9,3,5,0,0,1,2,4,0,1,1,1
1049,41,2025-10-28,158,11,28,0,23,8,0,2,1,0,0,4,7,1,3,0,0
1050,41,2025-10-28,160,11,28,0,12,4,0,2,0,0,0,2,5,0,1,1,1
1051,41,2025-10-28,161,11,28,0,17,7,1,0,1,1,0,2,5,1,2,1,1
1052,41,2025-10-28,162,11,28,0,19,6,2,2,0,0,1,2,3,0,1,1,1
1053,41,2025-10-28,163,11,28,0,5,5,1,0,0,0,1,2,5,1,2,1,1
1054,41,2025-10-28,165,11,28,0,9,7,1,1,1,0,1,3,7,1,3,1,2
1055,42,2025-10-28,271,19,3,1,30,22,7,6,0,1,3,7,14,2,4,2,3
1056,42,2025-10-28,272,19,3,1,27,25,1,3,1,1,4,6,14,1,2,5,6
1057,42,2025-10-28,273,19,3,1,18,10,2,3,2,1,0,2,5,0,1,1,1
1058,42,2025-10-28,274,19,3,1,20,11,8,2,1,0,2,3,6,0,1,1,1
1059,42,2025-10-28,275,19,3,1,25,10,4,3,1,0,0,3,6,1,3,1,1
1060,42,2025-10-28,276,19,3,1,22,16,3,4,2,1,2,5,11,2,4,2,2
1061,42,2025-10-28,277,19,3,1,19,11,6,2,1,0,2,4,8,0,1,1,1
1062,42,2025-10-28,278,19,3,1,29,9,2,2,1,1,2,2,4,0,1,1,1
1063,42,2025-10-28,279,19,3,1,9,4,3,1,0,0,0,1,2,0,1,0,0
1064,42,2025-10-28,280,19,3,1,11,7,0,0,1,0,0,3,6,0,1,1,1
1065,42,2025-10-28,281,19,3,1,7,3,1,1,1,0,0,2,4,1,2,1,1
1066,42,2025-10-28,282,19,3,1,8,5,0,1,1,0,1,1,2,0,1,1,1
1067,42,2025-10-28,283,19,3,1,14,3,3,0,1,0,1,2,4,0,1,0,0
1068,42,2025-10-28,284,19,3,1,5,8,0,4,1,0,0,2,5,0,1,1,2
1069,42,2025-10-28,285,19,3,1,10,6,1,0,1,0,0,2,4,0,1,0,0
1070,42,2025-10-28,31,3,19,0,27,27,10,7,1,1,3,6,16,1,4,5,6
1071,42,2025-10-28,32,3,19,0,40,32,7,5,1,0,2,10,18,2,5,4,5
1072,42,2025-10-28,33,3,19,0,29,9,3,0,1,0,2,3,6,0,1,1,1
1073,42,2025-10-28,34,3,19,0,27,8,2,2,1,0,2,2,5,0,1,1,1
1074,42,2025-10-28,35,3,19,0,22,7,2,5,2,0,1,2,3,0,1,0,0
1075,42,2025-10-28,36,3,19,0,23,10,4,3,1,0,2,3,7,1,2,2,2
1076,42,2025-10-28,37,3,19,0,33,12,3,2,1,1,3,5,10,1,4,2,2
1077,42,2025-10-28,38,3,19,0,28,8,7,2,0,0,2,4,8,1,2,1,2
1078,42,2025-10-28,39,3,19,0,17,3,0,0,1,0,1,1,2,0,1,0,0
1079,42,2025-10-28,41,3,19,0,15,3,0,1,0,0,1,3,5,0,1,0,0
1080,42,2025-10-28,42,3,19,0,18,5,3,0,1,0,1,3,5,0,1,1,1
1081,42,2025-10-28,43,3,19,0,15,4,2,2,1,0,0,2,4,0,1,0,0
1082,42,2025-10-28,45,3,19,0,17,1,3,1,0,0,0,2,4,0,1,0,0
1083,43,2025-11-01,16,2,13,1,31,23,5,3,1,1,3,5,12,1,3,2,3
1084,43,2025-11-01,17,2,13,1,37,32,12,1,1,1,4,10,18,3,8,5,6
1085,43,2025-11-01,18,2,13,1,23,8,8,2,1,0,1,2,6,1,2,1,2
1086,43,2025-11-01,19,2,13,1,31,10,1,3,1,1,3,3,5,0,1,1,1
1087,43,2025-11-01,20,2,13,1,25,7,5,4,0,1,1,3,6,0,1,1,1
1088,43,2025-11-01,21,2,13,1,27,19,5,5,1,0,0,6,11,1,3,1,1
1089,43,2025-11-01,22,2,13,1,28,9,8,3,1,0,1,3,5,0,1,1,1
1090,43,2025-11-01,23,2,13,1,28,10,8,3,1,1,2,3,6,0,1,1,1
1091,43,2025-11-01,24,2,13,1,4,6,3,1,1,0,1,4,7,1,3,1,1
1092,43,2025-11-01,25,2,13,1,13,2,2,1,1,0,0,1,2,0,0,0,0
1093,43,2025-11-01,27,2,13,1,11,6,1,0,0,1,0,3,5,1,2,1,1
1094,43,2025-11-01,28,2,13,1,14,3,1,1,0,0,2,2,4,0,1,0,0
1095,43,2025-11-01,181,13,2,0,26,33,9,11,2,0,3,9,17,2,6,2,3
1096,43,2025-11-01,182,13,2,0,34,14,4,4,2,1,2,5,11,2,4,2,3
1097,43,2025-11-01,183,13,2,0,20,7,2,1,0,0,1,2,4,0,1,2,2
1098,43,2025-11-01,184,13,2,0,15,3,2,3,0,1,3,1,3,0,1,1,1
1099,43,2025-11-01,185,13,2,0,33,9,2,1,1,0,0,2,4,1,2,1,2
1100,43,2025-11-01,186,13,2,0,28,12,6,4,1,0,1,4,7,1,2,2,2
1101,43,2025-11-01,187,13,2,0,17,8,8,1,1,1,2,3,6,0,1,0,0
1102,43,2025-11-01,188,13,2,0,24,7,1,0,2,0,2,2,4,0,1,1,2
1103,43,2025-11-01,189,13,2,0,16,8,2,2,1,0,1,2,5,0,1,1,1
1104,43,2025-11-01,190,13,2,0,19,4,1,0,0,0,0,2,4,0,1,0,0
1105,43,2025-11-01,192,13,2,0,19,2,2,0,1,0,1,1,1,0,0,0,0
1106,43,2025-11-01,193,13,2,0,12,7,1,0,0,0,1,2,3,0,0,1,1
1107,43,2025-11-01,194,13,2,0,20,6,3,2,1,0,0,1,3,0,0,1,1
1108,43,2025-11-01,195,13,2,0,21,1,3,1,1,0,1,2,4,1,2,0,0
1109,44,2025-11-01,61,5,10,1,39,15,7,9,2,1,4,5,9,1,3,3,4
1110,44,2025-11-01,62,5,10,1,31,20,7,8,2,0,4,6,10,0,1,3,4
1111,44,2025-11-01,63,5,10,1,19,1,5,1,1,0,2,1,1,0,0,0,0
1112,44,2025-11-01,64,5,10,1,24,6,4,1,1,0,2,3,6,1,2,1,1
1113,44,2025-11-01,65,5,10,1,23,3,4,2,0,0,2,2,4,0,1,0,0
1114,44,2025-11-01,66,5,10,1,32,2,1,1,1,0,1,0,1,0,0,0,0
1115,44,2025-11-01,67,5,10,1,33,2,6,1,0,0,1,0,1,0,0,0,0
1116,44,2025-11-01,68,5,10,1,20,7,3,3,0,0,0,1,3,0,1,1,1
1117,44,2025-11-01,70,5,10,1,16,0,2,1,1,0,1,0,1,0,0,0,0
1118,44,2025-11-01,72,5,10,1,13,5,0,1,0,0,1,1,2,0,0,1,1
1119,44,2025-11-01,73,5,10,1,11,5,1,1,1,0,1,2,3,0,1,0,0
1120,44,2025-11-01,75,5,10,1,26,6,1,1,1,0,1,2,6,1,2,1,1
1121,44,2025-11-01,136,10,5,0,31,19,3,4,1,0,3,4,10,1,4,3,3
1122,44,2025-11-01,137,10,5,0,38,20,3,4,2,0,3,6,14,1,3,3,3
1123,44,2025-11-01,138,10,5,0,27,10,5,1,1,0,2,3,5,1,2,1,1
1124,44,2025-11-01,139,10,5,0,22,7,1,1,1,1,2,3,6,1,2,1,1
1125,44,2025-11-01,140,10,5,0,20,5,0,1,1,1,2,1,3,0,1,1,1
1126,44,2025-11-01,141,10,5,0,24,10,3,3,1,0,2,5,9,1,2,1,1
1127,44,2025-11-01,142,10,5,0,23,8,5,3,1,1,2,3,7,1,2,1,1
1128,44,2025-11-01,143,10,5,0,24,4,2,1,0,0,1,2,4,0,1,0,0
1129,44,2025-11-01,145,10,5,0,18,5,1,1,1,0,1,3,6,0,1,0,0
1130,44,2025-11-01,146,10,5,0,4,2,2,2,1,0,0,2,4,0,1,0,0
1131,44,2025-11-01,147,10,5,0,8,3,1,1,0,0,0,2,3,0,0,1,1
1132,44,2025-11-01,148,10,5,0,18,4,2,1,1,0,1,2,4,1,2,1,1
1133,44,2025-11-01,150,10,5,0,8,2,4,0,1,0,1,2,5,1,2,0,0
1134,45,2025-11-01,166,12,29,1,37,21,6,9,1,1,2,7,13,1,2,3,4
1135,45,2025-11-01,167,12,29,1,29,22,11,9,1,0,2,6,13,1,2,4,5
1136,45,2025-11-01,168,12,29,1,28,8,4,1,1,1,1,3,6,1,2,1,1
1137,45,2025-11-01,169,12,29,1,19,7,4,2,0,0,2,2,4,0,1,1,1
1138,45,2025-11-01,170,12,29,1,22,11,3,1,1,1,2,3,6,1,2,2,3
1139,45,2025-11-01,171,12,29,1,15,11,4,1,1,0,1,4,8,1,2,1,1
1140,45,2025-11-01,172,12,29,1,23,7,7,6,1,0,1,3,5,1,2,1,1
1141,45,2025-11-01,173,12,29,1,33,10,6,4,1,0,2,2,5,1,2,1,2
1142,45,2025-11-01,174,12,29,1,5,4,2,1,0,0,1,2,3,0,1,1,1
1143,45,2025-11-01,176,12,29,1,17,0,3,1,1,0,0,0,1,0,0,0,0
1144,45,2025-11-01,177,12,29,1,16,3,2,1,1,0,1,1,2,0,1,1,1
1145,45,2025-11-01,178,12,29,1,21,5,0,4,1,0,0,2,4,0,1,1,1
1146,45,2025-11-01,179,12,29,1,7,7,3,1,0,0,0,3,7,1,3,1,1
1147,45,2025-11-01,180,12,29,1,14,0,0,0,1,0,1,2,4,0,1,0,0
1148,45,2025-11-01,421,29,12,0,37,21,8,1,1,1,2,6,13,1,2,3,3
1149,45,2025-11-01,422,29,12,0,35,34,8,8,2,1,1,8,16,2,6,2,3
1150,45,2025-11-01,423,29,12,0,23,5,3,1,1,0,2,1,3,0,1,1,1
1151,45,2025-11-01,424,29,12,0,20,6,3,4,1,0,2,2,3,0,0,0,0
1152,45,2025-11-01,425,29,12,0,31,4,2,2,0,1,1,2,4,1,2,0,0
1153,45,2025-11-01,426,29,12,0,26,9,4,4,1,0,0,3,7,0,1,2,2
1154,45,2025-11-01,427,29,12,0,25,15,5,2,0,1,2,4,9,1,2,3,3
1155,45,2025-11-01,428,29,12,0,24,3,3,5,1,1,1,0,1,0,0,0,0
1156,45,2025-11-01,429,29,12,0,12,3,3,1,0,0,1,1,3,0,1,0,0
1157,45,2025-11-01,430,29,12,0,16,8,1,2,0,0,1,3,7,1,2,1,1
1158,45,2025-11-01,431,29,12,0,11,10,2,2,0,0,1,3,5,1,2,1,1
1159,45,2025-11-01,432,29,12,0,15,3,4,1,1,0,2,1,2,0,1,0,0
1160,45,2025-11-01,433,29,12,0,4,4,5,0,0,0,1,3,6,0,1,0,0
1161,45,2025-11-01,435,29,12,0,11,8,4,2,0,0,1,4,7,1,2,1,1
1162,46,2025-11-01,91,7,11,1,35,17,7,2,0,1,4,4,10,0,1,3,3
1163,46,2025-11-01,92,7,11,1,37,19,7,2,2,1,4,6,13,2,5,2,2
1164,46,2025-11-01,93,7,11,1,31,6,4,0,1,0,2,2,6,0,1,1,1
1165,46,2025-11-01,94,7,11,1,20,10,5,2,0,0,1,3,6,1,2,1,1
1166,46,2025-11-01,95,7,11,1,20,4,9,4,1,0,1,2,4,0,1,0,0
1167,46,2025-11-01,96,7,11,1,30,9,4,2,1,0,2,2,4,0,1,2,2
1168,46,2025-11-01,97,7,11,1,14,13,1,1,0,1,2,4,9,0,1,2,3
1169,46,2025-11-01,98,7,11,1,32,9,7,3,1,0,1,3,7,0,1,1,1
1170,46,2025-11-01,99,7,11,1,12,2,3,1,0,0,0,3,5,0,1,0,0
1171,46,2025-11-01,100,7,11,1,10,6,3,1,0,0,1,2,5,1,2,1,1
1172,46,2025-11-01,101,7,11,1,10,5,3,1,0,0,1,2,6,1,2,0,0
1173,46,2025-11-01,102,7,11,1,16,6,1,0,1,0,2,2,4,0,1,1,1
1174,46,2025-11-01,103,7,11,1,9,5,5,1,1,0,1,1,3,0,1,1,1
1175,46,2025-11-01,104,7,11,1,4,4,1,1,1,0,1,1,2,0,0,1,1
1176,46,2025-11-01,105,7,11,1,9,3,2,2,1,0,0,0,1,0,0,1,1
1177,46,2025-11-01,151,11,7,0,44,18,5,8,1,0,3,6,10,1,3,2,3
1178,46,2025-11-01,152,11,7,0,37,20,5,8,1,1,4,5,12,2,5,1,1
1179,46,2025-11-01,153,11,7,0,23,7,2,4,1,0,2,3,5,1,2,1,1
1180,46,2025-11-01,154,11,7,0,13,6,7,1,1,0,2,4,7,1,3,1,1
1181,46,2025-11-01,155,11,7,0,17,7,4,5,1,1,2,3,7,1,2,1,1
1182,46,2025-11-01,156,11,7,0,30,10,2,1,1,1,1,3,5,1,2,1,2
1183,46,2025-11-01,157,11,7,0,24,6,7,2,1,0,2,3,7,1,3,1,1
1184,46,2025-11-01,158,11,7,0,23,5,0,4,1,0,1,3,6,1,3,0,0
1185,46,2025-11-01,159,11,7,0,22,5,2,1,1,0,1,1,3,0,0,1,1
1186,46,2025-11-01,160,11,7,0,4,5,2,2,0,0,1,3,5,1,2,1,1
1187,46,2025-11-01,163,11,7,0,12,4,2,1,1,0,0,1,2,0,1,1,1
1188,46,2025-11-01,164,11,7,0,14,3,0,2,1,1,1,3,5,0,1,0,0
1189,46,2025-11-01,165,11,7,0,24,2,3,0,0,0,0,2,5,0,1,0,0
1190,47,2025-11-01,301,21,12,1,34,23,6,6,2,0,2,6,13,2,5,2,3
1191,47,2025-11-01,302,21,12,1,23,25,1,7,2,0,2,7,13,1,3,4,5
1192,47,2025-11-01,303,21,12,1,30,10,3,4,1,0,0,3,5,1,2,2,2
1193,47,2025-11-01,304,21,12,1,26,8,4,3,1,1,2,3,7,1,3,1,1
1194,47,2025-11-01,305,21,12,1,28,8,6,2,1,1,1,4,8,1,3,1,1
1195,47,2025-11-01,306,21,12,1,18,10,3,2,0,0,0,4,9,1,2,1,1
1196,47,2025-11-01,307,21,12,1,24,10,3,0,1,1,1,4,9,0,1,1,2
1197,47,2025-11-01,308,21,12,1,19,10,2,5,2,1,2,2,5,1,2,1,1
1198,47,2025-11-01,309,21,12,1,12,6,4,0,0,0,0,2,4,1,2,1,1
1199,47,2025-11-01,311,21,12,1,12,5,2,1,1,0,0,2,6,1,2,1,1
1200,47,2025-11-01,312,21,12,1,23,3,1,0,0,0,0,1,2,0,0,1,1
1201,47,2025-11-01,313,21,12,1,17,3,6,1,0,0,1,1,3,0,1,0,0
1202,47,2025-11-01,314,21,12,1,12,8,3,2,1,0,1,3,5,0,1,2,2
1203,47,2025-11-01,166,12,21,0,30,18,7,7,2,0,2,5,9,2,4,1,1
1204,47,2025-11-01,167,12,21,0,35,17,5,9,1,1,1,4,11,1,2,1,1
1205,47,2025-11-01,168,12,21,0,16,7,2,3,2,1,1,2,5,0,1,1,1
1206,47,2025-11-01,169,12,21,0,31,7,5,0,1,0,0,3,5,0,1,2,2
1207,47,2025-11-01,170,12,21,0,26,10,5,2,1,0,1,3,6,1,2,2,2
1208,47,2025-11-01,171,12,21,0,26,10,6,3,1,1,1,3,6,1,2,2,2
1209,47,2025-11-01,172,12,21,0,24,9,5,2,1,0,1,2,5,0,1,1,2
1210,47,2025-11-01,173,12,21,0,24,10,5,1,1,1,2,2,5,1,2,1,2
1211,47,2025-11-01,174,12,21,0,20,3,1,0,0,0,1,1,2,0,1,1,1
1212,47,2025-11-01,175,12,21,0,8,4,3,1,0,0,1,2,5,0,1,1,1
1213,47,2025-11-01,178,12,21,0,19,3,0,1,0,0,1,0,1,0,0,0,0
1214,47,2025-11-01,179,12,21,0,12,2,2,1,1,0,1,2,4,0,1,0,0
1215,48,2025-11-01,421,29,22,1,37,26,9,4,2,1,4,9,16,2,6,3,4
1216,48,2025-11-01,422,29,22,1,31,13,4,5,2,1,3,6,10,1,2,2,2
1217,48,2025-11-01,423,29,22,1,27,12,4,3,1,1,2,3,6,0,1,2,3
1218,48,2025-11-01,424,29,22,1,28,9,7,0,1,0,1,3,6,1,2,2,2
1219,48,2025-11-01,425,29,22,1,22,14,8,2,0,0,0,4,8,1,2,2,3
1220,48,2025-11-01,426,29,22,1,24,7,3,3,0,0,2,1,3,0,1,1,1
1221,48,2025-11-01,427,29,22,1,26,8,5,3,1,0,2,5,8,0,1,1,1
1222,48,2025-11-01,428,29,22,1,30,10,8,4,1,0,2,3,5,1,2,1,1
1223,48,2025-11-01,429,29,22,1,13,6,3,3,1,0,1,2,4,0,1,1,1
1224,48,2025-11-01,430,29,22,1,16,5,3,2,0,0,0,2,5,1,2,1,1
1225,48,2025-11-01,431,29,22,1,9,2,4,2,1,0,1,1,1,0,0,0,0
1226,48,2025-11-01,432,29,22,1,15,4,2,2,1,0,1,1,3,0,1,1,1
1227,48,2025-11-01,433,29,22,1,13,6,3,2,1,0,1,2,4,0,1,1,1
1228,48,2025-11-01,434,29,22,1,18,7,2,0,1,0,0,2,4,0,1,1,1
1229,48,2025-11-01,435,29,22,1,18,6,4,0,1,1,1,2,6,0,1,1,1
1230,48,2025-11-01,316,22,29,0,33,29,4,11,1,0,3,7,15,1,3,2,2
1231,48,2025-11-01,317,22,29,0,29,21,5,0,1,0,3,8,14,1,4,2,3
1232,48,2025-11-01,318,22,29,0,18,7,4,5,0,0,2,3,6,1,2,0,0
1233,48,2025-11-01,319,22,29,0,25,11,1,1,0,0,1,3,7,1,2,1,1
1234,48,2025-11-01,320,22,29,0,16,7,4,2,1,0,1,1,3,0,1,1,1
1235,48,2025-11-01,321,22,29,0,21,11,6,3,1,0,1,2,5,0,1,1,1
1236,48,2025-11-01,322,22,29,0,20,6,7,1,1,0,1,3,5,0,1,1,1
1237,48,2025-11-01,323,22,29,0,14,4,1,0,0,0,1,2,4,0,1,0,0
1238,48,2025-11-01,324,22,29,0,12,5,4,2,0,0,0,3,6,1,2,1,1
1239,48,2025-11-01,325,22,29,0,5,3,5,2,1,0,1,1,2,0,1,0,0
1240,48,2025-11-01,327,22,29,0,16,3,2,0,0,0,0,1,2,0,0,0,0
1241,48,2025-11-01,329,22,29,0,6,0,2,1,0,0,0,0,1,0,0,0,0
1242,49,2025-11-02,271,19,13,1,33,22,12,4,2,1,2,7,14,2,6,4,5
1243,49,2025-11-02,272,19,13,1,36,22,5,10,2,1,4,7,14,1,2,1,1
1244,49,2025-11-02,273,19,13,1,24,14,3,3,1,0,1,6,11,0,1,1,2
1245,49,2025-11-02,274,19,13,1,17,14,6,5,1,0,1,5,10,1,4,1,2
1246,49,2025-11-02,275,19,13,1,16,12,6,3,1,0,1,4,7,0,1,1,1
1247,49,2025-11-02,276,19,13,1,18,9,5,6,1,0,1,2,4,0,1,1,1
1248,49,2025-11-02,277,19,13,1,21,6,7,2,1,0,2,2,4,0,1,1,1
1249,49,2025-11-02,278,19,13,1,29,8,6,4,1,1,2,2,5,1,2,1,1
1250,49,2025-11-02,280,19,13,1,21,4,3,1,0,0,1,3,6,1,2,1,1
1251,49,2025-11-02,281,19,13,1,18,6,2,0,0,0,1,2,4,0,1,0,0
1252,49,2025-11-02,285,19,13,1,12,5,3,0,0,0,0,3,5,1,2,1,1
1253,49,2025-11-02,181,13,19,0,32,25,9,6,1,1,4,6,13,1,2,2,2
1254,49,2025-11-02,182,13,19,0,34,18,4,7,1,1,3,5,12,2,5,1,1
1255,49,2025-11-02,183,13,19,0,26,11,4,4,1,1,1,3,6,0,1,2,2
1256,49,2025-11-02,184,13,19,0,29,10,3,3,1,0,0,3,7,1,3,1,1
1257,49,2025-11-02,185,13,19,0,32,7,6,0,1,0,2,2,4,1,2,2,2
1258,49,2025-11-02,186,13,19,0,17,14,6,3,1,0,2,6,10,1,4,2,2
1259,49,2025-11-02,187,13,19,0,21,9,5,2,0,1,1,3,5,0,1,1,1
1260,49,2025-11-02,188,13,19,0,22,8,4,1,2,1,0,2,5,1,2,1,1
1261,49,2025-11-02,189,13,19,0,4,2,1,0,0,0,1,2,5,1,2,0,0
1262,49,2025-11-02,190,13,19,0,11,7,2,1,0,0,1,3,6,1,2,1,1
1263,49,2025-11-02,191,13,19,0,11,4,1,1,1,0,1,1,3,0,1,1,1
1264,49,2025-11-02,193,13,19,0,10,3,1,1,0,0,1,2,4,0,1,1,1
1265,49,2025-11-02,194,13,19,0,8,1,2,1,0,0,0,2,4,0,1,0,0
1266,50,2025-11-02,391,27,6,1,30,28,6,7,1,0,2,7,13,1,4,1,2
1267,50,2025-11-02,392,27,6,1,29,20,5,5,1,1,4,5,11,2,4,2,2
1268,50,2025-11-02,393,27,6,1,26,9,1,1,1,0,2,4,8,1,3,1,1
1269,50,2025-11-02,394,27,6,1,18,7,3,1,1,0,1,3,7,1,2,1,1
1270,50,2025-11-02,395,27,6,1,21,13,5,3,2,0,1,5,8,1,2,2,3
1271,50,2025-11-02,396,27,6,1,28,11,6,4,1,0,2,3,5,1,2,1,2
1272,50,2025-11-02,397,27,6,1,31,8,5,2,2,1,1,4,8,1,3,1,1
1273,50,2025-11-02,398,27,6,1,29,12,6,4,0,0,0,2,6,0,1,2,2
1274,50,2025-11-02,400,27,6,1,13,5,1,1,1,0,1,2,4,0,1,1,1
1275,50,2025-11-02,401,27,6,1,15,3,3,2,0,0,1,2,4,1,2,1,1
1276,50,2025-11-02,402,27,6,1,6,5,0,2,0,0,1,2,4,0,1,1,1
1277,50,2025-11-02,76,6,27,0,34,27,6,3,2,0,4,9,16,1,2,2,2
1278,50,2025-11-02,77,6,27,0,34,13,7,3,1,1,4,5,9,2,4,1,2
1279,50,2025-11-02,78,6,27,0,32,6,4,1,0,0,0,3,6,1,2,1,1
1280,50,2025-11-02,79,6,27,0,29,11,7,4,1,1,2,4,9,1,2,1,2
1281,50,2025-11-02,80,6,27,0,22,5,8,0,1,0,1,1,2,0,1,0,0
1282,50,2025-11-02,81,6,27,0,36,5,4,4,1,0,2,2,3,0,1,0,0
1283,50,2025-11-02,82,6,27,0,22,7,1,1,0,0,2,2,6,1,2,1,1
1284,50,2025-11-02,83,6,27,0,22,9,0,1,1,0,0,3,7,1,3,1,1
1285,50,2025-11-02,84,6,27,0,15,0,3,1,1,0,1,2,4,0,1,0,0
1286,50,2025-11-02,85,6,27,0,16,2,2,0,1,0,1,0,1,0,0,0,0
1287,50,2025-11-02,86,6,27,0,13,4,1,0,0,0,1,3,6,0,1,1,1
1288,50,2025-11-02,87,6,27,0,4,7,1,1,0,0,1,2,6,0,1,0,0
1289,50,2025-11-02,88,6,27,0,7,4,1,0,0,0,0,2,4,0,1,1,1
1290,51,2025-11-02,1,1,10,1,34,21,3,6,1,1,3,6,12,1,5,2,2
1291,51,2025-11-02,2,1,10,1,32,22,1,2,1,0,5,4,11,1,3,2,2
1292,51,2025-11-02,3,1,10,1,14,7,2,3,1,0,2,2,5,1,2,1,1
1293,51,2025-11-02,4,1,10,1,21,0,5,4,1,1,1,2,3,0,1,0,0
1294,51,2025-11-02,5,1,10,1,18,0,3,2,1,1,2,1,1,0,0,0,0
1295,51,2025-11-02,6,1,10,1,24,7,4,4,1,0,1,2,4,0,1,2,2
1296,51,2025-11-02,7,1,10,1,27,4,6,2,1,1,2,1,3,0,1,0,0
1297,51,2025-11-02,8,1,10,1,25,7,2,3,1,0,2,2,5,0,1,2,2
1298,51,2025-11-02,9,1,10,1,9,2,3,0,0,0,1,0,1,0,0,0,0
1299,51,2025-11-02,11,1,10,1,10,2,2,1,1,0,1,1,3,0,1,0,0
1300,51,2025-11-02,12,1,10,1,13,4,2,1,0,0,1,2,3,0,1,1,1
1301,51,2025-11-02,13,1,10,1,22,4,0,0,0,0,2,3,5,1,2,1,1
1302,51,2025-11-02,15,1,10,1,19,3,3,0,0,0,1,1,1,0,0,1,1
1303,51,2025-11-02,136,10,1,0,23,16,4,4,1,1,3,5,11,0,1,3,3
1304,51,2025-11-02,137,10,1,0,32,20,9,4,1,0,3,4,11,1,3,1,2
1305,51,2025-11-02,138,10,1,0,17,7,5,4,1,0,1,2,4,0,1,1,1
1306,51,2025-11-02,139,10,1,0,23,9,1,3,1,0,1,2,4,0,0,1,1
1307,51,2025-11-02,140,10,1,0,29,9,3,0,1,0,1,2,4,1,2,1,1
1308,51,2025-11-02,141,10,1,0,26,6,3,3,1,0,1,2,4,0,1,1,1
1309,51,2025-11-02,142,10,1,0,21,15,4,3,1,0,2,5,10,0,1,1,1
1310,51,2025-11-02,143,10,1,0,24,11,6,2,1,0,2,2,6,1,3,2,3
1311,51,2025-11-02,147,10,1,0,5,5,3,0,0,0,1,1,2,0,0,1,1
1312,51,2025-11-02,148,10,1,0,16,8,2,0,1,1,1,2,5,0,1,1,1
1313,51,2025-11-02,149,10,1,0,13,0,4,1,1,0,1,1,3,0,1,0,0
1314,51,2025-11-02,150,10,1,0,21,5,2,2,1,0,1,3,6,0,1,1,1
1315,52,2025-11-02,31,3,28,1,31,36,1,5,1,0,3,8,21,1,2,4,5
1316,52,2025-11-02,32,3,28,1,32,30,10,3,1,0,4,7,14,1,3,2,3
1317,52,2025-11-02,33,3,28,1,31,12,5,0,0,0,2,5,10,0,1,1,1
1318,52,2025-11-02,34,3,28,1,29,11,6,2,1,0,1,4,9,1,3,1,1
1319,52,2025-11-02,35,3,28,1,28,12,8,4,1,0,1,4,7,1,3,1,2
1320,52,2025-11-02,36,3,28,1,31,10,5,1,1,0,2,3,5,0,1,1,1
1321,52,2025-11-02,37,3,28,1,29,13,7,4,1,0,3,3,8,1,2,2,2
1322,52,2025-11-02,38,3,28,1,21,5,6,1,0,0,1,2,5,0,1,1,1
1323,52,2025-11-02,39,3,28,1,14,4,4,0,0,0,1,1,2,0,0,0,0
1324,52,2025-11-02,41,3,28,1,10,3,5,2,0,0,0,2,5,0,1,0,0
1325,52,2025-11-02,42,3,28,1,9,7,1,2,0,0,1,2,4,0,1,0,0
1326,52,2025-11-02,43,3,28,1,12,4,1,1,1,0,1,1,2,0,1,1,1
1327,52,2025-11-02,406,28,3,0,33,21,3,7,1,1,2,5,10,0,1,3,4
1328,52,2025-11-02,407,28,3,0,29,21,6,1,0,1,3,6,14,1,2,3,4
1329,52,2025-11-02,408,28,3,0,23,13,3,3,1,1,1,4,10,1,3,2,3
1330,52,2025-11-02,409,28,3,0,23,4,5,4,1,0,3,1,3,0,1,1,1
1331,52,2025-11-02,410,28,3,0,18,8,3,4,1,1,0,5,8,1,2,1,1
1332,52,2025-11-02,411,28,3,0,19,14,4,1,1,0,1,5,10,1,3,2,3
1333,52,2025-11-02,412,28,3,0,23,10,4,0,1,1,1,2,5,0,1,1,1
1334,52,2025-11-02,413,28,3,0,21,15,4,0,1,0,1,3,7,1,2,1,2
1335,52,2025-11-02,414,28,3,0,7,3,2,1,1,1,0,2,4,0,1,1,1
1336,52,2025-11-02,415,28,3,0,4,5,2,1,0,1,1,3,6,1,2,1,1
1337,52,2025-11-02,416,28,3,0,14,7,1,1,1,0,1,3,6,0,1,1,1
1338,52,2025-11-02,417,28,3,0,14,6,2,2,0,0,2,2,4,0,1,1,1
1339,52,2025-11-02,418,28,3,0,11,3,0,1,0,0,0,2,4,0,1,0,0
1340,52,2025-11-02,419,28,3,0,6,5,3,1,1,0,1,2,4,1,2,1,1
1341,52,2025-11-02,420,28,3,0,10,6,1,1,1,0,1,4,7,0,1,1,1
1342,53,2025-11-02,376,26,17,1,35,21,7,5,1,1,3,5,13,1,2,2,3
1343,53,2025-11-02,377,26,17,1,32,24,1,7,0,0,2,6,12,1,3,3,3
1344,53,2025-11-02,378,26,17,1,22,8,8,2,1,0,0,2,5,0,1,1,1
1345,53,2025-11-02,379,26,17,1,28,8,5,5,0,1,2,2,5,1,2,2,2
1346,53,2025-11-02,380,26,17,1,20,8,1,3,1,0,1,4,8,0,1,1,1
1347,53,2025-11-02,381,26,17,1,27,10,6,0,1,0,3,4,9,2,4,1,1
1348,53,2025-11-02,382,26,17,1,23,10,4,4,1,0,3,5,9,0,1,1,1
1349,53,2025-11-02,383,26,17,1,22,10,0,4,1,0,2,3,6,1,2,1,1
1350,53,2025-11-02,384,26,17,1,10,6,0,1,0,0,1,3,7,1,2,1,1
1351,53,2025-11-02,386,26,17,1,12,3,1,1,1,0,1,0,1,0,0,0,0
1352,53,2025-11-02,389,26,17,1,12,7,6,1,1,0,1,3,6,1,2,1,1
1353,53,2025-11-02,241,17,26,0,32,27,10,0,1,0,4,6,16,1,2,4,5
1354,53,2025-11-02,242,17,26,0,26,19,6,5,1,1,3,4,10,1,3,3,4
1355,53,2025-11-02,243,17,26,0,19,6,5,1,1,0,0,2,4,0,0,1,1
1356,53,2025-11-02,244,17,26,0,27,11,4,0,1,0,2,5,9,1,3,1,1
1357,53,2025-11-02,245,17,26,0,32,9,4,3,1,0,2,3,5,0,1,1,2
1358,53,2025-11-02,246,17,26,0,24,16,5,3,0,1,1,4,8,1,4,2,2
1359,53,2025-11-02,247,17,26,0,29,12,4,5,2,0,2,3,8,1,2,2,3
1360,53,2025-11-02,248,17,26,0,14,7,6,5,0,0,1,3,7,1,2,1,1
1361,53,2025-11-02,249,17,26,0,12,4,1,2,0,0,1,2,5,0,1,1,1
1362,53,2025-11-02,250,17,26,0,9,3,2,2,0,0,0,3,5,1,2,0,0
1363,53,2025-11-02,251,17,26,0,15,2,2,0,1,0,0,2,5,1,2,0,0
1364,53,2025-11-02,252,17,26,0,10,4,4,2,1,0,1,3,6,1,2,1,1
1365,53,2025-11-02,253,17,26,0,11,5,0,0,1,0,1,2,4,1,2,1,1
1366,53,2025-11-02,255,17,26,0,16,9,1,2,0,1,0,3,8,1,2,1,1
1367,54,2025-11-02,286,20,25,1,32,20,2,4,1,1,5,7,13,2,6,2,3
1368,54,2025-11-02,287,20,25,1,34,21,10,1,2,1,4,8,14,1,2,1,1
1369,54,2025-11-02,288,20,25,1,20,11,0,5,0,0,1,4,9,0,1,1,1
1370,54,2025-11-02,289,20,25,1,28,5,4,2,1,0,1,1,2,0,0,1,1
1371,54,2025-11-02,290,20,25,1,31,6,1,2,1,0,3,1,3,0,1,1,1
1372,54,2025-11-02,291,20,25,1,21,15,5,4,1,0,2,4,9,1,3,2,2
1373,54,2025-11-02,292,20,25,1,24,11,3,3,1,0,2,5,9,1,3,2,2
1374,54,2025-11-02,293,20,25,1,18,14,4,3,1,0,1,4,9,1,3,2,2
1375,54,2025-11-02,294,20,25,1,14,3,3,2,1,1,1,2,3,0,1,0,0
1376,54,2025-11-02,295,20,25,1,13,2,4,0,1,0,1,2,4,1,2,0,0
1377,54,2025-11-02,296,20,25,1,12,3,4,1,0,0,0,2,5,0,1,1,1
1378,54,2025-11-02,297,20,25,1,7,5,5,0,0,0,1,2,4,0,0,1,1
1379,54,2025-11-02,299,20,25,1,11,4,0,2,1,0,0,1,2,0,0,1,1
1380,54,2025-11-02,361,25,20,0,40,27,4,6,2,0,3,7,15,2,6,5,6
1381,54,2025-11-02,362,25,20,0,37,11,5,7,2,1,1,2,5,1,2,1,2
1382,54,2025-11-02,363,25,20,0,23,11,4,3,1,0,1,4,7,1,2,1,2
1383,54,2025-11-02,364,25,20,0,22,10,3,5,1,0,1,2,5,0,1,1,2
1384,54,2025-11-02,365,25,20,0,23,11,2,5,1,0,0,3,7,0,1,1,2
1385,54,2025-11-02,366,25,20,0,20,9,2,3,1,1,2,5,8,1,2,1,1
1386,54,2025-11-02,367,25,20,0,25,8,4,0,1,0,2,2,4,1,2,1,1
1387,54,2025-11-02,368,25,20,0,23,12,3,1,1,1,1,4,9,1,3,2,2
1388,54,2025-11-02,369,25,20,0,13,1,3,2,1,1,2,1,1,0,0,0,0
1389,54,2025-11-02,370,25,20,0,12,4,3,1,0,0,1,2,4,0,1,0,0
1390,54,2025-11-02,371,25,20,0,25,2,1,2,0,0,1,1,2,0,0,0,0
1391,54,2025-11-02,372,25,20,0,13,1,1,1,0,0,1,2,3,0,1,0,0
1392,54,2025-11-02,374,25,20,0,15,3,2,3,1,1,1,1,1,0,0,0,0
1393,54,2025-11-02,375,25,20,0,4,6,2,1,1,0,1,2,4,0,0,1,1
1394,55,2025-11-03,211,15,23,1,33,12,4,4,1,1,4,4,7,1,3,2,3
1395,55,2025-11-03,212,15,23,1,31,17,8,4,2,1,3,3,9,1,2,1,1
1396,55,2025-11-03,213,15,23,1,17,9,2,3,1,0,2,2,4,0,1,1,1
1397,55,2025-11-03,214,15,23,1,22,8,2,1,0,0,2,3,6,1,2,1,1
1398,55,2025-11-03,215,15,23,1,22,6,3,2,0,0,2,3,7,1,2,0,0
1399,55,2025-11-03,216,15,23,1,22,12,0,3,1,0,2,3,6,0,1,2,3
1400,55,2025-11-03,217,15,23,1,28,10,3,2,1,0,2,3,5,0,1,2,2
1401,55,2025-11-03,218,15,23,1,22,7,5,3,0,0,2,3,5,0,1,1,1
1402,55,2025-11-03,219,15,23,1,5,1,3,1,0,0,1,1,2,0,0,0,0
1403,55,2025-11-03,220,15,23,1,10,5,2,1,1,0,0,1,3,0,1,1,1
1404,55,2025-11-03,221,15,23,1,10,3,2,1,0,0,0,1,2,0,0,1,1
1405,55,2025-11-03,222,15,23,1,4,4,0,1,0,0,0,2,5,0,1,1,1
1406,55,2025-11-03,223,15,23,1,13,4,1,1,1,0,0,2,4,0,1,0,0
1407,55,2025-11-03,225,15,23,1,18,3,2,1,0,1,1,0,1,0,0,1,1
1408,55,2025-11-03,331,23,15,0,29,26,6,7,1,1,3,7,15,1,3,2,3
1409,55,2025-11-03,332,23,15,0,33,14,4,10,1,1,2,4,7,1,3,3,3
1410,55,2025-11-03,333,23,15,0,36,8,5,4,0,0,2,3,7,1,2,1,1
1411,55,2025-11-03,334,23,15,0,25,16,3,3,1,1,1,6,12,1,3,2,3
1412,55,2025-11-03,335,23,15,0,29,13,4,0,0,0,1,4,8,1,2,1,1
1413,55,2025-11-03,336,23,15,0,27,19,2,2,1,0,2,6,10,1,3,3,4
1414,55,2025-11-03,337,23,15,0,24,12,5,3,1,0,1,5,10,1,4,2,3
1415,55,2025-11-03,338,23,15,0,33,9,6,1,0,1,2,2,4,0,1,1,1
1416,55,2025-11-03,340,23,15,0,7,8,0,1,0,1,1,3,7,1,3,1,2
1417,55,2025-11-03,341,23,15,0,7,6,3,0,1,0,0,2,5,1,2,1,1
1418,55,2025-11-03,343,23,15,0,13,5,1,0,0,0,0,3,5,0,1,0,0
1419,55,2025-11-03,345,23,15,0,12,6,2,1,0,0,1,1,3,0,1,1,1
1420,56,2025-11-03,16,2,30,1,38,14,4,4,1,1,4,5,11,1,3,1,2
1421,56,2025-11-03,17,2,30,1,29,24,7,5,1,1,2,8,15,2,6,1,2
1422,56,2025-11-03,18,2,30,1,18,4,1,3,2,0,1,2,4,1,2,1,1
1423,56,2025-11-03,19,2,30,1,12,7,6,3,1,0,2,4,7,1,3,2,2
1424,56,2025-11-03,20,2,30,1,34,10,5,2,1,0,1,4,8,1,3,2,2
1425,56,2025-11-03,21,2,30,1,28,7,3,3,1,0,2,2,4,0,1,2,2
1426,56,2025-11-03,22,2,30,1,34,9,2,3,1,0,1,4,8,1,2,1,1
1427,56,2025-11-03,23,2,30,1,19,5,0,3,1,0,1,1,2,0,0,0,0
1428,56,2025-11-03,26,2,30,1,18,3,3,0,0,0,0,2,4,0,1,0,0
1429,56,2025-11-03,27,2,30,1,11,3,2,0,0,0,0,1,3,0,1,0,0
1430,56,2025-11-03,28,2,30,1,4,5,4,1,0,0,0,2,3,0,0,1,1
1431,56,2025-11-03,29,2,30,1,19,2,3,1,0,0,1,2,4,0,1,0,0
1432,56,2025-11-03,436,30,2,0,37,18,1,3,1,0,2,6,12,1,2,2,3
1433,56,2025-11-03,437,30,2,0,32,27,5,8,1,1,4,7,13,1,4,3,4
1434,56,2025-11-03,438,30,2,0,32,11,5,5,1,0,3,3,6,0,1,1,1
1435,56,2025-11-03,439,30,2,0,29,1,5,2,0,0,1,1,3,0,1,0,0
1436,56,2025-11-03,440,30,2,0,27,11,0,2,0,0,1,3,6,0,1,1,1
1437,56,2025-11-03,441,30,2,0,25,3,1,2,0,0,1,2,5,1,2,1,1
1438,56,2025-11-03,442,30,2,0,23,13,9,2,1,0,1,3,6,0,1,1,1
1439,56,2025-11-03,443,30,2,0,21,4,6,1,0,1,1,2,4,0,1,1,1
1440,56,2025-11-03,444,30,2,0,11,5,3,0,0,1,1,1,2,0,0,0,0
1441,56,2025-11-03,446,30,2,0,19,3,1,1,0,1,1,3,5,1,2,1,1
1442,56,2025-11-03,447,30,2,0,11,5,0,0,0,0,0,1,3,0,1,0,0
1443,56,2025-11-03,448,30,2,0,15,7,1,2,0,0,1,3,5,1,2,0,0
1444,56,2025-11-03,450,30,2,0,17,0,4,2,0,0,0,1,2,0,1,0,0
1445,57,2025-11-03,226,16,24,1,37,27,6,5,1,1,4,8,17,2,6,2,2
1446,57,2025-11-03,227,16,24,1,34,13,1,9,1,0,2,4,9,1,2,2,3
1447,57,2025-11-03,228,16,24,1,24,0,4,1,1,0,1,1,2,0,1,0,0
1448,57,2025-11-03,229,16,24,1,22,11,5,2,1,0,1,4,8,1,3,2,2
1449,57,2025-11-03,230,16,24,1,19,9,2,2,1,0,1,3,5,1,2,1,2
1450,57,2025-11-03,231,16,24,1,15,9,3,1,1,0,1,2,5,0,1,1,1
1451,57,2025-11-03,232,16,24,1,25,8,3,1,2,0,2,3,5,1,2,0,0
1452,57,2025-11-03,233,16,24,1,16,6,8,1,0,0,0,4,7,0,1,1,1
1453,57,2025-11-03,234,16,24,1,11,5,3,1,0,0,1,3,6,0,1,1,1
1454,57,2025-11-03,235,16,24,1,12,5,1,0,1,0,1,2,4,0,1,0,0
1455,57,2025-11-03,236,16,24,1,12,4,5,0,0,0,1,2,4,0,1,1,1
1456,57,2025-11-03,237,16,24,1,15,7,2,3,1,1,1,3,6,0,1,1,1
1457,57,2025-11-03,238,16,24,1,13,4,1,1,1,0,0,1,2,0,0,0,0
1458,57,2025-11-03,239,16,24,1,12,1,0,0,1,0,0,1,2,0,1,0,0
1459,57,2025-11-03,346,24,16,0,35,29,9,3,2,1,3,7,16,2,6,2,2
1460,57,2025-11-03,347,24,16,0,39,29,6,8,2,1,3,8,16,1,4,3,4
1461,57,2025-11-03,348,24,16,0,29,14,5,4,1,1,0,4,10,1,4,1,1
1462,57,2025-11-03,349,24,16,0,23,8,5,5,1,1,3,4,8,0,1,2,2
1463,57,2025-11-03,350,24,16,0,21,9,2,1,1,0,2,4,7,1,2,2,2
1464,57,2025-11-03,351,24,16,0,23,8,3,2,1,0,1,2,4,0,1,1,1
1465,57,2025-11-03,352,24,16,0,27,9,5,5,1,0,2,4,8,1,3,1,1
1466,57,2025-11-03,353,24,16,0,21,11,3,2,0,0,2,3,8,1,2,2,2
1467,57,2025-11-03,354,24,16,0,9,7,1,2,0,0,0,2,5,0,1,2,2
1468,57,2025-11-03,355,24,16,0,13,5,1,1,0,0,1,2,3,0,1,1,1
1469,57,2025-11-03,356,24,16,0,9,6,2,1,1,0,1,2,5,1,2,1,1
1470,57,2025-11-03,357,24,16,0,14,4,4,1,0,0,0,1,3,0,1,1,1
1471,57,2025-11-03,358,24,16,0,22,6,3,1,1,0,1,2,3,0,1,1,1
1472,57,2025-11-03,359,24,16,0,14,1,4,0,1,0,1,1,2,0,0,0,0
1473,57,2025-11-03,360,24,16,0,13,3,3,0,1,0,1,1,1,0,0,1,1
1474,58,2025-11-03,106,8,5,1,35,9,4,0,1,1,2,3,8,1,3,1,2
1475,58,2025-11-03,107,8,5,1,32,15,6,4,2,0,5,5,11,1,2,1,1
1476,58,2025-11-03,108,8,5,1,19,3,4,0,2,0,1,1,2,0,1,0,0
1477,58,2025-11-03,109,8,5,1,16,4,5,4,1,0,2,2,5,0,1,0,0
1478,58,2025-11-03,110,8,5,1,30,1,0,3,1,0,1,1,1,0,0,0,0
1479,58,2025-11-03,111,8,5,1,22,1,0,4,1,0,1,1,1,0,0,0,0
1480,58,2025-11-03,112,8,5,1,21,5,0,1,0,1,2,3,6,0,1,1,1
1481,58,2025-11-03,113,8,5,1,27,9,1,2,1,1,2,2,5,0,1,0,0
1482,58,2025-11-03,114,8,5,1,8,3,2,1,1,0,1,2,4,1,2,1,1
1483,58,2025-11-03,115,8,5,1,18,4,2,1,1,0,1,3,6,0,1,0,0
1484,58,2025-11-03,117,8,5,1,15,1,3,1,1,0,1,1,2,0,0,0,0
1485,58,2025-11-03,119,8,5,1,9,0,1,0,1,0,0,1,3,0,1,0,0
1486,58,2025-11-03,120,8,5,1,24,5,0,2,1,0,1,1,2,0,0,0,0
1487,58,2025-11-03,61,5,8,0,35,29,0,6,2,1,2,7,15,1,3,2,3
1488,58,2025-11-03,62,5,8,0,32,22,2,3,1,1,3,7,14,1,5,4,5
1489,58,2025-11-03,63,5,8,0,29,10,4,4,1,1,3,4,8,1,2,1,2
1490,58,2025-11-03,64,5,8,0,21,8,3,2,1,1,1,2,4,0,1,2,2
1491,58,2025-11-03,65,5,8,0,28,9,0,1,0,0,0,3,6,1,2,1,2
1492,58,2025-11-03,66,5,8,0,26,9,2,3,1,0,2,4,8,0,1,2,2
1493,58,2025-11-03,67,5,8,0,29,9,3,3,1,0,0,2,5,0,1,1,1
1494,58,2025-11-03,68,5,8,0,16,6,0,1,1,0,2,4,7,0,1,1,1
1495,58,2025-11-03,69,5,8,0,12,7,2,1,0,0,1,3,5,0,1,1,1
1496,58,2025-11-03,71,5,8,0,18,3,1,1,0,0,0,1,2,0,0,0,0
1497,58,2025-11-03,73,5,8,0,18,2,3,2,0,0,1,1,2,0,1,0,0
1498,58,2025-11-03,74,5,8,0,7,4,4,1,0,0,2,1,2,0,0,1,1
1499,58,2025-11-03,75,5,8,0,4,3,3,1,1,0,1,2,4,0,1,0,0
1500,59,2025-11-03,196,14,9,1,33,22,6,8,1,1,4,4,10,1,2,3,3
1501,59,2025-11-03,197,14,9,1,29,26,7,6,1,0,4,5,12,1,2,3,4
1502,59,2025-11-03,198,14,9,1,24,7,1,4,1,0,1,1,3,0,0,1,1
1503,59,2025-11-03,199,14,9,1,33,9,3,2,1,1,1,2,5,1,2,1,1
1504,59,2025-11-03,200,14,9,1,22,7,4,2,1,0,1,2,3,0,1,0,0
1505,59,2025-11-03,201,14,9,1,16,9,2,3,1,1,2,3,6,0,1,1,1
1506,59,2025-11-03,202,14,9,1,14,7,2,1,1,0,3,2,4,0,1,1,1
1507,59,2025-11-03,203,14,9,1,17,8,5,3,1,0,2,3,6,0,1,1,1
1508,59,2025-11-03,204,14,9,1,14,2,0,2,0,0,1,1,2,0,1,0,0
1509,59,2025-11-03,205,14,9,1,10,3,1,1,0,0,1,1,3,0,1,0,0
1510,59,2025-11-03,207,14,9,1,20,4,2,1,0,1,0,3,6,0,1,0,0
1511,59,2025-11-03,208,14,9,1,23,2,0,0,1,0,1,1,3,0,1,0,0
1512,59,2025-11-03,209,14,9,1,9,4,2,1,0,0,0,3,5,1,2,1,1
1513,59,2025-11-03,210,14,9,1,5,4,4,0,1,0,1,2,5,1,2,0,0
1514,59,2025-11-03,121,9,14,0,35,19,4,8,1,1,3,5,10,1,2,2,2
1515,59,2025-11-03,122,9,14,0,38,20,3,7,2,0,1,5,14,2,6,1,2
1516,59,2025-11-03,123,9,14,0,27,17,3,1,1,1,1,5,10,1,2,2,2
1517,59,2025-11-03,124,9,14,0,28,9,0,0,1,0,2,2,5,1,2,0,0
1518,59,2025-11-03,125,9,14,0,25,11,7,2,2,0,1,4,7,0,1,1,2
1519,59,2025-11-03,126,9,14,0,27,10,6,0,1,0,0,2,6,1,2,1,2
1520,59,2025-11-03,127,9,14,0,18,5,1,4,1,0,2,1,2,0,0,1,1
1521,59,2025-11-03,128,9,14,0,26,15,4,4,1,0,2,4,7,1,2,1,2
1522,59,2025-11-03,129,9,14,0,18,4,4,1,1,0,1,1,3,0,0,0,0
1523,59,2025-11-03,130,9,14,0,16,6,3,2,0,0,0,1,3,0,1,1,1
1524,59,2025-11-03,131,9,14,0,13,0,2,0,0,0,0,1,2,0,0,0,0
1525,59,2025-11-03,132,9,14,0,7,3,1,0,1,0,0,1,2,0,0,0,0
1526,59,2025-11-03,133,9,14,0,7,3,2,0,0,0,0,0,1,0,0,0,0
1527,59,2025-11-03,135,9,14,0,19,6,3,0,0,0,1,2,5,0,1,1,1
1528,60,2025-11-03,256,18,4,1,36,26,6,7,1,1,2,6,15,1,3,1,2
1529,60,2025-11-03,257,18,4,1,34,18,8,6,1,0,2,7,12,2,5,3,4
1530,60,2025-11-03,258,18,4,1,23,10,2,1,0,0,0,3,6,1,2,1,2
1531,60,2025-11-03,259,18,4,1,24,7,2,3,1,0,1,2,4,0,1,2,2
1532,60,2025-11-03,260,18,4,1,21,8,3,4,1,1,3,3,6,0,1,1,1
1533,60,2025-11-03,261,18,4,1,24,9,7,2,1,0,1,3,7,1,3,1,2
1534,60,2025-11-03,262,18,4,1,29,6,5,0,1,1,3,2,3,0,1,0,0
1535,60,2025-11-03,263,18,4,1,29,5,6,1,0,0,2,1,3,0,1,0,0
1536,60,2025-11-03,264,18,4,1,4,0,1,0,0,0,1,2,4,1,2,0,0
1537,60,2025-11-03,267,18,4,1,9,4,1,0,0,0,2,3,5,0,1,1,1
1538,60,2025-11-03,268,18,4,1,16,3,2,0,0,0,0,1,1,0,0,1,1
1539,60,2025-11-03,269,18,4,1,16,0,2,0,1,0,1,1,2,0,0,0,0
1540,60,2025-11-03,270,18,4,1,6,3,0,1,0,0,0,2,4,1,2,0,0
1541,60,2025-11-03,46,4,18,0,34,25,4,6,0,0,4,6,14,1,3,1,2
1542,60,2025-11-03,47,4,18,0,39,25,7,10,2,1,3,6,12,1,2,3,4
1543,60,2025-11-03,48,4,18,0,20,8,4,1,1,0,2,3,7,0,1,1,1
1544,60,2025-11-03,49,4,18,0,19,12,5,3,0,0,2,3,6,1,2,1,1
1545,60,2025-11-03,50,4,18,0,33,11,6,1,1,0,0,2,5,1,2,1,1
1546,60,2025-11-03,51,4,18,0,19,13,2,1,1,0,1,3,8,1,4,3,3
1547,60,2025-11-03,52,4,18,0,23,8,5,5,0,1,2,5,8,1,3,1,1
1548,60,2025-11-03,53,4,18,0,16,18,6,2,1,0,1,5,11,2,4,3,4
1549,60,2025-11-03,54,4,18,0,11,4,3,0,0,0,1,1,2,0,1,0,0
1550,60,2025-11-03,55,4,18,0,4,5,1,2,0,0,0,2,4,0,1,1,1
1551,60,2025-11-03,56,4,18,0,14,2,3,2,0,0,2,2,4,0,1,0,0
1552,60,2025-11-03,58,4,18,0,15,3,1,1,0,0,1,1,2,0,1,1,1
1553,60,2025-11-03,60,4,18,0,4,5,2,1,1,0,1,2,4,0,1,1,1
1554,61,2025-11-04,286,20,2,1,26,16,4,3,1,1,2,5,11,2,5,1,1
1555,61,2025-11-04,287,20,2,1,37,34,6,7,1,0,3,8,18,2,7,2,2
1556,61,2025-11-04,288,20,2,1,29,8,5,3,0,1,1,2,4,0,1,1,1
1557,61,2025-11-04,289,20,2,1,25,4,4,3,1,0,3,1,2,0,1,1,1
1558,61,2025-11-04,290,20,2,1,19,9,0,5,0,1,1,3,6,1,2,1,2
1559,61,2025-11-04,291,20,2,1,18,9,2,1,1,0,0,3,6,0,1,1,2
1560,61,2025-11-04,292,20,2,1,20,6,3,4,1,1,2,2,3,0,1,1,1
1561,61,2025-11-04,293,20,2,1,26,12,2,0,1,1,1,3,6,0,1,1,1
1562,61,2025-11-04,294,20,2,1,16,8,0,2,1,0,2,3,6,1,2,1,1
1563,61,2025-11-04,295,20,2,1,11,5,6,0,1,1,1,1,2,0,0,1,1
1564,61,2025-11-04,296,20,2,1,13,2,2,1,0,0,0,2,4,0,0,0,0
1565,61,2025-11-04,297,20,2,1,11,5,2,0,0,0,0,1,2,0,1,0,0
1566,61,2025-11-04,298,20,2,1,12,1,2,0,1,0,0,0,1,0,0,0,0
1567,61,2025-11-04,16,2,20,0,34,27,5,5,1,1,2,9,17,2,5,5,6
1568,61,2025-11-04,17,2,20,0,34,19,5,9,2,1,3,5,10,1,2,1,2
1569,61,2025-11-04,18,2,20,0,18,10,2,3,1,0,2,4,9,1,3,1,2
1570,61,2025-11-04,19,2,20,0,31,11,4,5,1,0,2,4,9,1,3,1,2
1571,61,2025-11-04,20,2,20,0,24,7,7,1,1,0,2,3,6,1,2,1,1
1572,61,2025-11-04,21,2,20,0,21,13,5,1,1,1,2,4,7,1,3,1,1
1573,61,2025-11-04,22,2,20,0,15,10,2,5,0,0,2,4,8,0,1,1,1
1574,61,2025-11-04,23,2,20,0,28,12,1,1,1,0,2,4,7,1,2,2,2
1575,61,2025-11-04,25,2,20,0,22,5,4,1,1,0,1,2,5,1,2,1,1
1576,61,2025-11-04,26,2,20,0,15,3,1,1,0,0,0,1,1,0,0,0,0
1577,61,2025-11-04,27,2,20,0,16,5,1,2,1,1,1,1,2,0,0,1,1
1578,61,2025-11-04,28,2,20,0,12,3,1,1,0,0,1,2,3,0,1,1,1
1579,61,2025-11-04,29,2,20,0,13,0,1,1,1,0,2,1,2,0,1,0,0
1580,61,2025-11-04,30,2,20,0,8,6,3,0,1,0,2,2,4,1,2,0,0
1581,62,2025-11-04,181,13,8,1,26,26,9,8,2,1,3,7,16,2,6,4,5
1582,62,2025-11-04,182,13,8,1,32,15,3,3,1,1,5,3,8,1,2,2,3
1583,62,2025-11-04,183,13,8,1,19,9,3,2,1,1,1,2,4,0,1,2,2
1584,62,2025-11-04,184,13,8,1,24,5,1,3,1,0,2,2,4,0,1,1,1
1585,62,2025-11-04,185,13,8,1,29,11,1,2,1,1,1,4,8,1,3,1,1
1586,62,2025-11-04,186,13,8,1,25,5,3,2,1,0,1,2,4,0,1,0,0
1587,62,2025-11-04,187,13,8,1,31,8,2,1,1,0,1,5,8,1,3,1,1
1588,62,2025-11-04,188,13,8,1,19,12,5,5,0,0,0,3,7,1,2,1,2
1589,62,2025-11-04,190,13,8,1,14,2,0,1,0,0,1,3,5,0,1,0,0
1590,62,2025-11-04,191,13,8,1,10,5,2,0,1,0,1,2,4,0,1,1,1
1591,62,2025-11-04,192,13,8,1,12,5,2,1,0,0,2,3,6,0,1,1,1
1592,62,2025-11-04,193,13,8,1,5,1,3,1,0,0,2,0,1,0,0,0,0
1593,62,2025-11-04,106,8,13,0,42,22,8,4,2,1,3,6,11,0,1,4,5
1594,62,2025-11-04,107,8,13,0,29,22,5,5,1,0,4,5,11,1,3,4,5
1595,62,2025-11-04,108,8,13,0,26,8,5,3,0,0,2,2,4,0,1,1,1
1596,62,2025-11-04,109,8,13,0,24,7,3,3,1,0,2,1,3,0,1,1,1
1597,62,2025-11-04,110,8,13,0,27,10,3,0,0,0,0,2,5,0,1,1,1
1598,62,2025-11-04,111,8,13,0,19,9,5,4,1,1,1,4,7,1,2,1,2
1599,62,2025-11-04,112,8,13,0,24,15,5,3,1,1,2,3,7,0,1,1,1
1600,62,2025-11-04,113,8,13,0,8,12,6,4,2,1,2,5,8,0,1,1,1
1601,62,2025-11-04,114,8,13,0,16,5,2,2,1,0,1,1,3,0,1,1,1
1602,62,2025-11-04,117,8,13,0,16,6,0,2,0,1,1,2,5,1,2,1,1
1603,62,2025-11-04,118,8,13,0,16,7,5,0,0,0,1,3,7,0,1,1,1
1604,62,2025-11-04,119,8,13,0,11,3,2,0,1,0,2,3,5,0,1,1,1
1605,62,2025-11-04,120,8,13,0,9,8,3,3,0,0,1,4,8,1,3,1,2
1606,63,2025-11-04,346,24,28,1,34,23,7,2,2,1,0,5,12,1,2,1,2
1607,63,2025-11-04,347,24,28,1,37,25,9,4,1,1,3,6,12,2,4,3,4
1608,63,2025-11-04,348,24,28,1,34,11,5,2,2,0,1,4,9,1,3,1,1
1609,63,2025-11-04,349,24,28,1,20,11,1,4,1,1,2,2,5,0,1,1,2
1610,63,2025-11-04,350,24,28,1,15,11,6,3,0,0,2,4,7,1,3,1,2
1611,63,2025-11-04,351,24,28,1,30,10,1,2,0,0,2,4,7,0,1,1,2
1612,63,2025-11-04,352,24,28,1,18,13,4,2,1,0,0,3,7,0,1,1,2
1613,63,2025-11-04,353,24,28,1,17,10,7,0,0,1,1,3,5,0,1,2,2
1614,63,2025-11-04,355,24,28,1,7,4,3,2,1,0,1,2,5,1,2,1,1
1615,63,2025-11-04,356,24,28,1,9,8,4,0,0,0,1,2,5,0,1,1,1
1616,63,2025-11-04,357,24,28,1,20,3,3,1,0,0,0,1,3,0,1,1,1
1617,63,2025-11-04,358,24,28,1,4,2,2,0,1,0,1,2,3,0,0,0,0
1618,63,2025-11-04,359,24,28,1,22,3,3,0,1,0,1,2,5,0,1,0,0
1619,63,2025-11-04,360,24,28,1,16,5,0,1,0,0,1,1,2,0,0,1,1
1620,63,2025-11-04,406,28,24,0,37,21,2,2,1,0,2,7,14,2,5,2,3
1621,63,2025-11-04,407,28,24,0,30,19,5,3,1,0,4,5,10,1,3,1,2
1622,63,2025-11-04,408,28,24,0,29,9,1,2,1,0,1,3,6,0,1,1,2
1623,63,2025-11-04,409,28,24,0,21,7,4,3,1,0,1,2,5,1,2,2,2
1624,63,2025-11-04,410,28,24,0,18,14,6,1,1,1,1,5,11,1,2,1,2
1625,63,2025-11-04,411,28,24,0,27,7,2,1,1,0,1,2,4,0,1,1,1
1626,63,2025-11-04,412,28,24,0,19,15,4,1,0,0,1,4,11,1,5,2,2
1627,63,2025-11-04,413,28,24,0,25,17,0,1,1,0,0,5,11,1,4,1,1
1628,63,2025-11-04,415,28,24,0,10,2,1,1,0,0,1,0,1,0,0,0,0
1629,63,2025-11-04,416,28,24,0,18,2,1,1,0,0,0,2,4,0,1,0,0
1630,63,2025-11-04,417,28,24,0,13,2,1,3,1,1,0,2,4,1,2,0,0
1631,63,2025-11-04,419,28,24,0,11,5,2,0,1,0,1,2,5,0,1,1,1
1632,64,2025-11-04,391,27,3,1,35,17,6,7,1,1,3,4,8,1,2,2,3
1633,64,2025-11-04,392,27,3,1,38,20,6,4,1,1,2,5,12,1,2,2,3
1634,64,2025-11-04,393,27,3,1,22,14,7,4,1,0,2,6,11,0,1,1,1
1635,64,2025-11-04,394,27,3,1,31,6,4,5,1,0,2,3,7,1,3,1,1
1636,64,2025-11-04,395,27,3,1,24,10,9,3,1,1,2,3,7,0,1,2,2
1637,64,2025-11-04,396,27,3,1,22,11,6,4,1,0,0,2,5,1,2,1,1
1638,64,2025-11-04,397,27,3,1,18,12,7,5,1,1,1,3,7,1,3,1,1
1639,64,2025-11-04,398,27,3,1,22,8,5,1,1,0,1,3,6,0,1,2,2
1640,64,2025-11-04,399,27,3,1,14,2,3,0,0,0,1,1,3,0,1,0,0
1641,64,2025-11-04,401,27,3,1,10,9,3,3,1,1,1,3,6,1,2,1,1
1642,64,2025-11-04,402,27,3,1,9,2,2,1,1,0,1,0,1,0,0,0,0
1643,64,2025-11-04,403,27,3,1,9,3,2,3,1,0,1,1,3,0,1,1,1
1644,64,2025-11-04,405,27,3,1,14,5,5,2,1,1,0,2,4,0,1,1,1
1645,64,2025-11-04,31,3,27,0,27,23,2,6,2,1,4,9,15,2,6,3,4
1646,64,2025-11-04,32,3,27,0,35,9,5,1,1,1,2,5,8,0,1,2,2
1647,64,2025-11-04,33,3,27,0,22,9,3,2,1,0,1,3,7,1,2,2,2
1648,64,2025-11-04,34,3,27,0,32,10,1,3,0,1,1,3,5,1,2,2,2
1649,64,2025-11-04,35,3,27,0,24,4,6,3,0,0,2,1,3,0,1,1,1
1650,64,2025-11-04,36,3,27,0,29,6,0,2,1,0,1,2,4,0,1,1,1
1651,64,2025-11-04,37,3,27,0,20,11,5,1,0,1,2,5,9,1,4,1,2
1652,64,2025-11-04,38,3,27,0,23,11,5,2,0,0,2,2,5,1,2,1,1
1653,64,2025-11-04,42,3,27,0,14,4,2,1,0,0,0,1,2,0,1,1,1
1654,64,2025-11-04,43,3,27,0,18,3,0,0,0,0,0,2,5,0,1,1,1
1655,64,2025-11-04,45,3,27,0,14,6,3,1,1,0,1,2,5,0,1,0,0
1656,65,2025-11-04,1,1,29,1,38,15,5,0,1,1,3,4,8,0,1,1,1
1657,65,2025-11-04,2,1,29,1,30,25,7,3,1,0,2,5,12,0,1,1,2
1658,65,2025-11-04,3,1,29,1,28,12,3,6,0,0,3,5,8,1,2,2,2
1659,65,2025-11-04,4,1,29,1,26,8,4,2,0,0,1,2,4,0,1,1,1
1660,65,2025-11-04,5,1,29,1,20,11,1,4,0,1,1,2,5,1,2,1,2
1661,65,2025-11-04,6,1,29,1,22,13,4,4,1,0,4,3,6,0,1,1,1
1662,65,2025-11-04,7,1,29,1,33,14,3,2,2,1,3,5,9,1,3,1,2
1663,65,2025-11-04,8,1,29,1,27,8,3,3,1,0,1,4,7,1,2,1,1
1664,65,2025-11-04,9,1,29,1,4,7,3,0,0,0,0,2,4,1,2,1,1
1665,65,2025-11-04,11,1,29,1,16,3,2,1,0,0,1,1,1,0,0,0,0
1666,65,2025-11-04,12,1,29,1,16,6,2,0,1,0,0,3,6,0,1,0,0
1667,65,2025-11-04,13,1,29,1,16,6,6,0,1,0,1,3,7,1,2,1,1
1668,65,2025-11-04,15,1,29,1,4,6,3,2,1,0,1,2,5,1,2,1,1
1669,65,2025-11-04,421,29,1,0,30,25,5,2,1,1,4,6,12,1,3,4,5
1670,65,2025-11-04,422,29,1,0,35,30,9,4,1,1,3,7,16,1,3,4,5
1671,65,2025-11-04,423,29,1,0,22,7,1,4,1,1,1,2,4,0,1,1,1
1672,65,2025-11-04,424,29,1,0,23,6,2,3,1,0,3,2,6,1,2,1,1
1673,65,2025-11-04,425,29,1,0,18,7,4,3,0,0,1,4,7,0,1,1,1
1674,65,2025-11-04,426,29,1,0,23,12,4,5,1,0,2,5,10,2,4,2,2
1675,65,2025-11-04,427,29,1,0,17,7,3,0,0,1,0,3,6,1,2,2,2
1676,65,2025-11-04,428,29,1,0,24,4,5,0,1,1,3,1,3,0,1,1,1
1677,65,2025-11-04,430,29,1,0,8,2,1,1,1,1,1,1,2,0,0,0,0
1678,65,2025-11-04,432,29,1,0,15,4,0,2,0,0,0,2,4,1,2,0,0
1679,65,2025-11-04,433,29,1,0,16,0,0,1,1,1,1,2,3,0,1,0,0
1680,65,2025-11-04,434,29,1,0,11,2,1,2,0,0,0,1,2,0,1,0,0
1681,65,2025-11-04,435,29,1,0,13,4,5,1,1,0,2,2,3,0,0,1,1
1682,66,2025-11-04,376,26,9,1,34,18,6,2,1,0,4,6,11,0,1,2,3
1683,66,2025-11-04,377,26,9,1,28,13,10,2,1,1,2,3,7,0,1,1,1
1684,66,2025-11-04,378,26,9,1,15,9,2,1,0,1,1,3,6,0,1,0,0
1685,66,2025-11-04,379,26,9,1,28,6,2,3,0,1,2,2,3,0,1,1,1
1686,66,2025-11-04,380,26,9,1,20,9,2,1,0,1,1,3,8,0,1,1,2
1687,66,2025-11-04,381,26,9,1,17,9,4,5,1,1,1,3,8,1,3,1,1
1688,66,2025-11-04,382,26,9,1,17,15,1,4,1,1,2,5,10,1,2,1,1
1689,66,2025-11-04,383,26,9,1,20,7,3,0,0,0,1,3,6,1,2,1,1
1690,66,2025-11-04,385,26,9,1,4,4,3,0,0,0,0,3,5,0,1,1,1
1691,66,2025-11-04,386,26,9,1,7,3,1,1,0,0,1,2,5,0,1,0,0
1692,66,2025-11-04,387,26,9,1,21,4,2,2,0,0,0,2,3,0,1,0,0
1693,66,2025-11-04,388,26,9,1,17,4,0,0,1,0,1,1,3,0,1,1,1
1694,66,2025-11-04,389,26,9,1,14,7,1,3,1,0,1,3,7,1,2,2,2
1695,66,2025-11-04,390,26,9,1,18,5,2,0,1,0,0,2,4,0,1,1,1
1696,66,2025-11-04,121,9,26,0,37,25,6,7,1,1,4,7,14,1,2,5,6
1697,66,2025-11-04,122,9,26,0,24,23,5,3,1,1,4,5,12,2,4,4,5
1698,66,2025-11-04,123,9,26,0,30,9,3,1,0,0,2,3,6,1,2,1,1
1699,66,2025-11-04,124,9,26,0,32,8,5,3,1,1,1,4,8,1,2,2,2
1700,66,2025-11-04,125,9,26,0,22,16,4,4,1,0,2,4,9,1,3,3,3
1701,66,2025-11-04,126,9,26,0,26,11,7,3,1,0,1,2,6,1,2,1,2
1702,66,2025-11-04,127,9,26,0,29,11,2,1,1,0,3,5,9,1,2,1,2
1703,66,2025-11-04,128,9,26,0,23,12,5,3,1,0,0,5,10,1,2,1,1
1704,66,2025-11-04,130,9,26,0,8,1,2,0,1,0,0,0,1,0,0,0,0
1705,66,2025-11-04,131,9,26,0,11,1,4,1,1,1,0,1,1,0,0,0,0
1706,66,2025-11-04,132,9,26,0,20,2,3,1,0,0,1,1,2,0,0,0,0
1707,66,2025-11-04,133,9,26,0,5,0,2,1,0,0,1,2,4,0,1,0,0
1708,66,2025-11-04,134,9,26,0,13,5,4,0,1,0,1,2,3,0,0,1,1
1709,67,2025-11-05,211,15,6,1,31,23,3,4,2,1,2,6,14,1,4,4,4
1710,67,2025-11-05,212,15,6,1,29,26,7,6,1,1,2,8,15,1,4,3,4
1711,67,2025-11-05,213,15,6,1,23,6,4,2,1,1,1,2,5,1,2,1,1
1712,67,2025-11-05,214,15,6,1,25,7,6,3,1,0,1,3,5,0,1,0,0
1713,67,2025-11-05,215,15,6,1,37,6,4,0,1,0,1,2,4,1,2,1,1
1714,67,2025-11-05,216,15,6,1,29,11,8,3,1,1,1,2,5,0,1,1,2
1715,67,2025-11-05,217,15,6,1,33,12,5,3,0,1,1,4,9,1,2,1,2
1716,67,2025-11-05,218,15,6,1,14,9,4,0,1,0,0,3,6,1,2,1,1
1717,67,2025-11-05,219,15,6,1,21,3,0,2,1,0,1,3,5,0,1,1,1
1718,67,2025-11-05,221,15,6,1,9,3,0,1,0,0,1,1,1,0,0,0,0
1719,67,2025-11-05,222,15,6,1,4,4,2,2,1,0,0,3,6,1,2,1,1
1720,67,2025-11-05,225,15,6,1,4,5,4,3,0,1,1,3,6,0,1,1,1
1721,67,2025-11-05,76,6,15,0,32,16,8,9,1,0,3,4,10,1,4,1,1
1722,67,2025-11-05,77,6,15,0,29,25,7,7,1,1,2,7,13,1,3,3,3
1723,67,2025-11-05,78,6,15,0,19,12,6,2,0,0,2,4,10,1,2,1,1
1724,67,2025-11-05,79,6,15,0,22,5,5,2,1,0,3,2,4,0,1,0,0
1725,67,2025-11-05,80,6,15,0,34,10,4,1,2,0,1,5,9,0,1,1,1
1726,67,2025-11-05,81,6,15,0,23,21,9,0,1,1,1,7,14,1,4,3,4
1727,67,2025-11-05,82,6,15,0,12,3,7,4,1,1,1,1,2,0,0,1,1
1728,67,2025-11-05,83,6,15,0,27,12,4,2,1,1,1,3,8,1,2,1,2
1729,67,2025-11-05,84,6,15,0,5,6,4,1,0,0,2,3,7,0,1,1,1
1730,67,2025-11-05,86,6,15,0,12,3,0,1,1,0,1,3,5,1,2,1,1
1731,67,2025-11-05,87,6,15,0,17,5,0,3,1,0,1,1,3,0,1,1,1
1732,67,2025-11-05,89,6,15,0,18,1,1,0,0,0,1,1,1,0,0,0,0
1733,67,2025-11-05,90,6,15,0,15,2,0,3,0,0,1,2,4,0,1,0,0
1734,68,2025-11-05,136,10,19,1,31,24,6,4,1,0,2,8,14,1,3,4,5
1735,68,2025-11-05,137,10,19,1,31,34,9,8,1,1,2,8,20,2,4,3,4
1736,68,2025-11-05,138,10,19,1,23,8,5,3,1,0,2,4,8,1,2,2,2
1737,68,2025-11-05,139,10,19,1,24,12,4,3,0,0,1,3,8,1,3,2,3
1738,68,2025-11-05,140,10,19,1,23,5,1,0,0,0,1,1,2,0,0,1,1
1739,68,2025-11-05,141,10,19,1,18,8,2,2,0,1,2,2,4,0,1,1,2
1740,68,2025-11-05,142,10,19,1,34,9,4,5,0,0,0,3,7,1,2,1,1
1741,68,2025-11-05,143,10,19,1,25,9,7,5,1,0,1,4,8,1,2,1,1
1742,68,2025-11-05,144,10,19,1,12,7,2,1,0,0,2,2,4,0,1,1,1
1743,68,2025-11-05,147,10,19,1,10,2,2,1,0,1,1,2,3,0,1,0,0
1744,68,2025-11-05,148,10,19,1,8,4,2,1,1,0,1,2,4,0,1,0,0
1745,68,2025-11-05,150,10,19,1,8,6,3,0,0,0,0,2,3,0,1,1,1
1746,68,2025-11-05,271,19,10,0,38,11,1,2,2,0,3,5,9,1,2,1,1
1747,68,2025-11-05,272,19,10,0,29,19,7,3,2,0,2,4,10,1,4,3,3
1748,68,2025-11-05,273,19,10,0,23,5,7,1,0,1,1,2,4,0,1,0,0
1749,68,2025-11-05,274,19,10,0,28,12,2,1,2,0,2,2,6,1,2,2,2
1750,68,2025-11-05,275,19,10,0,24,9,5,2,1,0,1,2,6,1,2,1,1
1751,68,2025-11-05,276,19,10,0,29,7,4,3,1,0,1,3,7,0,1,1,1
1752,68,2025-11-05,277,19,10,0,26,10,1,1,1,1,2,3,6,1,2,1,1
1753,68,2025-11-05,278,19,10,0,31,6,3,0,2,0,0,2,3,0,1,1,1
1754,68,2025-11-05,281,19,10,0,10,2,0,2,0,0,1,1,2,0,1,0,0
1755,68,2025-11-05,282,19,10,0,6,3,2,0,1,0,1,0,1,0,0,1,1
1756,68,2025-11-05,283,19,10,0,5,5,2,0,1,0,1,1,2,0,1,1,1
1757,68,2025-11-05,285,19,10,0,25,3,1,2,0,0,1,2,4,0,1,0,0
1758,69,2025-11-05,436,30,18,1,40,39,7,6,1,0,2,10,20,3,8,6,8
1759,69,2025-11-05,437,30,18,1,39,16,2,8,1,1,3,6,12,1,3,2,2
1760,69,2025-11-05,438,30,18,1,21,9,4,1,0,0,1,3,7,1,3,1,1
1761,69,2025-11-05,439,30,18,1,26,7,7,3,1,0,1,2,3,0,1,0,0
1762,69,2025-11-05,440,30,18,1,26,8,8,2,1,0,1,3,8,1,2,1,1
1763,69,2025-11-05,441,30,18,1,30,8,2,3,1,1,2,3,6,1,2,1,1
1764,69,2025-11-05,442,30,18,1,13,7,1,2,1,1,2,3,6,1,2,1,1
1765,69,2025-11-05,443,30,18,1,21,14,3,5,1,1,1,3,7,1,3,3,3
1766,69,2025-11-05,445,30,18,1,16,8,0,1,0,0,1,3,6,0,1,1,1
1767,69,2025-11-05,447,30,18,1,4,1,1,0,1,0,1,0,1,0,0,0,0
1768,69,2025-11-05,448,30,18,1,13,5,4,1,1,0,1,2,5,1,2,0,0
1769,69,2025-11-05,450,30,18,1,9,4,1,2,1,0,1,2,4,0,1,0,0
1770,69,2025-11-05,256,18,30,0,33,20,3,6,1,1,2,7,14,1,3,2,2
1771,69,2025-11-05,257,18,30,0,36,16,4,1,2,1,3,4,9,1,3,1,2
1772,69,2025-11-05,258,18,30,0,26,8,0,0,1,1,2,4,8,0,1,1,1
1773,69,2025-11-05,259,18,30,0,17,3,1,1,1,1,1,2,4,1,2,0,0
1774,69,2025-11-05,260,18,30,0,15,10,3,3,1,0,1,5,8,1,3,1,1
1775,69,2025-11-05,261,18,30,0,21,2,1,3,2,1,1,1,1,0,0,0,0
1776,69,2025-11-05,262,18,30,0,32,11,1,1,2,1,3,5,9,1,2,1,1
1777,69,2025-11-05,263,18,30,0,27,7,1,0,0,0,1,2,6,1,2,1,1
1778,69,2025-11-05,264,18,30,0,10,5,2,0,1,0,0,2,6,0,1,0,0
1779,69,2025-11-05,265,18,30,0,15,5,1,0,1,0,1,2,3,0,1,0,0
1780,69,2025-11-05,266,18,30,0,13,3,2,1,1,0,0,2,5,0,1,0,0
1781,69,2025-11-05,268,18,30,0,4,5,2,0,0,0,1,1,2,0,1,0,0
1782,69,2025-11-05,269,18,30,0,10,8,0,1,1,0,2,3,6,1,2,1,2
1783,69,2025-11-05,270,18,30,0,16,2,1,1,1,0,0,2,4,0,1,0,0
1784,70,2025-11-05,226,16,17,1,39,23,7,8,0,1,3,7,12,2,5,2,2
1785,70,2025-11-05,227,16,17,1,34,25,4,4,1,0,3,7,16,2,4,2,3
1786,70,2025-11-05,228,16,17,1,19,9,7,7,1,0,1,2,4,1,2,1,1
1787,70,2025-11-05,229,16,17,1,35,11,3,4,1,1,0,3,6,1,2,2,2
1788,70,2025-11-05,230,16,17,1,17,9,5,0,1,0,3,3,8,1,2,1,2
1789,70,2025-11-05,231,16,17,1,32,7,1,3,1,1,1,1,3,0,1,1,1
1790,70,2025-11-05,232,16,17,1,22,5,3,3,1,1,2,2,6,0,1,1,1
1791,70,2025-11-05,233,16,17,1,32,8,5,5,1,1,1,2,4,0,1,1,1
1792,70,2025-11-05,235,16,17,1,13,1,0,1,1,0,1,1,2,0,1,0,0
1793,70,2025-11-05,236,16,17,1,4,3,2,1,1,0,0,1,3,0,1,1,1
1794,70,2025-11-05,237,16,17,1,19,4,2,0,0,0,1,1,2,0,1,1,1
1795,70,2025-11-05,239,16,17,1,16,3,3,2,0,0,1,1,2,0,0,0,0
1796,70,2025-11-05,241,17,16,0,39,21,6,7,2,1,3,5,11,1,3,1,1
1797,70,2025-11-05,242,17,16,0,30,17,8,2,1,1,4,6,11,0,1,1,1
1798,70,2025-11-05,243,17,16,0,22,8,5,2,1,1,1,3,6,1,3,1,1
1799,70,2025-11-05,244,17,16,0,19,18,3,2,1,1,1,5,11,1,3,2,3
1800,70,2025-11-05,245,17,16,0,22,8,6,3,1,0,2,4,8,1,3,0,0
1801,70,2025-11-05,246,17,16,0,18,8,5,2,2,0,1,2,5,0,1,1,1
1802,70,2025-11-05,247,17,16,0,18,5,2,6,1,0,1,2,5,0,1,1,1
1803,70,2025-11-05,248,17,16,0,33,11,0,1,1,0,2,3,6,1,2,1,2
1804,70,2025-11-05,249,17,16,0,12,5,3,2,1,0,1,3,6,1,2,1,1
1805,70,2025-11-05,251,17,16,0,13,0,4,2,0,0,1,1,1,0,0,0,0
1806,70,2025-11-05,253,17,16,0,15,4,2,1,0,1,1,1,2,0,1,1,1
1807,70,2025-11-05,254,17,16,0,9,6,1,1,1,0,0,2,4,0,1,1,1
1808,71,2025-11-05,361,25,12,1,31,19,6,3,1,1,4,4,9,1,3,4,4
1809,71,2025-11-05,362,25,12,1,38,21,7,9,2,0,3,5,11,1,5,2,2
1810,71,2025-11-05,363,25,12,1,25,6,0,2,0,0,2,1,3,0,1,0,0
1811,71,2025-11-05,364,25,12,1,28,7,5,2,0,0,2,3,7,0,1,1,1
1812,71,2025-11-05,365,25,12,1,16,9,3,2,1,1,3,3,8,1,3,1,1
1813,71,2025-11-05,366,25,12,1,25,13,4,2,0,0,1,4,8,1,3,2,2
1814,71,2025-11-05,367,25,12,1,25,9,6,2,1,0,3,2,4,0,1,2,2
1815,71,2025-11-05,368,25,12,1,36,12,4,1,1,0,1,5,9,1,4,1,1
1816,71,2025-11-05,369,25,12,1,12,3,2,1,0,0,0,3,5,1,2,0,0
1817,71,2025-11-05,370,25,12,1,13,4,3,0,0,0,1,3,5,0,1,0,0
1818,71,2025-11-05,371,25,12,1,15,5,1,1,1,0,1,2,5,0,1,1,1
1819,71,2025-11-05,372,25,12,1,15,1,0,1,1,0,0,0,1,0,0,0,0
1820,71,2025-11-05,373,25,12,1,18,4,3,2,1,0,1,2,4,0,1,1,1
1821,71,2025-11-05,374,25,12,1,10,6,2,2,1,0,0,2,5,1,2,1,1
1822,71,2025-11-05,166,12,25,0,28,15,6,2,1,1,5,4,9,1,2,2,3
1823,71,2025-11-05,167,12,25,0,27,27,8,5,1,1,3,7,15,1,2,3,4
1824,71,2025-11-05,168,12,25,0,29,8,3,1,1,0,1,3,6,1,2,1,1
1825,71,2025-11-05,169,12,25,0,26,9,6,3,0,0,1,3,5,0,1,1,1
1826,71,2025-11-05,170,12,25,0,24,6,3,2,1,0,1,4,7,1,2,1,1
1827,71,2025-11-05,171,12,25,0,27,12,3,5,0,0,2,5,9,0,1,1,1
1828,71,2025-11-05,172,12,25,0,28,4,2,1,0,1,2,2,5,1,2,1,1
1829,71,2025-11-05,173,12,25,0,28,9,5,5,1,1,2,2,4,0,1,1,1
1830,71,2025-11-05,174,12,25,0,12,4,1,2,1,0,2,1,3,0,1,1,1
1831,71,2025-11-05,176,12,25,0,7,1,1,2,1,0,1,2,4,0,1,0,0
1832,71,2025-11-05,177,12,25,0,21,4,2,1,0,0,0,2,4,0,1,0,0
1833,71,2025-11-05,178,12,25,0,11,2,4,1,1,1,1,1,1,0,0,0,0
1834,71,2025-11-05,179,12,25,0,12,5,3,1,1,0,0,3,6,1,2,1,1
1835,72,2025-11-05,46,4,22,1,29,22,6,7,1,0,2,4,11,2,5,4,5
1836,72,2025-11-05,47,4,22,1,38,17,4,6,2,1,3,5,12,1,4,2,3
1837,72,2025-11-05,48,4,22,1,28,5,0,3,0,1,1,3,6,1,2,1,1
1838,72,2025-11-05,49,4,22,1,19,7,4,2,0,0,1,3,5,1,2,1,1
1839,72,2025-11-05,50,4,22,1,22,6,5,4,1,1,1,2,4,1,2,1,1
1840,72,2025-11-05,51,4,22,1,23,15,8,3,1,1,1,5,10,1,2,1,2
1841,72,2025-11-05,52,4,22,1,20,7,5,1,1,0,0,2,4,0,1,1,1
1842,72,2025-11-05,53,4,22,1,25,9,4,2,1,0,1,2,5,1,2,1,1
1843,72,2025-11-05,54,4,22,1,21,4,3,0,1,0,1,1,2,0,1,1,1
1844,72,2025-11-05,55,4,22,1,8,5,1,2,1,0,1,2,5,1,2,1,1
1845,72,2025-11-05,56,4,22,1,15,4,3,1,0,0,1,3,6,0,1,1,1
1846,72,2025-11-05,57,4,22,1,13,3,1,2,0,1,0,3,5,0,1,0,0
1847,72,2025-11-05,58,4,22,1,16,6,3,1,0,0,1,2,4,1,2,1,1
1848,72,2025-11-05,316,22,4,0,34,30,6,6,2,1,3,9,17,1,3,4,5
1849,72,2025-11-05,317,22,4,0,34,24,0,2,1,1,4,7,14,1,2,2,3
1850,72,2025-11-05,318,22,4,0,30,13,5,4,0,0,1,5,10,1,2,2,2
1851,72,2025-11-05,319,22,4,0,22,14,2,4,1,0,1,4,9,1,3,2,2
1852,72,2025-11-05,320,22,4,0,25,10,7,1,1,0,1,4,8,1,3,1,2
1853,72,2025-11-05,321,22,4,0,21,9,5,3,0,0,2,3,6,1,2,1,2
1854,72,2025-11-05,322,22,4,0,23,12,1,4,1,0,1,4,10,1,4,1,1
1855,72,2025-11-05,323,22,4,0,21,15,8,1,1,0,2,6,11,2,5,1,2
1856,72,2025-11-05,324,22,4,0,13,0,1,1,1,1,1,1,2,0,1,0,0
1857,72,2025-11-05,325,22,4,0,10,7,2,1,0,0,1,4,7,1,2,1,1
1858,72,2025-11-05,327,22,4,0,7,7,3,0,1,0,1,2,4,0,1,1,1
1859,72,2025-11-05,328,22,4,0,11,3,1,2,1,0,1,2,4,0,1,0,0
1860,72,2025-11-05,330,22,4,0,16,4,3,2,1,0,1,3,6,1,2,1,1
1861,73,2025-11-06,151,11,5,1,35,17,3,4,1,1,3,4,8,1,3,2,3
1862,73,2025-11-06,152,11,5,1,36,27,7,1,1,1,3,6,14,1,2,3,4
1863,73,2025-11-06,153,11,5,1,22,9,3,1,1,1,1,2,5,0,1,1,1
1864,73,2025-11-06,154,11,5,1,26,11,0,3,1,0,1,3,6,1,2,1,1
1865,73,2025-11-06,155,11,5,1,21,7,2,2,1,0,2,1,3,0,0,1,1
1866,73,2025-11-06,156,11,5,1,19,9,2,1,1,1,1,2,4,1,2,1,2
1867,73,2025-11-06,157,11,5,1,21,7,2,2,1,0,1,1,3,0,0,2,2
1868,73,2025-11-06,158,11,5,1,19,10,3,1,1,1,0,2,5,0,1,1,2
1869,73,2025-11-06,161,11,5,1,8,7,0,1,0,1,1,1,3,0,0,1,1
1870,73,2025-11-06,162,11,5,1,8,6,0,1,0,0,1,1,3,0,1,1,1
1871,73,2025-11-06,165,11,5,1,14,6,3,1,0,0,0,2,5,0,1,0,0
1872,73,2025-11-06,61,5,11,0,34,13,2,5,0,0,2,4,7,1,2,1,1
1873,73,2025-11-06,62,5,11,0,29,14,8,5,0,0,3,4,7,1,3,1,1
1874,73,2025-11-06,63,5,11,0,16,15,4,3,1,1,1,4,10,0,1,2,3
1875,73,2025-11-06,64,5,11,0,17,3,0,0,0,0,3,2,4,0,1,1,1
1876,73,2025-11-06,65,5,11,0,21,4,5,3,1,0,2,2,4,1,2,1,1
1877,73,2025-11-06,66,5,11,0,27,10,6,2,1,1,0,4,9,1,2,2,2
1878,73,2025-11-06,67,5,11,0,18,5,3,2,1,0,1,1,2,0,1,1,1
1879,73,2025-11-06,68,5,11,0,22,6,1,2,1,0,2,3,7,1,3,1,1
1880,73,2025-11-06,69,5,11,0,15,2,1,0,0,0,1,1,3,0,1,0,0
1881,73,2025-11-06,70,5,11,0,12,6,1,3,0,0,0,2,4,1,2,1,1
1882,73,2025-11-06,71,5,11,0,4,6,1,2,0,0,1,4,7,1,2,1,1
1883,73,2025-11-06,72,5,11,0,9,1,1,1,1,0,0,2,4,0,1,0,0
1884,73,2025-11-06,73,5,11,0,16,4,2,2,0,0,0,2,3,0,1,1,1
1885,73,2025-11-06,75,5,11,0,9,6,2,2,0,0,0,2,4,1,2,1,1
1886,74,2025-11-06,196,14,21,1,33,23,8,5,1,1,3,9,15,1,2,5,6
1887,74,2025-11-06,197,14,21,1,37,20,7,7,2,1,4,5,11,1,3,2,2
1888,74,2025-11-06,198,14,21,1,32,10,5,3,1,1,0,3,6,1,2,1,1
1889,74,2025-11-06,199,14,21,1,25,5,6,3,0,0,3,3,5,1,2,1,1
1890,74,2025-11-06,200,14,21,1,27,5,3,0,1,0,1,3,6,0,1,0,0
1891,74,2025-11-06,201,14,21,1,27,6,5,4,1,0,1,3,6,1,2,1,1
1892,74,2025-11-06,202,14,21,1,14,11,3,0,1,0,1,4,8,1,2,1,1
1893,74,2025-11-06,203,14,21,1,26,8,2,3,0,0,2,2,4,0,0,1,1
1894,74,2025-11-06,204,14,21,1,13,4,1,1,0,0,1,2,5,0,1,0,0
1895,74,2025-11-06,206,14,21,1,18,3,2,1,1,0,1,0,1,0,0,1,1
1896,74,2025-11-06,207,14,21,1,4,3,2,1,0,0,0,1,3,0,1,0,0
1897,74,2025-11-06,209,14,21,1,11,3,1,0,0,0,1,1,3,0,1,0,0
1898,74,2025-11-06,210,14,21,1,17,9,0,1,1,0,0,3,5,0,1,1,2
1899,74,2025-11-06,301,21,14,0,29,19,4,2,1,2,3,6,12,0,1,2,2
1900,74,2025-11-06,302,21,14,0,31,21,5,5,1,1,3,5,12,1,2,3,4
1901,74,2025-11-06,303,21,14,0,21,7,3,3,1,0,1,2,3,0,1,2,2
1902,74,2025-11-06,304,21,14,0,18,7,3,2,0,1,2,2,3,0,1,1,1
1903,74,2025-11-06,305,21,14,0,25,9,4,2,0,0,0,3,8,1,4,1,1
1904,74,2025-11-06,306,21,14,0,20,10,5,1,0,0,0,3,6,1,2,1,1
1905,74,2025-11-06,307,21,14,0,32,6,0,3,1,1,2,3,6,0,1,1,1
1906,74,2025-11-06,308,21,14,0,24,9,6,2,0,1,1,3,8,1,2,1,1
1907,74,2025-11-06,309,21,14,0,14,2,1,2,0,0,0,2,4,0,1,0,0
1908,74,2025-11-06,310,21,14,0,9,3,0,1,0,0,0,1,2,0,1,1,1
1909,74,2025-11-06,311,21,14,0,21,5,5,1,0,0,0,3,6,1,2,1,1
1910,74,2025-11-06,312,21,14,0,12,3,3,2,0,0,1,0,1,0,0,0,0
1911,74,2025-11-06,313,21,14,0,12,6,0,2,1,0,1,2,4,0,1,1,1
1912,74,2025-11-06,314,21,14,0,13,2,1,1,0,0,1,1,2,0,1,0,0
1913,75,2025-11-06,331,23,7,1,31,26,3,5,1,0,3,5,12,0,1,4,4
1914,75,2025-11-06,332,23,7,1,31,17,4,7,1,1,3,7,12,1,2,2,2
1915,75,2025-11-06,333,23,7,1,30,8,5,2,0,0,1,4,8,1,2,1,1
1916,75,2025-11-06,334,23,7,1,16,13,1,0,1,1,0,3,8,1,3,1,1
1917,75,2025-11-06,335,23,7,1,28,14,7,3,0,0,2,6,11,0,1,1,2
1918,75,2025-11-06,336,23,7,1,15,3,6,3,1,0,2,2,3,0,1,0,0
1919,75,2025-11-06,337,23,7,1,25,12,4,1,1,0,1,4,8,0,1,2,2
1920,75,2025-11-06,338,23,7,1,28,11,5,1,0,0,2,4,7,1,2,1,1
1921,75,2025-11-06,339,23,7,1,18,4,3,0,1,0,0,1,3,0,1,0,0
1922,75,2025-11-06,341,23,7,1,18,7,0,2,0,0,1,3,5,1,2,1,1
1923,75,2025-11-06,342,23,7,1,13,3,2,1,1,1,1,2,5,1,2,0,0
1924,75,2025-11-06,343,23,7,1,15,7,2,0,0,0,1,3,7,1,3,1,1
1925,75,2025-11-06,345,23,7,1,16,0,1,0,1,0,0,1,3,0,1,0,0
1926,75,2025-11-06,91,7,23,0,38,17,4,4,2,1,3,3,9,0,1,3,4
1927,75,2025-11-06,92,7,23,0,30,26,5,2,2,1,3,6,16,2,6,5,6
1928,75,2025-11-06,93,7,23,0,27,17,2,2,1,0,2,5,12,0,1,3,3
1929,75,2025-11-06,94,7,23,0,22,9,1,0,1,0,2,2,4,0,1,2,2
1930,75,2025-11-06,95,7,23,0,29,13,3,3,0,0,1,3,6,1,2,1,2
1931,75,2025-11-06,96,7,23,0,25,6,4,3,1,0,0,2,5,0,1,1,1
1932,75,2025-11-06,97,7,23,0,32,9,6,5,0,0,3,4,7,1,2,1,1
1933,75,2025-11-06,98,7,23,0,26,8,3,2,0,1,2,2,4,0,1,1,1
1934,75,2025-11-06,99,7,23,0,16,8,2,2,1,0,0,3,6,1,2,1,1
1935,75,2025-11-06,101,7,23,0,20,2,3,1,1,0,0,3,5,0,1,0,0
1936,75,2025-11-06,102,7,23,0,13,4,3,0,0,0,1,2,3,0,0,1,1
1937,75,2025-11-06,103,7,23,0,12,6,0,1,1,0,1,2,4,1,2,0,0
1938,75,2025-11-06,104,7,23,0,5,6,1,1,1,0,2,3,5,0,1,1,1
1939,75,2025-11-06,105,7,23,0,16,1,1,1,1,1,1,1,1,0,0,0,0
1940,76,2025-11-06,331,23,9,1,29,18,3,2,1,1,1,5,9,1,4,2,3
1941,76,2025-11-06,332,23,9,1,34,15,3,6,2,1,2,3,7,0,1,3,3
1942,76,2025-11-06,333,23,9,1,33,6,7,4,1,1,2,3,5,0,1,0,0
1943,76,2025-11-06,334,23,9,1,23,8,4,2,0,1,1,2,4,0,1,2,2
1944,76,2025-11-06,335,23,9,1,24,11,5,6,1,1,2,4,9,1,3,1,2
1945,76,2025-11-06,336,23,9,1,25,9,6,3,1,1,1,2,4,0,1,1,1
1946,76,2025-11-06,337,23,9,1,21,7,4,0,1,1,0,3,5,0,1,1,1
1947,76,2025-11-06,338,23,9,1,24,10,4,2,1,0,2,5,9,0,1,1,1
1948,76,2025-11-06,339,23,9,1,11,4,0,1,0,0,0,2,4,0,0,1,1
1949,76,2025-11-06,340,23,9,1,4,4,2,2,0,0,1,1,2,0,1,1,1
1950,76,2025-11-06,341,23,9,1,16,2,4,0,0,0,1,0,1,0,0,0,0
1951,76,2025-11-06,342,23,9,1,13,4,3,0,1,0,0,2,5,0,1,1,1
1952,76,2025-11-06,343,23,9,1,22,4,5,2,1,0,0,1,2,0,1,1,1
1953,76,2025-11-06,345,23,9,1,7,1,2,1,0,0,0,1,1,0,0,0,0
1954,76,2025-11-06,121,9,23,0,29,12,8,1,1,1,4,6,10,2,4,1,1
1955,76,2025-11-06,122,9,23,0,33,18,3,9,0,0,2,5,10,1,3,2,2
1956,76,2025-11-06,123,9,23,0,18,11,1,1,1,0,1,4,7,1,2,1,2
1957,76,2025-11-06,124,9,23,0,29,6,0,1,1,0,2,3,5,1,2,1,1
1958,76,2025-11-06,125,9,23,0,27,7,5,2,0,1,0,3,5,0,1,1,1
1959,76,2025-11-06,126,9,23,0,20,11,6,1,1,1,2,4,9,1,3,2,2
1960,76,2025-11-06,127,9,23,0,30,9,6,2,1,1,1,3,6,1,3,1,1
1961,76,2025-11-06,128,9,23,0,25,10,3,2,1,0,1,4,8,1,3,1,2
1962,76,2025-11-06,129,9,23,0,13,4,0,1,0,0,1,1,2,0,0,0,0
1963,76,2025-11-06,130,9,23,0,9,7,1,2,1,0,0,2,3,0,1,1,1
1964,76,2025-11-06,131,9,23,0,10,1,0,1,1,0,0,0,1,0,0,0,0
1965,76,2025-11-06,132,9,23,0,9,2,2,0,0,0,1,0,1,0,0,0,0
1966,76,2025-11-06,133,9,23,0,10,5,2,1,0,0,1,3,5,0,1,1,1
1967,76,2025-11-06,134,9,23,0,6,4,3,1,1,0,1,2,6,0,1,0,0
1968,76,2025-11-06,135,9,23,0,19,2,2,0,0,0,1,2,5,1,2,0,0
1969,77,2025-11-06,166,12,6,1,40,18,6,1,1,1,3,5,10,1,2,1,1
1970,77,2025-11-06,167,12,6,1,36,23,6,4,1,2,3,7,13,1,3,1,1
1971,77,2025-11-06,168,12,6,1,28,10,2,4,0,0,0,4,8,1,2,1,1
1972,77,2025-11-06,169,12,6,1,24,4,8,4,1,1,3,3,6,1,2,1,1
1973,77,2025-11-06,170,12,6,1,13,5,3,3,0,0,3,3,6,0,1,1,1
1974,77,2025-11-06,171,12,6,1,24,2,3,4,1,0,0,2,4,0,1,0,0
1975,77,2025-11-06,172,12,6,1,27,9,4,3,1,0,1,3,8,1,3,2,2
1976,77,2025-11-06,173,12,6,1,31,13,8,3,1,1,1,3,7,1,3,3,3
1977,77,2025-11-06,174,12,6,1,18,7,3,0,0,0,1,3,6,0,1,1,1
1978,77,2025-11-06,175,12,6,1,13,4,1,1,0,0,1,3,6,0,1,1,1
1979,77,2025-11-06,177,12,6,1,4,5,3,1,1,0,1,2,4,1,2,1,1
1980,77,2025-11-06,178,12,6,1,7,4,4,2,0,0,0,3,6,1,3,0,0
1981,77,2025-11-06,179,12,6,1,7,1,2,3,0,0,1,1,1,0,0,0,0
1982,77,2025-11-06,180,12,6,1,15,4,1,1,0,0,0,1,3,0,1,0,0
1983,77,2025-11-06,76,6,12,0,33,12,8,7,1,0,2,3,7,1,2,2,2
1984,77,2025-11-06,77,6,12,0,30,18,5,6,0,1,3,5,10,1,3,1,2
1985,77,2025-11-06,78,6,12,0,15,8,4,3,1,0,1,3,7,0,1,1,1
1986,77,2025-11-06,79,6,12,0,21,11,10,1,1,0,2,4,8,1,4,1,1
1987,77,2025-11-06,80,6,12,0,23,9,6,6,1,1,2,3,6,0,1,1,1
1988,77,2025-11-06,81,6,12,0,26,10,3,4,0,0,1,5,9,1,2,1,1
1989,77,2025-11-06,82,6,12,0,19,17,5,3,1,0,1,5,12,2,5,2,2
1990,77,2025-11-06,83,6,12,0,23,11,5,2,1,0,1,4,8,0,1,1,1
1991,77,2025-11-06,84,6,12,0,11,2,1,0,1,0,0,1,2,0,1,0,0
1992,77,2025-11-06,85,6,12,0,20,7,3,0,0,1,1,4,7,0,1,2,2
1993,77,2025-11-06,86,6,12,0,9,2,0,1,1,0,1,3,5,0,1,0,0
1994,77,2025-11-06,87,6,12,0,14,5,1,2,0,0,0,2,4,0,1,1,1
1995,77,2025-11-06,88,6,12,0,15,6,2,2,0,0,2,2,4,1,2,1,1
1996,77,2025-11-06,89,6,12,0,8,6,1,1,0,0,2,2,3,0,1,1,1
1997,77,2025-11-06,90,6,12,0,15,6,2,1,0,0,1,2,3,0,1,1,1
1998,78,2025-11-06,211,15,14,1,31,21,6,5,1,0,4,7,14,1,4,2,3
1999,78,2025-11-06,212,15,14,1,36,19,3,2,1,0,3,6,12,1,3,3,3
2000,78,2025-11-06,213,15,14,1,21,7,3,3,0,0,1,4,7,0,1,0,0
2001,78,2025-11-06,214,15,14,1,23,11,1,2,1,0,1,4,8,0,1,1,1
2002,78,2025-11-06,215,15,14,1,22,9,3,2,1,1,2,3,5,0,1,1,2
2003,78,2025-11-06,216,15,14,1,21,9,3,2,0,1,1,3,6,1,2,2,2
2004,78,2025-11-06,217,15,14,1,22,13,1,4,1,0,1,4,8,1,2,1,2
2005,78,2025-11-06,218,15,14,1,27,7,2,3,1,0,2,2,6,0,1,1,1
2006,78,2025-11-06,219,15,14,1,14,4,1,0,1,1,1,3,5,1,2,1,1
2007,78,2025-11-06,220,15,14,1,15,2,2,2,1,0,1,1,1,0,0,0,0
2008,78,2025-11-06,221,15,14,1,4,0,0,2,0,0,0,1,3,0,1,0,0
2009,78,2025-11-06,222,15,14,1,11,4,0,1,0,0,0,2,3,0,1,0,0
2010,78,2025-11-06,225,15,14,1,6,4,4,1,0,0,0,2,3,0,1,0,0
2011,78,2025-11-06,196,14,15,0,31,14,8,10,1,0,3,4,9,1,2,2,2
2012,78,2025-11-06,197,14,15,0,38,28,9,4,2,1,3,6,14,2,4,4,5
2013,78,2025-11-06,198,14,15,0,30,6,3,2,1,0,0,3,7,1,2,1,1
2014,78,2025-11-06,199,14,15,0,32,10,3,3,0,0,3,4,8,1,2,1,2
2015,78,2025-11-06,200,14,15,0,23,13,3,2,1,0,2,3,6,1,3,1,1
2016,78,2025-11-06,201,14,15,0,32,7,6,3,1,1,1,3,7,1,3,1,2
2017,78,2025-11-06,202,14,15,0,13,9,2,2,1,0,1,2,4,1,2,2,2
2018,78,2025-11-06,203,14,15,0,28,9,7,3,0,0,2,2,4,0,1,1,1
2019,78,2025-11-06,204,14,15,0,10,1,0,3,0,0,1,0,1,0,0,0,0
2020,78,2025-11-06,207,14,15,0,9,3,4,2,0,0,1,1,2,0,1,0,0
2021,78,2025-11-06,208,14,15,0,11,8,2,1,1,0,1,3,8,0,1,1,1
2022,78,2025-11-06,210,14,15,0,15,6,2,1,1,0,1,2,3,0,1,1,1
2023,79,2025-11-07,361,25,29,1,34,25,7,9,2,1,4,6,12,2,5,5,6
2024,79,2025-11-07,362,25,29,1,36,27,7,4,1,1,3,7,15,1,3,2,3
2025,79,2025-11-07,363,25,29,1,22,14,2,3,1,0,1,4,8,0,1,2,2
2026,79,2025-11-07,364,25,29,1,25,6,0,2,1,1,1,2,3,0,1,1,1
2027,79,2025-11-07,365,25,29,1,28,6,2,0,0,0,1,1,3,0,0,0,0
2028,79,2025-11-07,366,25,29,1,14,10,6,0,1,1,2,3,7,1,2,1,2
2029,79,2025-11-07,367,25,29,1,25,10,3,1,0,1,1,3,6,1,2,1,2
2030,79,2025-11-07,368,25,29,1,22,9,4,4,1,0,2,2,5,0,1,2,2
2031,79,2025-11-07,369,25,29,1,4,6,3,0,0,0,1,3,6,1,2,1,1
2032,79,2025-11-07,372,25,29,1,17,7,1,1,1,0,0,3,6,0,1,1,2
2033,79,2025-11-07,375,25,29,1,9,1,0,0,0,0,1,0,1,0,0,0,0
2034,79,2025-11-07,421,29,25,0,27,14,11,3,2,0,3,5,11,2,4,1,1
2035,79,2025-11-07,422,29,25,0,32,22,5,6,1,1,2,8,13,1,2,4,5
2036,79,2025-11-07,423,29,25,0,22,10,6,3,1,0,1,4,9,1,3,1,2
2037,79,2025-11-07,424,29,25,0,26,11,2,3,1,0,2,3,7,1,3,1,1
2038,79,2025-11-07,425,29,25,0,25,7,4,3,1,0,1,2,3,0,1,0,0
2039,79,2025-11-07,426,29,25,0,21,7,3,1,0,0,3,2,3,0,1,1,1
2040,79,2025-11-07,427,29,25,0,29,3,1,3,0,1,1,1,3,0,1,1,1
2041,79,2025-11-07,428,29,25,0,20,10,6,5,1,0,1,2,5,1,2,2,2
2042,79,2025-11-07,429,29,25,0,9,5,1,1,0,0,0,1,2,0,1,1,1
2043,79,2025-11-07,430,29,25,0,18,6,3,1,0,0,0,3,5,1,2,1,1
2044,79,2025-11-07,431,29,25,0,12,8,2,1,0,0,1,3,6,1,2,2,2
2045,79,2025-11-07,432,29,25,0,15,7,1,2,0,0,1,3,7,1,2,2,2
2046,79,2025-11-07,433,29,25,0,11,5,4,0,1,0,1,1,2,0,1,1,1
2047,80,2025-11-07,346,24,21,1,36,25,6,4,2,1,3,7,13,1,2,4,5
2048,80,2025-11-07,347,24,21,1,30,24,8,5,1,1,3,6,14,1,2,2,2
2049,80,2025-11-07,348,24,21,1,18,11,4,1,1,0,1,4,9,1,2,2,2
2050,80,2025-11-07,349,24,21,1,23,8,4,3,1,0,1,4,7,1,2,1,1
2051,80,2025-11-07,350,24,21,1,15,7,9,0,1,0,1,4,7,1,3,1,1
2052,80,2025-11-07,351,24,21,1,19,12,3,2,1,0,2,4,7,1,2,2,2
2053,80,2025-11-07,352,24,21,1,23,13,5,0,1,1,0,6,10,1,4,2,3
2054,80,2025-11-07,353,24,21,1,21,6,6,4,1,0,2,2,3,0,0,1,1
2055,80,2025-11-07,354,24,21,1,17,2,1,1,1,0,0,1,2,0,0,0,0
2056,80,2025-11-07,355,24,21,1,9,3,1,0,0,0,1,0,1,0,0,0,0
2057,80,2025-11-07,356,24,21,1,17,4,2,0,1,0,1,2,4,0,1,0,0
2058,80,2025-11-07,358,24,21,1,12,8,2,1,0,0,0,2,4,0,1,1,1
2059,80,2025-11-07,359,24,21,1,12,3,2,2,1,0,0,1,2,0,1,0,0
2060,80,2025-11-07,301,21,24,0,30,18,2,6,1,1,4,5,13,2,5,3,4
2061,80,2025-11-07,302,21,24,0,35,30,10,5,1,2,1,7,16,1,4,3,5
2062,80,2025-11-07,303,21,24,0,24,4,3,3,0,1,2,1,2,0,1,1,1
2063,80,2025-11-07,304,21,24,0,19,9,4,2,1,0,1,4,8,0,1,1,1
2064,80,2025-11-07,305,21,24,0,25,8,2,2,0,1,2,4,8,1,3,1,1
2065,80,2025-11-07,306,21,24,0,27,8,4,2,1,0,2,2,5,1,2,1,2
2066,80,2025-11-07,307,21,24,0,21,9,3,3,1,0,2,3,6,1,2,0,0
2067,80,2025-11-07,308,21,24,0,15,7,2,4,2,0,1,3,7,1,2,1,1
2068,80,2025-11-07,309,21,24,0,11,6,2,2,1,0,1,2,4,0,1,1,1
2069,80,2025-11-07,311,21,24,0,15,2,3,1,1,0,1,2,4,0,1,0,0
2070,80,2025-11-07,312,21,24,0,10,4,3,1,1,0,1,2,5,1,2,1,1
2071,80,2025-11-07,313,21,24,0,4,6,1,2,0,1,0,2,6,1,2,1,1
2072,80,2025-11-07,314,21,24,0,7,5,4,0,0,1,1,2,3,0,0,1,1
2073,80,2025-11-07,315,21,24,0,9,9,4,0,0,0,1,2,4,0,1,2,2
2074,81,2025-11-07,271,19,8,1,38,25,8,7,2,0,2,7,16,1,4,4,5
2075,81,2025-11-07,272,19,8,1,31,9,5,5,1,1,2,4,7,1,3,1,1
2076,81,2025-11-07,273,19,8,1,24,3,1,6,1,0,1,2,5,0,1,1,1
2077,81,2025-11-07,274,19,8,1,27,8,3,4,0,0,1,3,5,0,1,1,1
2078,81,2025-11-07,275,19,8,1,17,5,7,1,0,0,1,1,3,0,0,1,1
2079,81,2025-11-07,276,19,8,1,29,10,6,3,1,1,2,3,6,1,2,1,1
2080,81,2025-11-07,277,19,8,1,22,12,4,3,2,0,1,3,8,1,2,1,2
2081,81,2025-11-07,278,19,8,1,18,5,5,3,1,1,2,3,6,1,2,0,0
2082,81,2025-11-07,279,19,8,1,16,4,2,1,1,0,1,1,3,0,1,0,0
2083,81,2025-11-07,283,19,8,1,9,4,0,0,1,0,0,1,3,0,1,0,0
2084,81,2025-11-07,284,19,8,1,16,5,1,1,0,1,0,2,4,0,1,1,1
2085,81,2025-11-07,285,19,8,1,19,4,3,1,0,0,0,3,6,0,1,1,1
2086,81,2025-11-07,106,8,19,0,30,10,5,8,2,0,3,4,7,1,3,1,1
2087,81,2025-11-07,107,8,19,0,26,24,0,8,0,0,2,6,11,0,1,1,2
2088,81,2025-11-07,108,8,19,0,29,11,3,2,1,0,2,2,5,0,1,1,1
2089,81,2025-11-07,109,8,19,0,25,10,8,3,2,0,2,4,9,1,2,1,1
2090,81,2025-11-07,110,8,19,0,21,7,0,2,0,0,1,1,3,0,1,1,1
2091,81,2025-11-07,111,8,19,0,29,8,5,2,1,0,2,2,5,0,1,1,1
2092,81,2025-11-07,112,8,19,0,22,11,3,1,1,1,1,3,6,0,1,1,2
2093,81,2025-11-07,113,8,19,0,17,8,1,0,1,0,2,2,4,0,1,1,2
2094,81,2025-11-07,114,8,19,0,9,4,2,0,0,0,0,1,3,0,1,1,1
2095,81,2025-11-07,115,8,19,0,16,0,2,1,0,0,0,0,1,0,0,0,0
2096,81,2025-11-07,116,8,19,0,13,1,3,1,1,0,1,0,1,0,0,0,0
2097,81,2025-11-07,119,8,19,0,11,0,3,1,1,0,0,0,1,0,0,0,0
2098,81,2025-11-07,120,8,19,0,13,5,1,1,1,0,1,2,5,1,2,0,0
2099,82,2025-11-07,391,27,11,1,34,21,0,1,2,0,5,5,13,1,4,1,1
2100,82,2025-11-07,392,27,11,1,39,33,7,6,1,0,2,8,20,2,6,3,4
2101,82,2025-11-07,393,27,11,1,20,4,5,2,1,0,1,3,5,1,2,0,0
2102,82,2025-11-07,394,27,11,1,30,2,2,3,1,0,2,2,5,0,1,0,0
2103,82,2025-11-07,395,27,11,1,30,15,7,1,1,0,2,4,11,0,1,1,1
2104,82,2025-11-07,396,27,11,1,27,8,3,2,0,0,2,3,5,0,1,1,1
2105,82,2025-11-07,397,27,11,1,31,13,5,3,0,0,1,4,10,1,4,1,2
2106,82,2025-11-07,398,27,11,1,20,2,4,0,1,0,1,0,1,0,0,0,0
2107,82,2025-11-07,399,27,11,1,6,8,2,0,0,0,0,3,8,1,2,1,2
2108,82,2025-11-07,401,27,11,1,10,2,3,2,0,0,0,0,1,0,0,0,0
2109,82,2025-11-07,402,27,11,1,14,4,3,2,1,0,0,3,5,1,2,1,1
2110,82,2025-11-07,403,27,11,1,14,4,4,2,1,0,0,2,5,0,1,1,1
2111,82,2025-11-07,404,27,11,1,13,5,3,1,1,0,2,1,3,0,1,0,0
2112,82,2025-11-07,151,11,27,0,34,25,4,7,1,0,3,6,13,1,3,4,6
2113,82,2025-11-07,152,11,27,0,29,14,4,5,1,0,2,4,8,1,3,1,1
2114,82,2025-11-07,153,11,27,0,32,8,1,0,1,0,2,3,7,1,2,1,1
2115,82,2025-11-07,154,11,27,0,30,10,8,2,0,1,1,3,6,1,3,2,2
2116,82,2025-11-07,155,11,27,0,22,7,3,3,1,1,1,2,3,0,0,1,1
2117,82,2025-11-07,156,11,27,0,30,9,5,4,1,0,2,4,7,0,1,2,2
2118,82,2025-11-07,157,11,27,0,27,8,2,2,1,1,2,4,8,0,1,1,1
2119,82,2025-11-07,158,11,27,0,31,9,0,2,1,1,1,3,6,1,3,1,1
2120,82,2025-11-07,159,11,27,0,13,4,3,0,1,0,0,2,5,1,2,1,1
2121,82,2025-11-07,160,11,27,0,13,4,0,1,1,0,0,2,3,0,1,1,1
2122,82,2025-11-07,161,11,27,0,19,1,4,1,1,0,0,1,2,0,1,0,0
2123,82,2025-11-07,162,11,27,0,9,7,3,1,0,0,1,2,5,1,2,1,1
2124,82,2025-11-07,163,11,27,0,15,3,3,0,1,0,1,1,3,0,1,0,0
2125,82,2025-11-07,164,11,27,0,13,6,0,0,0,0,0,2,3,0,1,1,1
2126,83,2025-11-07,31,3,28,1,36,21,3,3,0,0,4,4,10,1,2,4,5
2127,83,2025-11-07,32,3,28,1,38,20,4,7,1,1,1,6,12,1,3,3,4
2128,83,2025-11-07,33,3,28,1,21,6,4,3,1,1,1,2,5,0,1,1,1
2129,83,2025-11-07,34,3,28,1,27,10,6,4,1,0,3,3,6,0,1,1,1
2130,83,2025-11-07,35,3,28,1,35,11,1,4,2,0,1,4,9,0,1,1,2
2131,83,2025-11-07,36,3,28,1,25,8,3,4,0,1,1,2,5,0,1,1,2
2132,83,2025-11-07,37,3,28,1,26,10,6,0,0,0,2,4,9,1,2,1,2
2133,83,2025-11-07,38,3,28,1,18,12,6,1,0,1,2,3,6,1,3,3,3
2134,83,2025-11-07,41,3,28,1,13,2,3,1,1,0,1,1,1,0,0,0,0
2135,83,2025-11-07,42,3,28,1,10,2,2,2,0,0,0,3,5,1,2,0,0
2136,83,2025-11-07,43,3,28,1,12,5,2,2,0,0,0,2,4,0,1,1,1
2137,83,2025-11-07,406,28,3,0,28,24,5,3,1,0,1,6,15,1,2,2,2
2138,83,2025-11-07,407,28,3,0,31,15,2,2,2,0,4,5,11,2,5,1,2
2139,83,2025-11-07,408,28,3,0,21,8,10,3,1,0,0,2,4,0,1,2,2
2140,83,2025-11-07,409,28,3,0,22,7,1,3,1,0,1,2,5,0,1,1,1
2141,83,2025-11-07,410,28,3,0,20,6,4,2,1,1,0,3,5,0,1,1,1
2142,83,2025-11-07,411,28,3,0,21,10,5,2,0,0,3,3,5,1,2,1,1
2143,83,2025-11-07,412,28,3,0,24,1,2,3,1,1,2,2,3,0,1,0,0
2144,83,2025-11-07,413,28,3,0,25,5,4,3,1,1,0,1,3,0,1,1,1
2145,83,2025-11-07,415,28,3,0,8,0,2,3,0,0,1,1,2,0,0,0,0
2146,83,2025-11-07,416,28,3,0,17,6,2,2,0,0,0,2,4,0,1,1,1
2147,83,2025-11-07,417,28,3,0,5,3,1,2,1,0,1,2,4,1,2,1,1
2148,83,2025-11-07,418,28,3,0,12,6,2,1,1,1,1,1,3,0,1,1,1
2149,83,2025-11-07,420,28,3,0,5,5,2,0,0,0,1,2,5,1,2,1,1
2150,84,2025-11-07,436,30,5,1,32,12,2,5,2,1,3,4,7,1,2,2,3
2151,84,2025-11-07,437,30,5,1,30,15,6,5,1,1,1,3,7,0,1,1,1
2152,84,2025-11-07,438,30,5,1,29,7,4,1,1,1,1,1,3,0,0,1,2
2153,84,2025-11-07,439,30,5,1,23,3,1,4,1,0,0,0,1,0,0,0,0
2154,84,2025-11-07,440,30,5,1,9,6,4,1,1,0,1,4,7,1,2,1,1
2155,84,2025-11-07,441,30,5,1,28,6,7,0,0,1,2,3,7,1,2,1,1
2156,84,2025-11-07,442,30,5,1,31,6,1,0,1,0,1,4,7,0,1,1,1
2157,84,2025-11-07,443,30,5,1,35,6,5,3,1,1,2,2,4,1,2,1,1
2158,84,2025-11-07,444,30,5,1,18,1,3,2,1,1,1,1,2,0,1,0,0
2159,84,2025-11-07,445,30,5,1,9,5,1,2,0,0,0,3,6,0,1,1,1
2160,84,2025-11-07,446,30,5,1,9,1,1,1,0,0,1,1,1,0,0,0,0
2161,84,2025-11-07,447,30,5,1,20,3,1,1,1,0,1,2,3,0,1,1,1
2162,84,2025-11-07,448,30,5,1,11,4,4,1,0,0,0,1,2,0,0,0,0
2163,84,2025-11-07,449,30,5,1,9,0,2,1,1,0,1,1,2,0,1,0,0
2164,84,2025-11-07,450,30,5,1,6,2,3,2,0,0,0,1,2,0,1,0,0
2165,84,2025-11-07,61,5,30,0,29,24,2,7,1,0,4,6,12,2,5,2,3
2166,84,2025-11-07,62,5,30,0,31,26,4,7,2,1,3,5,13,1,4,3,4
2167,84,2025-11-07,63,5,30,0,27,16,8,4,1,0,1,4,9,1,3,2,2
2168,84,2025-11-07,64,5,30,0,17,2,4,2,0,0,2,0,1,0,0,0,0
2169,84,2025-11-07,65,5,30,0,26,5,0,2,1,0,1,2,5,0,1,1,1
2170,84,2025-11-07,66,5,30,0,30,7,3,0,2,0,1,4,7,0,1,1,1
2171,84,2025-11-07,67,5,30,0,24,11,0,3,1,0,2,4,9,0,1,1,1
2172,84,2025-11-07,68,5,30,0,31,11,5,3,1,0,1,2,5,0,1,1,2
2173,84,2025-11-07,69,5,30,0,13,4,1,1,1,0,0,3,6,1,2,1,1
2174,84,2025-11-07,71,5,30,0,10,5,4,2,1,0,1,2,5,0,1,1,1
2175,84,2025-11-07,72,5,30,0,9,5,0,0,1,0,1,1,3,0,1,0,0
2176,84,2025-11-07,74,5,30,0,17,0,3,1,0,0,1,0,1,0,0,0,0
2177,84,2025-11-07,75,5,30,0,14,0,3,2,0,0,1,1,1,0,0,0,0
2178,85,2025-11-08,256,18,17,1,29,26,12,6,2,1,2,6,12,1,3,4,5
2179,85,2025-11-08,257,18,17,1,32,28,5,3,1,1,3,6,13,1,2,4,5
2180,85,2025-11-08,258,18,17,1,24,10,5,4,1,0,1,3,5,0,1,2,2
2181,85,2025-11-08,259,18,17,1,27,7,4,3,1,0,3,2,5,0,1,1,1
2182,85,2025-11-08,260,18,17,1,32,11,4,4,1,1,2,3,6,1,2,1,2
2183,85,2025-11-08,261,18,17,1,26,10,4,3,1,1,1,5,8,0,1,1,1
2184,85,2025-11-08,262,18,17,1,24,11,5,1,1,0,1,3,5,1,2,1,2
2185,85,2025-11-08,263,18,17,1,29,5,3,1,1,1,2,1,3,0,0,0,0
2186,85,2025-11-08,264,18,17,1,4,3,2,1,0,0,0,0,1,0,0,1,1
2187,85,2025-11-08,265,18,17,1,17,6,3,1,1,0,1,3,6,0,1,1,1
2188,85,2025-11-08,267,18,17,1,10,5,3,1,1,0,1,1,2,0,1,1,1
2189,85,2025-11-08,268,18,17,1,10,1,3,2,1,0,1,1,2,0,1,0,0
2190,85,2025-11-08,269,18,17,1,18,5,4,1,0,0,0,2,4,1,2,1,1
2191,85,2025-11-08,241,17,18,0,30,21,8,1,1,0,3,5,10,1,4,1,2
2192,85,2025-11-08,242,17,18,0,35,17,8,5,1,0,5,7,12,1,2,2,2
2193,85,2025-11-08,243,17,18,0,19,9,7,3,1,0,0,4,8,1,3,2,2
2194,85,2025-11-08,244,17,18,0,23,8,9,3,1,0,1,2,4,0,1,1,1
2195,85,2025-11-08,245,17,18,0,19,3,8,2,0,1,3,2,4,0,1,0,0
2196,85,2025-11-08,246,17,18,0,27,8,1,2,2,0,2,2,6,1,3,2,2
2197,85,2025-11-08,247,17,18,0,24,7,5,2,0,1,1,3,6,1,3,1,1
2198,85,2025-11-08,248,17,18,0,26,7,5,3,1,1,2,3,7,1,2,1,2
2199,85,2025-11-08,249,17,18,0,21,3,3,0,0,0,0,3,5,0,1,1,1
2200,85,2025-11-08,250,17,18,0,10,3,3,1,0,0,0,1,1,0,0,0,0
2201,85,2025-11-08,251,17,18,0,9,3,2,3,0,0,1,2,5,1,2,1,1
2202,85,2025-11-08,252,17,18,0,9,4,2,1,1,0,2,3,6,1,2,0,0
2203,85,2025-11-08,255,17,18,0,5,2,2,0,1,0,1,3,5,1,2,0,0
2204,86,2025-11-08,376,26,22,1,35,31,8,8,0,0,2,7,17,1,5,4,5
2205,86,2025-11-08,377,26,22,1,35,16,7,4,1,1,3,6,12,1,3,2,3
2206,86,2025-11-08,378,26,22,1,19,6,4,5,1,0,2,3,6,0,1,1,1
2207,86,2025-11-08,379,26,22,1,26,14,7,2,1,0,1,4,10,1,2,2,2
2208,86,2025-11-08,380,26,22,1,29,11,3,3,1,0,2,3,6,1,2,1,1
2209,86,2025-11-08,381,26,22,1,26,7,3,1,1,0,0,2,4,0,1,0,0
2210,86,2025-11-08,382,26,22,1,26,6,6,2,1,1,3,2,3,0,1,1,1
2211,86,2025-11-08,383,26,22,1,24,12,0,1,1,0,1,4,8,1,2,2,3
2212,86,2025-11-08,384,26,22,1,17,4,2,2,1,0,0,3,5,0,1,1,1
2213,86,2025-11-08,385,26,22,1,12,9,2,2,0,0,0,4,7,1,3,1,1
2214,86,2025-11-08,388,26,22,1,5,1,0,0,1,1,1,1,2,0,0,0,0
2215,86,2025-11-08,390,26,22,1,6,5,1,1,1,0,1,2,4,0,1,0,0
2216,86,2025-11-08,316,22,26,0,33,16,3,3,1,1,4,5,12,1,4,2,2
2217,86,2025-11-08,317,22,26,0,25,20,8,0,1,0,1,6,14,1,2,3,4
2218,86,2025-11-08,318,22,26,0,15,6,7,2,0,1,1,2,5,1,2,1,1
2219,86,2025-11-08,319,22,26,0,26,12,7,1,1,0,2,3,6,1,2,2,2
2220,86,2025-11-08,320,22,26,0,22,13,6,2,1,0,0,5,10,1,3,2,3
2221,86,2025-11-08,321,22,26,0,25,7,5,4,1,1,1,2,4,1,2,1,2
2222,86,2025-11-08,322,22,26,0,12,6,7,3,0,0,1,2,4,0,1,1,1
2223,86,2025-11-08,323,22,26,0,38,9,5,3,1,0,0,2,5,0,1,1,1
2224,86,2025-11-08,324,22,26,0,11,2,0,2,0,0,1,1,3,0,1,0,0
2225,86,2025-11-08,325,22,26,0,11,2,0,0,1,0,1,2,4,0,1,0,0
2226,86,2025-11-08,327,22,26,0,14,2,2,0,1,0,1,1,3,0,1,0,0
2227,86,2025-11-08,328,22,26,0,6,0,4,2,1,0,0,1,1,0,0,0,0
2228,86,2025-11-08,330,22,26,0,14,1,4,2,0,0,1,0,1,0,0,0,0
2229,87,2025-11-08,226,16,20,1,34,15,6,6,0,1,3,5,11,1,4,2,3
2230,87,2025-11-08,227,16,20,1,25,12,3,3,2,0,1,3,7,1,2,1,2
2231,87,2025-11-08,228,16,20,1,14,9,4,0,0,0,3,2,4,1,2,2,2
2232,87,2025-11-08,229,16,20,1,19,13,5,5,1,0,2,2,6,1,2,1,1
2233,87,2025-11-08,230,16,20,1,26,8,6,2,2,0,1,3,6,1,2,1,1
2234,87,2025-11-08,231,16,20,1,23,8,9,5,1,0,1,2,6,0,1,2,2
2235,87,2025-11-08,232,16,20,1,22,9,0,3,2,0,3,2,5,0,1,1,1
2236,87,2025-11-08,233,16,20,1,23,8,1,2,0,1,1,3,5,0,1,1,1
2237,87,2025-11-08,234,16,20,1,8,0,3,0,0,0,1,2,3,0,0,0,0
2238,87,2025-11-08,235,16,20,1,17,3,2,0,1,0,1,1,1,0,0,1,1
2239,87,2025-11-08,236,16,20,1,12,6,1,0,1,0,0,3,6,0,1,1,1
2240,87,2025-11-08,237,16,20,1,12,4,3,1,0,0,0,2,4,0,0,1,1
2241,87,2025-11-08,238,16,20,1,18,5,3,0,0,1,1,2,5,1,2,1,1
2242,87,2025-11-08,240,16,20,1,17,5,4,1,0,0,2,3,6,1,2,1,1
2243,87,2025-11-08,286,20,16,0,31,17,8,5,1,1,2,6,11,2,5,1,2
2244,87,2025-11-08,287,20,16,0,33,24,5,8,1,0,5,7,15,2,5,1,2
2245,87,2025-11-08,288,20,16,0,25,13,3,1,0,0,3,3,6,0,1,2,2
2246,87,2025-11-08,289,20,16,0,27,6,3,2,1,0,2,2,4,0,1,1,1
2247,87,2025-11-08,290,20,16,0,27,11,6,3,0,1,1,4,8,1,3,1,2
2248,87,2025-11-08,291,20,16,0,21,12,11,1,1,0,2,4,9,1,2,2,2
2249,87,2025-11-08,292,20,16,0,28,8,6,0,1,1,2,2,4,0,0,1,2
2250,87,2025-11-08,293,20,16,0,22,13,4,1,1,0,1,3,6,1,2,3,3
2251,87,2025-11-08,294,20,16,0,13,3,3,1,1,0,1,2,4,0,1,1,1
2252,87,2025-11-08,295,20,16,0,10,6,1,3,0,0,0,3,6,0,1,1,1
2253,87,2025-11-08,296,20,16,0,18,3,1,1,0,0,0,2,4,1,2,1,1
2254,87,2025-11-08,297,20,16,0,13,3,1,0,0,0,0,2,3,0,1,1,1
2255,87,2025-11-08,298,20,16,0,10,1,1,1,0,1,1,1,3,0,1,0,0
2256,87,2025-11-08,299,20,16,0,4,4,3,0,0,0,1,2,4,0,1,0,0
2257,87,2025-11-08,300,20,16,0,7,3,1,3,0,0,0,0,1,0,0,0,0
2258,88,2025-11-08,91,7,2,1,36,25,10,9,1,0,4,7,14,2,4,5,6
2259,88,2025-11-08,92,7,2,1,29,10,5,0,2,1,3,3,6,1,3,2,2
2260,88,2025-11-08,93,7,2,1,15,15,0,3,1,1,1,3,7,1,2,3,3
2261,88,2025-11-08,94,7,2,1,23,5,4,4,1,0,1,3,6,0,1,1,1
2262,88,2025-11-08,95,7,2,1,23,16,9,4,1,1,2,5,9,1,3,1,1
2263,88,2025-11-08,96,7,2,1,22,0,5,4,0,1,1,0,1,0,0,0,0
2264,88,2025-11-08,97,7,2,1,17,6,0,3,1,0,1,2,4,0,1,1,1
2265,88,2025-11-08,98,7,2,1,21,15,6,5,1,1,2,3,8,1,3,2,3
2266,88,2025-11-08,99,7,2,1,7,9,3,2,1,0,1,3,7,1,2,1,1
2267,88,2025-11-08,100,7,2,1,14,2,1,2,1,0,1,1,1,0,0,0,0
2268,88,2025-11-08,101,7,2,1,14,7,3,1,1,0,1,2,4,0,1,2,2
2269,88,2025-11-08,102,7,2,1,20,0,1,0,1,0,1,1,3,0,0,0,0
2270,88,2025-11-08,103,7,2,1,15,3,2,0,1,0,0,3,5,0,1,0,0
2271,88,2025-11-08,104,7,2,1,16,3,3,2,0,0,1,0,1,0,0,0,0
2272,88,2025-11-08,105,7,2,1,4,1,1,0,1,0,1,1,1,0,0,0,0
2273,88,2025-11-08,16,2,7,0,31,16,5,6,1,1,2,3,8,1,3,3,3
2274,88,2025-11-08,17,2,7,0,27,17,4,9,1,1,3,4,10,1,4,2,3
2275,88,2025-11-08,18,2,7,0,23,6,4,1,1,0,2,2,4,1,2,0,0
2276,88,2025-11-08,19,2,7,0,27,7,3,3,1,1,0,2,4,0,0,1,1
2277,88,2025-11-08,20,2,7,0,29,12,4,3,1,1,1,3,6,1,2,2,3
2278,88,2025-11-08,21,2,7,0,32,12,2,3,1,0,0,4,8,1,2,2,2
2279,88,2025-11-08,22,2,7,0,21,9,6,2,2,1,0,4,8,2,4,1,1
2280,88,2025-11-08,23,2,7,0,21,12,5,3,0,0,2,3,8,1,3,1,2
2281,88,2025-11-08,24,2,7,0,12,3,0,0,0,0,1,1,1,0,0,0,0
2282,88,2025-11-08,27,2,7,0,15,4,1,0,0,0,0,2,4,1,2,0,0
2283,88,2025-11-08,29,2,7,0,14,3,0,1,1,0,1,2,5,0,1,1,1
2284,88,2025-11-08,30,2,7,0,7,4,2,0,0,0,1,2,5,0,1,1,1
2285,89,2025-11-08,46,4,1,1,34,26,5,8,2,1,4,9,15,1,3,4,6
2286,89,2025-11-08,47,4,1,1,30,28,6,7,1,0,4,8,15,2,6,2,3
2287,89,2025-11-08,48,4,1,1,28,4,2,0,1,1,1,2,3,0,1,1,1
2288,89,2025-11-08,49,4,1,1,21,6,2,1,1,0,2,3,5,0,1,0,0
2289,89,2025-11-08,50,4,1,1,28,14,5,4,1,1,3,4,7,1,2,2,3
2290,89,2025-11-08,51,4,1,1,23,11,6,1,1,0,2,4,7,0,1,2,2
2291,89,2025-11-08,52,4,1,1,18,13,0,1,1,1,2,5,8,0,1,2,2
2292,89,2025-11-08,53,4,1,1,30,11,4,3,1,1,1,3,7,0,1,1,1
2293,89,2025-11-08,54,4,1,1,16,5,0,1,1,0,1,2,4,1,2,0,0
2294,89,2025-11-08,57,4,1,1,10,3,2,1,0,0,1,1,2,0,1,1,1
2295,89,2025-11-08,58,4,1,1,7,3,1,1,0,1,1,0,1,0,0,0,0
2296,89,2025-11-08,59,4,1,1,9,0,5,0,0,0,1,1,1,0,0,0,0
2297,89,2025-11-08,1,1,4,0,40,24,11,9,2,1,2,6,12,2,4,4,6
2298,89,2025-11-08,2,1,4,0,39,22,5,5,1,0,4,5,12,1,4,1,1
2299,89,2025-11-08,3,1,4,0,23,8,2,3,0,1,1,3,6,1,2,1,1
2300,89,2025-11-08,4,1,4,0,17,10,4,2,1,1,1,3,8,1,2,1,1
2301,89,2025-11-08,5,1,4,0,31,16,1,3,1,1,2,4,8,1,3,1,1
2302,89,2025-11-08,6,1,4,0,21,7,2,4,1,0,1,2,4,0,1,1,1
2303,89,2025-11-08,7,1,4,0,21,7,3,1,0,0,1,3,6,1,2,1,1
2304,89,2025-11-08,8,1,4,0,25,8,7,3,1,0,1,2,4,0,0,1,1
2305,89,2025-11-08,9,1,4,0,9,3,2,2,0,0,0,2,4,0,0,1,1
2306,89,2025-11-08,10,1,4,0,10,3,1,1,0,0,1,0,1,0,0,1,1
2307,89,2025-11-08,11,1,4,0,7,10,2,1,0,0,0,4,7,0,1,2,2
2308,89,2025-11-08,12,1,4,0,9,0,0,2,0,0,0,2,3,0,1,0,0
2309,89,2025-11-08,14,1,4,0,13,4,3,1,0,0,1,2,6,0,1,1,1
2310,89,2025-11-08,15,1,4,0,8,7,2,0,1,0,1,3,5,0,1,1,1
2311,90,2025-11-08,181,13,10,1,30,20,6,4,2,1,3,6,13,0,1,3,5
2312,90,2025-11-08,182,13,10,1,34,21,5,1,2,1,4,5,12,2,4,1,2
2313,90,2025-11-08,183,13,10,1,31,10,5,1,1,0,1,4,9,1,3,1,2
2314,90,2025-11-08,184,13,10,1,21,3,6,0,1,0,0,1,3,0,1,1,1
2315,90,2025-11-08,185,13,10,1,22,5,4,2,1,1,2,3,5,0,1,0,0
2316,90,2025-11-08,186,13,10,1,25,4,2,0,1,0,1,2,5,0,1,1,1
2317,90,2025-11-08,187,13,10,1,23,6,6,0,1,1,1,3,7,0,1,1,1
2318,90,2025-11-08,188,13,10,1,23,10,2,2,0,1,2,3,7,1,2,1,2
2319,90,2025-11-08,190,13,10,1,16,0,4,0,0,0,1,1,2,0,0,0,0
2320,90,2025-11-08,191,13,10,1,18,4,3,2,0,0,1,3,5,1,2,0,0
2321,90,2025-11-08,193,13,10,1,6,5,3,0,0,0,1,1,2,0,1,0,0
2322,90,2025-11-08,195,13,10,1,8,1,0,0,1,0,0,1,1,0,0,0,0
2323,90,2025-11-08,136,10,13,0,35,36,8,4,1,0,3,8,18,3,8,6,8
2324,90,2025-11-08,137,10,13,0,38,25,4,5,1,0,3,6,16,2,7,3,3
2325,90,2025-11-08,138,10,13,0,20,10,4,1,2,0,2,4,7,1,3,1,1
2326,90,2025-11-08,139,10,13,0,31,12,9,3,0,1,2,5,10,1,3,3,3
2327,90,2025-11-08,140,10,13,0,25,10,4,1,1,0,3,4,9,1,2,1,1
2328,90,2025-11-08,141,10,13,0,21,8,7,2,0,0,1,4,8,0,1,1,1
2329,90,2025-11-08,142,10,13,0,24,7,6,3,0,0,2,2,5,0,1,0,0
2330,90,2025-11-08,143,10,13,0,16,11,7,3,1,0,2,4,8,1,2,1,1
2331,90,2025-11-08,144,10,13,0,10,6,3,0,1,0,0,3,7,1,3,1,1
2332,90,2025-11-08,145,10,13,0,13,3,0,0,0,0,2,1,3,0,1,0,0
2333,90,2025-11-08,146,10,13,0,17,4,0,0,1,0,1,3,6,0,1,1,1
2334,90,2025-11-08,147,10,13,0,5,6,0,1,1,0,0,2,3,0,1,1,1
2335,90,2025-11-08,148,10,13,0,14,3,1,3,0,0,0,1,2,0,1,0,0
2336,90,2025-11-08,150,10,13,0,15,7,0,0,1,0,0,3,6,1,2,1,1
2337,91,2025-11-09,301,21,25,1,36,16,3,4,2,1,2,5,11,2,5,1,1
2338,91,2025-11-09,302,21,25,1,38,25,4,4,1,0,3,5,13,2,6,5,6
2339,91,2025-11-09,303,21,25,1,28,7,4,4,1,0,1,4,7,0,1,1,1
2340,91,2025-11-09,304,21,25,1,25,9,4,3,0,0,2,4,7,1,2,2,2
2341,91,2025-11-09,305,21,25,1,30,8,3,2,1,0,2,2,4,0,1,2,2
2342,91,2025-11-09,306,21,25,1,25,6,7,3,1,0,2,2,3,0,1,1,1
2343,91,2025-11-09,307,21,25,1,23,8,3,2,1,0,0,3,6,1,2,1,1
2344,91,2025-11-09,308,21,25,1,24,4,4,1,1,0,2,2,5,1,2,1,1
2345,91,2025-11-09,310,21,25,1,11,0,2,1,1,0,2,1,3,0,1,0,0
2346,91,2025-11-09,311,21,25,1,14,3,1,0,0,0,0,2,5,1,2,1,1
2347,91,2025-11-09,312,21,25,1,15,5,3,1,1,0,0,1,2,0,1,0,0
2348,91,2025-11-09,313,21,25,1,5,4,3,1,0,0,0,2,4,0,0,1,1
2349,91,2025-11-09,315,21,25,1,9,3,2,0,0,0,0,1,2,0,0,0,0
2350,91,2025-11-09,361,25,21,0,31,18,7,3,1,0,1,6,12,1,2,1,1
2351,91,2025-11-09,362,25,21,0,29,25,6,1,1,0,4,6,14,1,4,2,3
2352,91,2025-11-09,363,25,21,0,28,8,3,4,1,1,1,3,7,1,3,2,2
2353,91,2025-11-09,364,25,21,0,27,5,1,2,1,0,1,3,5,0,1,1,1
2354,91,2025-11-09,365,25,21,0,23,3,4,3,1,1,1,1,2,0,1,1,1
2355,91,2025-11-09,366,25,21,0,24,8,3,3,1,0,0,4,8,0,1,2,2
2356,91,2025-11-09,367,25,21,0,22,10,5,1,1,1,2,2,6,1,2,2,2
2357,91,2025-11-09,368,25,21,0,21,5,2,4,1,0,1,1,2,0,1,1,1
2358,91,2025-11-09,370,25,21,0,12,3,2,0,1,0,0,0,1,0,0,0,0
2359,91,2025-11-09,371,25,21,0,10,2,0,1,1,1,1,1,1,0,0,0,0
2360,91,2025-11-09,372,25,21,0,16,7,1,0,1,0,0,3,6,0,1,1,2
2361,92,2025-11-09,256,18,7,1,38,21,8,8,1,0,3,4,10,0,1,3,4
2362,92,2025-11-09,257,18,7,1,33,27,8,5,1,1,3,8,16,1,3,3,4
2363,92,2025-11-09,258,18,7,1,25,7,5,3,2,0,2,3,6,0,1,1,1
2364,92,2025-11-09,259,18,7,1,22,4,4,4,1,0,0,2,5,1,2,0,0
2365,92,2025-11-09,260,18,7,1,34,6,4,1,0,0,2,3,5,0,1,1,1
2366,92,2025-11-09,261,18,7,1,19,5,2,1,1,0,2,2,4,0,1,1,1
2367,92,2025-11-09,262,18,7,1,24,10,2,5,1,0,2,3,7,0,1,1,1
2368,92,2025-11-09,263,18,7,1,30,11,5,3,1,0,1,5,9,1,4,1,1
2369,92,2025-11-09,264,18,7,1,4,5,2,2,0,0,1,3,6,1,2,0,0
2370,92,2025-11-09,267,18,7,1,9,1,2,0,1,0,1,1,1,0,0,0,0
2371,92,2025-11-09,269,18,7,1,14,2,0,2,1,0,0,3,5,1,2,0,0
2372,92,2025-11-09,270,18,7,1,21,2,2,1,1,0,1,2,4,0,1,0,0
2373,92,2025-11-09,91,7,18,0,34,26,0,2,1,1,2,7,16,3,7,2,3
2374,92,2025-11-09,92,7,18,0,33,28,13,7,1,1,4,8,17,1,3,1,2
2375,92,2025-11-09,93,7,18,0,20,6,5,1,1,1,2,3,6,1,2,1,1
2376,92,2025-11-09,94,7,18,0,19,8,2,4,1,1,1,2,5,0,1,1,2
2377,92,2025-11-09,95,7,18,0,21,14,4,2,1,1,1,4,8,1,3,1,2
2378,92,2025-11-09,96,7,18,0,17,10,4,3,1,0,3,3,6,0,1,1,2
2379,92,2025-11-09,97,7,18,0,24,11,5,3,1,0,2,3,5,1,2,1,2
2380,92,2025-11-09,98,7,18,0,31,9,3,6,0,1,1,5,8,0,1,1,1
2381,92,2025-11-09,102,7,18,0,13,0,2,1,1,0,1,2,4,1,2,0,0
2382,92,2025-11-09,103,7,18,0,7,2,3,2,1,0,1,1,1,0,0,0,0
2383,92,2025-11-09,105,7,18,0,21,5,2,1,0,0,1,3,5,1,2,1,1
2384,93,2025-11-09,166,12,6,1,31,33,7,2,1,0,3,7,19,2,4,5,6
2385,93,2025-11-09,167,12,6,1,31,32,13,5,2,0,2,6,15,2,6,5,6
2386,93,2025-11-09,168,12,6,1,26,14,7,4,1,0,2,4,7,0,1,2,2
2387,93,2025-11-09,169,12,6,1,24,6,3,1,1,0,2,4,7,1,2,1,1
2388,93,2025-11-09,170,12,6,1,24,6,6,6,2,0,2,1,3,0,1,1,1
2389,93,2025-11-09,171,12,6,1,24,16,2,2,0,0,1,4,9,0,1,3,4
2390,93,2025-11-09,172,12,6,1,27,10,5,3,0,0,2,3,8,1,2,1,1
2391,93,2025-11-09,173,12,6,1,22,7,8,2,1,0,1,3,5,0,1,1,2
2392,93,2025-11-09,174,12,6,1,13,3,3,0,1,0,1,2,3,0,0,0,0
2393,93,2025-11-09,177,12,6,1,12,0,4,1,1,0,1,0,1,0,0,0,0
2394,93,2025-11-09,178,12,6,1,10,8,1,1,0,0,1,2,5,1,2,1,1
2395,93,2025-11-09,179,12,6,1,17,7,2,0,1,1,1,2,6,1,3,1,1
2396,93,2025-11-09,76,6,12,0,35,24,11,1,1,1,3,5,12,2,5,3,4
2397,93,2025-11-09,77,6,12,0,40,6,6,7,1,1,2,1,3,0,0,1,1
2398,93,2025-11-09,78,6,12,0,20,8,3,0,1,0,0,3,6,0,1,1,1
2399,93,2025-11-09,79,6,12,0,28,15,5,3,1,0,0,5,10,1,2,2,3
2400,93,2025-11-09,80,6,12,0,28,12,7,5,1,1,2,3,6,1,2,1,1
2401,93,2025-11-09,81,6,12,0,24,13,6,4,1,0,1,3,6,0,1,1,1
2402,93,2025-11-09,82,6,12,0,25,5,7,5,2,0,3,2,3,0,1,1,1
2403,93,2025-11-09,83,6,12,0,28,7,6,0,1,0,1,3,6,1,2,1,1
2404,93,2025-11-09,84,6,12,0,16,4,2,1,0,0,0,2,3,0,1,1,1
2405,93,2025-11-09,85,6,12,0,13,3,0,1,0,0,1,2,5,1,2,0,0
2406,93,2025-11-09,87,6,12,0,15,5,3,0,0,0,1,2,5,0,1,1,1
2407,93,2025-11-09,88,6,12,0,11,3,4,2,1,0,0,2,4,0,1,0,0
2408,93,2025-11-09,89,6,12,0,4,6,3,0,0,0,1,3,7,0,1,1,1
2409,93,2025-11-09,90,6,12,0,10,6,3,3,1,1,0,3,6,0,1,1,1
2410,94,2025-11-09,136,10,27,1,27,14,4,5,1,0,3,4,8,1,3,2,3
2411,94,2025-11-09,137,10,27,1,36,14,7,6,1,0,4,5,11,2,5,1,1
2412,94,2025-11-09,138,10,27,1,20,7,2,2,0,0,2,3,6,0,1,1,1
2413,94,2025-11-09,139,10,27,1,32,9,3,2,0,1,1,3,7,1,2,1,1
2414,94,2025-11-09,140,10,27,1,31,6,4,1,1,1,2,3,7,1,3,1,1
2415,94,2025-11-09,141,10,27,1,26,6,3,1,1,0,3,1,3,0,1,1,1
2416,94,2025-11-09,142,10,27,1,31,5,2,4,2,0,2,1,3,0,0,1,1
2417,94,2025-11-09,143,10,27,1,25,12,5,4,2,0,1,4,9,1,3,1,1
2418,94,2025-11-09,144,10,27,1,10,0,2,0,1,0,0,1,3,0,1,0,0
2419,94,2025-11-09,146,10,27,1,19,3,1,0,1,0,0,1,3,0,1,1,1
2420,94,2025-11-09,147,10,27,1,7,1,0,0,1,0,1,0,1,0,0,0,0
2421,94,2025-11-09,149,10,27,1,22,3,1,1,1,0,2,2,4,0,1,1,1
2422,94,2025-11-09,150,10,27,1,14,4,2,1,0,0,0,3,6,1,3,0,0
2423,94,2025-11-09,391,27,10,0,27,23,5,2,1,1,3,7,14,2,6,3,4
2424,94,2025-11-09,392,27,10,0,36,10,7,2,1,1,1,4,8,1,2,1,1
2425,94,2025-11-09,393,27,10,0,22,5,7,3,0,0,1,1,2,0,0,1,1
2426,94,2025-11-09,394,27,10,0,29,9,9,1,1,1,2,4,7,1,3,0,0
2427,94,2025-11-09,395,27,10,0,23,10,5,0,1,1,2,4,7,1,2,1,1
2428,94,2025-11-09,396,27,10,0,26,9,1,3,1,0,1,2,5,1,2,2,2
2429,94,2025-11-09,397,27,10,0,20,7,3,1,1,1,2,2,4,0,1,1,1
2430,94,2025-11-09,398,27,10,0,33,12,5,3,1,1,1,3,7,1,2,1,1
2431,94,2025-11-09,399,27,10,0,13,4,2,1,0,0,0,1,2,0,0,1,1
2432,94,2025-11-09,400,27,10,0,12,4,3,1,1,0,1,2,5,0,1,0,0
2433,94,2025-11-09,401,27,10,0,11,2,4,0,1,0,1,1,3,0,1,0,0
2434,94,2025-11-09,403,27,10,0,11,0,2,1,0,0,1,1,3,0,1,0,0
2435,94,2025-11-09,404,27,10,0,8,5,0,2,0,0,1,1,3,0,1,1,1
2436,94,2025-11-09,405,27,10,0,9,2,5,2,0,0,0,2,4,0,1,0,0
2437,95,2025-11-09,46,4,24,1,30,33,11,4,2,0,3,9,19,2,8,5,6
2438,95,2025-11-09,47,4,24,1,22,14,7,5,2,1,2,4,11,1,4,1,1
2439,95,2025-11-09,48,4,24,1,23,9,5,4,1,0,1,3,7,1,2,1,1
2440,95,2025-11-09,49,4,24,1,26,12,7,2,1,0,1,3,7,0,1,1,1
2441,95,2025-11-09,50,4,24,1,24,9,7,3,1,1,2,4,8,1,2,1,1
2442,95,2025-11-09,51,4,24,1,23,8,4,3,0,0,3,2,4,0,1,1,1
2443,95,2025-11-09,52,4,24,1,17,8,6,0,1,1,1,3,7,1,3,1,1
2444,95,2025-11-09,53,4,24,1,27,12,7,4,1,1,1,4,9,1,2,2,2
2445,95,2025-11-09,55,4,24,1,11,1,2,1,1,0,0,0,1,0,0,0,0
2446,95,2025-11-09,56,4,24,1,7,6,2,0,1,0,1,4,7,1,3,0,0
2447,95,2025-11-09,57,4,24,1,14,3,2,1,0,0,1,1,1,0,0,1,1
2448,95,2025-11-09,58,4,24,1,14,5,1,1,0,0,1,3,6,1,2,1,1
2449,95,2025-11-09,59,4,24,1,14,4,5,2,1,0,1,2,4,0,1,1,1
2450,95,2025-11-09,346,24,4,0,31,18,4,5,1,1,3,6,12,2,4,2,3
2451,95,2025-11-09,347,24,4,0,24,23,8,3,2,0,1,7,12,2,5,4,5
2452,95,2025-11-09,348,24,4,0,38,6,4,1,0,1,1,3,5,1,2,1,1
2453,95,2025-11-09,349,24,4,0,22,6,5,0,1,0,1,3,5,0,1,1,1
2454,95,2025-11-09,350,24,4,0,21,8,4,2,1,1,1,2,4,0,1,1,1
2455,95,2025-11-09,351,24,4,0,33,9,4,3,0,0,1,2,4,0,1,1,2
2456,95,2025-11-09,352,24,4,0,15,3,3,0,1,1,1,1,2,0,1,1,1
2457,95,2025-11-09,353,24,4,0,22,12,0,0,1,0,1,4,7,1,3,2,3
2458,95,2025-11-09,354,24,4,0,13,3,0,1,0,0,1,2,4,0,1,0,0
2459,95,2025-11-09,355,24,4,0,18,4,3,0,1,0,1,3,5,1,2,0,0
2460,95,2025-11-09,357,24,4,0,5,9,0,2,1,0,1,2,5,0,1,1,1
2461,95,2025-11-09,359,24,4,0,11,4,3,0,1,0,1,1,2,0,1,1,1
2462,95,2025-11-09,360,24,4,0,8,3,1,0,1,0,0,1,2,0,0,0,0
2463,96,2025-11-09,106,8,11,1,35,24,6,6,1,0,5,7,14,1,3,2,2
2464,96,2025-11-09,107,8,11,1,35,24,8,4,1,0,3,6,15,1,2,4,5
2465,96,2025-11-09,108,8,11,1,23,8,3,1,1,0,3,3,5,1,2,1,1
2466,96,2025-11-09,109,8,11,1,32,2,6,1,1,0,2,1,3,0,0,0,0
2467,96,2025-11-09,110,8,11,1,23,6,2,4,1,1,0,2,4,0,1,0,0
2468,96,2025-11-09,111,8,11,1,16,4,3,2,1,1,1,3,5,0,1,0,0
2469,96,2025-11-09,112,8,11,1,23,4,2,0,1,0,1,1,2,0,0,1,1
2470,96,2025-11-09,113,8,11,1,25,3,1,5,0,1,1,1,1,0,0,0,0
2471,96,2025-11-09,115,8,11,1,11,7,2,1,0,0,1,2,5,0,1,1,1
2472,96,2025-11-09,116,8,11,1,9,3,0,1,1,0,1,3,5,0,1,1,1
2473,96,2025-11-09,118,8,11,1,18,8,3,2,1,0,1,3,7,0,1,1,2
2474,96,2025-11-09,119,8,11,1,12,5,0,1,1,0,1,1,2,0,1,1,1
2475,96,2025-11-09,120,8,11,1,14,3,0,1,0,0,0,2,5,0,1,0,0
2476,96,2025-11-09,151,11,8,0,31,23,6,2,1,1,1,7,15,1,2,2,3
2477,96,2025-11-09,152,11,8,0,33,14,9,9,1,1,2,3,7,1,2,1,2
2478,96,2025-11-09,153,11,8,0,25,6,4,3,1,1,3,1,3,0,1,1,1
2479,96,2025-11-09,154,11,8,0,20,12,4,2,1,1,1,4,8,1,3,1,1
2480,96,2025-11-09,155,11,8,0,22,5,3,5,1,0,1,3,6,1,2,1,1
2481,96,2025-11-09,156,11,8,0,34,6,2,4,0,0,1,2,4,0,1,1,1
2482,96,2025-11-09,157,11,8,0,15,10,4,0,0,0,1,3,6,0,1,2,2
2483,96,2025-11-09,158,11,8,0,13,7,0,0,1,0,1,2,5,1,2,2,2
2484,96,2025-11-09,161,11,8,0,7,4,3,1,0,1,0,3,6,1,2,1,1
2485,96,2025-11-09,162,11,8,0,12,6,2,0,1,0,1,3,6,1,2,1,1
2486,96,2025-11-09,163,11,8,0,13,4,2,1,0,0,1,2,4,1,2,0,0
2487,96,2025-11-09,165,11,8,0,11,1,2,1,0,0,1,1,3,0,0,0,0
2488,97,2025-11-10,16,2,17,1,35,21,6,3,2,1,3,7,14,2,5,2,2
2489,97,2025-11-10,17,2,17,1,31,17,6,1,2,1,3,4,8,1,2,3,4
2490,97,2025-11-10,18,2,17,1,12,6,1,3,1,1,1,3,6,0,1,1,1
2491,97,2025-11-10,19,2,17,1,23,11,6,3,1,0,1,3,7,1,3,1,1
2492,97,2025-11-10,20,2,17,1,23,12,1,3,1,0,1,3,6,1,2,1,1
2493,97,2025-11-10,21,2,17,1,30,2,3,1,0,0,1,1,2,0,1,0,0
2494,97,2025-11-10,22,2,17,1,20,6,6,4,1,1,0,2,5,0,1,1,1
2495,97,2025-11-10,23,2,17,1,24,8,6,4,2,0,2,3,6,0,1,1,1
2496,97,2025-11-10,25,2,17,1,9,6,3,1,1,0,0,3,5,0,1,1,1
2497,97,2025-11-10,26,2,17,1,4,4,2,0,0,0,1,3,6,1,2,1,1
2498,97,2025-11-10,27,2,17,1,13,2,1,1,0,0,1,3,5,0,1,0,0
2499,97,2025-11-10,28,2,17,1,10,7,2,1,0,0,0,2,3,0,0,1,1
2500,97,2025-11-10,29,2,17,1,12,2,2,2,1,0,2,2,4,0,1,0,0
2501,97,2025-11-10,30,2,17,1,13,3,4,1,1,0,1,1,2,0,1,0,0
2502,97,2025-11-10,241,17,2,0,37,18,2,2,2,1,4,5,9,1,2,3,4
2503,97,2025-11-10,242,17,2,0,32,15,2,0,2,1,3,5,9,2,4,1,1
2504,97,2025-11-10,243,17,2,0,25,6,0,0,1,0,1,2,4,0,1,1,1
2505,97,2025-11-10,244,17,2,0,23,4,2,1,1,1,2,2,4,0,1,1,1
2506,97,2025-11-10,245,17,2,0,19,14,5,3,1,0,2,5,9,1,3,2,3
2507,97,2025-11-10,246,17,2,0,30,4,4,0,1,0,1,2,6,1,2,0,0
2508,97,2025-11-10,247,17,2,0,21,15,9,3,1,0,3,4,8,1,3,1,1
2509,97,2025-11-10,248,17,2,0,25,3,2,4,1,1,1,2,4,1,2,0,0
2510,97,2025-11-10,249,17,2,0,11,8,4,1,0,0,1,3,8,0,1,2,2
2511,97,2025-11-10,250,17,2,0,10,5,1,1,0,0,1,1,2,0,1,1,1
2512,97,2025-11-10,252,17,2,0,14,1,1,0,0,0,1,1,1,0,0,0,0
2513,97,2025-11-10,255,17,2,0,8,5,4,2,1,0,1,1,2,0,0,1,1
2514,98,2025-11-10,421,29,9,1,41,18,6,8,1,1,2,6,13,2,5,3,4
2515,98,2025-11-10,422,29,9,1,33,15,2,6,1,0,3,3,7,1,3,2,3
2516,98,2025-11-10,423,29,9,1,31,8,3,0,0,1,2,3,5,0,1,1,2
2517,98,2025-11-10,424,29,9,1,33,10,5,1,1,0,1,3,5,0,1,1,1
2518,98,2025-11-10,425,29,9,1,31,6,0,2,1,0,1,3,6,0,1,1,1
2519,98,2025-11-10,426,29,9,1,40,11,6,3,0,0,2,4,9,1,2,1,2
2520,98,2025-11-10,427,29,9,1,31,12,6,3,1,0,2,3,6,0,1,2,3
2521,98,2025-11-10,428,29,9,1,19,6,4,2,0,1,0,3,7,0,1,1,1
2522,98,2025-11-10,429,29,9,1,9,1,4,1,0,0,0,0,1,0,0,0,0
2523,98,2025-11-10,432,29,9,1,18,3,2,0,1,0,0,1,1,0,0,0,0
2524,98,2025-11-10,433,29,9,1,13,2,2,2,1,0,1,1,1,0,0,0,0
2525,98,2025-11-10,121,9,29,0,36,25,5,5,1,1,3,6,14,2,6,4,6
2526,98,2025-11-10,122,9,29,0,36,17,3,3,2,0,5,6,11,1,4,3,3
2527,98,2025-11-10,123,9,29,0,21,14,4,2,0,0,1,4,9,1,4,1,1
2528,98,2025-11-10,124,9,29,0,10,13,2,2,1,0,0,3,6,1,2,2,3
2529,98,2025-11-10,125,9,29,0,21,9,4,0,2,1,2,3,7,0,1,1,1
2530,98,2025-11-10,126,9,29,0,27,0,6,2,0,0,1,0,1,0,0,0,0
2531,98,2025-11-10,127,9,29,0,20,11,4,2,1,1,2,3,6,1,2,1,2
2532,98,2025-11-10,128,9,29,0,17,14,5,5,2,1,2,4,9,1,2,1,1
2533,98,2025-11-10,129,9,29,0,8,5,3,0,0,0,0,3,6,1,2,1,1
2534,98,2025-11-10,130,9,29,0,12,4,3,2,1,0,1,1,3,0,1,0,0
2535,98,2025-11-10,131,9,29,0,4,5,2,0,0,0,1,2,5,1,2,1,1
2536,98,2025-11-10,132,9,29,0,10,4,1,1,1,0,1,2,4,0,1,1,1
2537,98,2025-11-10,134,9,29,0,8,7,3,3,0,0,1,2,4,0,1,1,1
2538,98,2025-11-10,135,9,29,0,5,1,4,1,1,0,1,2,4,1,2,0,0
2539,99,2025-11-10,226,16,5,1,33,16,7,7,1,1,3,5,10,2,4,1,2
2540,99,2025-11-10,227,16,5,1,27,13,7,6,1,1,3,4,10,1,4,1,1
2541,99,2025-11-10,228,16,5,1,14,6,4,3,1,0,2,2,3,0,1,1,1
2542,99,2025-11-10,229,16,5,1,30,11,7,1,1,1,1,2,5,1,2,2,2
2543,99,2025-11-10,230,16,5,1,33,10,0,2,1,0,1,2,6,0,1,1,1
2544,99,2025-11-10,231,16,5,1,30,6,3,3,1,1,2,2,6,1,2,0,0
2545,99,2025-11-10,232,16,5,1,31,15,6,3,0,0,0,6,11,1,3,2,3
2546,99,2025-11-10,233,16,5,1,22,9,6,0,1,0,1,4,8,1,3,2,2
2547,99,2025-11-10,235,16,5,1,21,7,2,2,1,0,0,2,4,0,1,0,0
2548,99,2025-11-10,236,16,5,1,16,5,4,0,1,0,1,3,6,1,2,0,0
2549,99,2025-11-10,237,16,5,1,13,7,3,0,0,0,1,3,6,1,2,0,0
2550,99,2025-11-10,238,16,5,1,9,4,2,0,0,0,1,2,4,0,1,1,1
2551,99,2025-11-10,239,16,5,1,13,5,1,0,0,0,0,2,4,1,2,1,1
2552,99,2025-11-10,240,16,5,1,17,4,2,1,1,0,1,2,5,1,2,0,0
2553,99,2025-11-10,61,5,16,0,34,24,11,5,1,1,1,5,13,1,3,2,2
2554,99,2025-11-10,62,5,16,0,28,26,5,0,2,0,2,5,12,1,3,4,4
2555,99,2025-11-10,63,5,16,0,26,9,5,0,0,0,1,2,5,0,1,1,1
2556,99,2025-11-10,64,5,16,0,19,7,0,2,1,0,2,2,5,0,1,2,2
2557,99,2025-11-10,65,5,16,0,28,8,2,4,1,0,2,4,8,1,3,1,1
2558,99,2025-11-10,66,5,16,0,25,8,6,6,1,0,0,3,6,1,2,1,1
2559,99,2025-11-10,67,5,16,0,21,12,8,0,1,0,1,3,6,1,2,1,2
2560,99,2025-11-10,68,5,16,0,30,11,6,3,0,1,0,3,6,0,1,2,2
2561,99,2025-11-10,69,5,16,0,10,6,1,3,0,0,1,3,5,0,1,0,0
2562,99,2025-11-10,70,5,16,0,9,3,3,2,0,0,0,2,5,1,2,0,0
2563,99,2025-11-10,71,5,16,0,15,4,1,2,0,0,2,2,4,1,2,1,1
2564,99,2025-11-10,72,5,16,0,12,5,2,0,1,0,1,3,5,1,2,0,0
2565,99,2025-11-10,73,5,16,0,17,4,0,2,1,0,1,2,4,0,1,0,0
2566,99,2025-11-10,74,5,16,0,11,4,3,2,1,0,1,2,4,1,2,0,0
2567,100,2025-11-10,406,28,20,1,30,22,3,8,2,1,4,5,11,1,2,1,2
2568,100,2025-11-10,407,28,20,1,28,19,11,7,1,1,3,6,13,1,5,1,1
2569,100,2025-11-10,408,28,20,1,21,4,5,2,1,0,3,3,5,0,1,1,1
2570,100,2025-11-10,409,28,20,1,27,9,4,3,0,0,2,3,8,1,3,2,2
2571,100,2025-11-10,410,28,20,1,27,11,1,2,1,0,1,3,6,0,1,1,1
2572,100,2025-11-10,411,28,20,1,25,8,2,3,0,0,1,2,4,1,2,1,1
2573,100,2025-11-10,412,28,20,1,23,11,8,0,0,1,1,2,5,0,1,1,1
2574,100,2025-11-10,413,28,20,1,26,6,3,3,0,1,2,2,4,0,1,1,1
2575,100,2025-11-10,414,28,20,1,17,6,2,0,1,0,1,3,5,1,2,1,1
2576,100,2025-11-10,416,28,20,1,5,0,1,2,0,0,1,0,1,0,0,0,0
2577,100,2025-11-10,417,28,20,1,8,8,2,1,1,0,1,3,6,1,2,1,1
2578,100,2025-11-10,418,28,20,1,9,0,1,0,1,0,1,0,1,0,0,0,0
2579,100,2025-11-10,419,28,20,1,15,2,2,0,1,0,1,2,5,0,1,0,0
2580,100,2025-11-10,286,20,28,0,27,23,8,3,1,1,4,6,15,1,2,2,2
2581,100,2025-11-10,287,20,28,0,35,22,4,8,1,1,3,5,10,1,3,2,3
2582,100,2025-11-10,288,20,28,0,18,10,3,2,1,1,1,3,8,0,1,2,2
2583,100,2025-11-10,289,20,28,0,38,6,3,3,1,1,1,2,3,0,1,1,1
2584,100,2025-11-10,290,20,28,0,24,7,1,0,1,1,2,2,5,0,1,1,1
2585,100,2025-11-10,291,20,28,0,27,7,6,2,1,0,2,3,5,0,1,1,1
2586,100,2025-11-10,292,20,28,0,19,5,6,3,1,0,2,1,2,0,0,1,1
2587,100,2025-11-10,293,20,28,0,13,6,5,2,1,0,2,1,3,0,1,0,0
2588,100,2025-11-10,294,20,28,0,11,0,3,2,0,0,1,1,2,0,1,0,0
2589,100,2025-11-10,297,20,28,0,14,2,0,2,1,1,0,1,3,0,1,0,0
2590,100,2025-11-10,298,20,28,0,17,5,1,0,0,0,0,1,2,0,0,0,0
2591,100,2025-11-10,300,20,28,0,14,0,1,2,0,0,1,1,1,0,0,0,0
2592,101,2025-11-10,436,30,22,1,41,26,5,7,1,1,4,6,13,0,1,2,2
2593,101,2025-11-10,437,30,22,1,22,34,11,1,1,0,4,8,19,2,4,5,8
2594,101,2025-11-10,438,30,22,1,27,10,5,6,1,1,3,4,9,1,2,1,1
2595,101,2025-11-10,439,30,22,1,21,9,6,3,1,1,2,3,6,1,3,1,1
2596,101,2025-11-10,440,30,22,1,24,13,6,2,1,0,2,5,10,1,3,2,2
2597,101,2025-11-10,441,30,22,1,26,9,2,5,0,0,1,2,5,1,2,2,2
2598,101,2025-11-10,442,30,22,1,22,16,8,4,1,0,1,6,11,1,3,1,2
2599,101,2025-11-10,443,30,22,1,25,14,1,3,0,0,1,4,9,1,3,2,2
2600,101,2025-11-10,444,30,22,1,4,5,2,0,1,0,0,1,2,0,1,1,1
2601,101,2025-11-10,445,30,22,1,10,5,1,1,1,0,0,3,5,1,2,0,0
2602,101,2025-11-10,446,30,22,1,15,6,1,2,0,0,0,1,3,0,1,1,1
2603,101,2025-11-10,447,30,22,1,28,7,2,0,0,0,1,2,6,1,2,0,0
2604,101,2025-11-10,316,22,30,0,36,25,7,3,2,0,2,6,13,2,5,2,3
2605,101,2025-11-10,317,22,30,0,36,12,4,8,1,0,3,3,8,0,1,2,3
2606,101,2025-11-10,318,22,30,0,24,7,4,2,1,0,0,2,5,0,1,1,1
2607,101,2025-11-10,319,22,30,0,23,9,3,2,1,0,1,2,5,0,1,1,1
2608,101,2025-11-10,320,22,30,0,20,10,4,1,1,0,3,2,6,1,2,2,2
2609,101,2025-11-10,321,22,30,0,24,11,0,2,1,0,1,4,9,1,3,2,2
2610,101,2025-11-10,322,22,30,0,21,9,2,2,1,0,2,3,5,0,1,0,0
2611,101,2025-11-10,323,22,30,0,19,6,2,2,0,1,1,3,6,0,1,1,1
2612,101,2025-11-10,325,22,30,0,9,4,3,1,1,0,1,1,3,0,1,1,1
2613,101,2025-11-10,327,22,30,0,4,3,2,3,1,1,1,2,5,0,1,0,0
2614,101,2025-11-10,328,22,30,0,10,4,3,1,1,0,1,1,2,0,1,1,1
2615,101,2025-11-10,329,22,30,0,14,8,2,2,1,0,1,2,4,0,1,1,1
2616,102,2025-11-10,1,1,3,1,34,33,9,3,0,1,3,11,20,1,4,2,2
2617,102,2025-11-10,2,1,3,1,31,15,10,2,1,1,3,5,10,1,2,1,2
2618,102,2025-11-10,3,1,3,1,26,11,1,5,0,0,2,4,8,1,2,1,1
2619,102,2025-11-10,4,1,3,1,34,9,3,3,1,0,1,4,8,1,3,2,2
2620,102,2025-11-10,5,1,3,1,17,10,5,4,2,1,2,2,5,1,2,1,2
2621,102,2025-11-10,6,1,3,1,25,8,3,2,1,0,2,3,5,1,2,1,1
2622,102,2025-11-10,7,1,3,1,22,13,6,1,1,1,3,4,10,1,2,2,2
2623,102,2025-11-10,8,1,3,1,26,6,0,5,0,0,3,3,7,1,2,1,1
2624,102,2025-11-10,9,1,3,1,4,5,1,2,0,0,1,2,5,1,2,1,1
2625,102,2025-11-10,10,1,3,1,9,0,1,1,0,0,0,1,2,0,0,0,0
2626,102,2025-11-10,11,1,3,1,17,4,3,1,0,0,1,3,5,1,2,1,1
2627,102,2025-11-10,13,1,3,1,26,6,5,0,1,0,1,2,5,0,1,0,0
2628,102,2025-11-10,14,1,3,1,15,6,3,0,1,0,1,3,7,0,1,1,1
2629,102,2025-11-10,31,3,1,0,31,21,2,6,0,1,1,6,12,2,4,2,3
2630,102,2025-11-10,32,3,1,0,31,21,8,0,1,1,3,4,11,1,4,4,5
2631,102,2025-11-10,33,3,1,0,22,13,0,2,0,0,1,4,9,2,4,1,1
2632,102,2025-11-10,34,3,1,0,23,2,3,0,1,0,2,1,1,0,0,0,0
2633,102,2025-11-10,35,3,1,0,30,8,0,0,1,1,1,2,4,0,1,1,1
2634,102,2025-11-10,36,3,1,0,24,9,4,1,0,0,2,3,6,1,2,1,1
2635,102,2025-11-10,37,3,1,0,31,12,9,1,1,0,2,3,7,0,1,2,3
2636,102,2025-11-10,38,3,1,0,23,12,7,4,1,0,2,4,9,1,3,1,1
2637,102,2025-11-10,39,3,1,0,17,7,5,1,1,0,1,1,3,0,1,1,1
2638,102,2025-11-10,40,3,1,0,7,4,0,0,1,0,0,2,4,0,1,1,1
2639,102,2025-11-10,41,3,1,0,12,3,2,2,1,1,1,0,1,0,0,1,1
2640,102,2025-11-10,42,3,1,0,9,0,3,1,0,0,1,1,2,0,0,0,0
2641,102,2025-11-10,43,3,1,0,10,4,1,0,0,0,1,3,6,1,3,0,0
2642,102,2025-11-10,44,3,1,0,22,5,1,0,0,0,2,1,2,0,1,0,0
2643,103,2025-11-11,181,13,15,1,33,15,5,1,2,1,2,4,9,1,3,1,1
2644,103,2025-11-11,182,13,15,1,39,22,8,6,2,1,2,7,13,1,3,4,5
2645,103,2025-11-11,183,13,15,1,30,10,2,1,1,1,0,2,5,1,2,2,2
2646,103,2025-11-11,184,13,15,1,27,11,4,3,1,0,1,2,5,1,2,1,2
2647,103,2025-11-11,185,13,15,1,26,8,5,2,0,1,1,3,7,1,2,2,2
2648,103,2025-11-11,186,13,15,1,32,7,5,6,0,0,2,2,6,1,2,2,2
2649,103,2025-11-11,187,13,15,1,20,11,4,3,1,0,1,4,7,0,1,1,1
2650,103,2025-11-11,188,13,15,1,13,11,9,2,1,0,1,3,6,1,2,1,1
2651,103,2025-11-11,190,13,15,1,10,3,1,1,0,0,1,2,3,0,0,0,0
2652,103,2025-11-11,191,13,15,1,8,6,2,2,1,0,0,2,4,0,1,1,1
2653,103,2025-11-11,192,13,15,1,19,6,3,2,1,0,1,3,5,1,2,1,1
2654,103,2025-11-11,193,13,15,1,14,5,1,1,1,0,0,2,4,0,1,1,1
2655,103,2025-11-11,194,13,15,1,15,0,0,0,0,0,1,1,2,0,0,0,0
2656,103,2025-11-11,211,15,13,0,32,20,7,2,1,1,3,5,10,1,4,4,4
2657,103,2025-11-11,212,15,13,0,24,25,3,4,1,0,2,9,15,1,2,2,3
2658,103,2025-11-11,213,15,13,0,17,9,5,4,0,0,1,3,6,0,1,1,2
2659,103,2025-11-11,214,15,13,0,23,13,7,5,1,0,0,5,10,1,3,2,2
2660,103,2025-11-11,215,15,13,0,25,17,6,5,1,0,1,4,10,1,3,1,1
2661,103,2025-11-11,216,15,13,0,17,8,1,0,1,0,1,5,8,1,2,1,1
2662,103,2025-11-11,217,15,13,0,27,11,2,2,1,0,0,3,8,1,3,2,3
2663,103,2025-11-11,218,15,13,0,31,10,7,5,1,0,2,3,9,1,2,1,2
2664,103,2025-11-11,219,15,13,0,16,9,2,2,1,0,1,2,4,0,1,1,1
2665,103,2025-11-11,221,15,13,0,21,5,2,2,1,0,1,1,2,0,0,1,1
2666,103,2025-11-11,222,15,13,0,19,7,3,1,0,0,0,2,3,0,0,1,1
2667,103,2025-11-11,223,15,13,0,4,4,3,1,0,0,1,2,3,0,1,1,1
2668,103,2025-11-11,224,15,13,0,11,3,2,0,1,1,0,1,3,0,1,1,1
2669,103,2025-11-11,225,15,13,0,12,3,3,3,1,0,1,1,1,0,0,0,0
2670,104,2025-11-11,331,23,19,1,39,18,7,4,2,1,2,7,13,2,6,2,3
2671,104,2025-11-11,332,23,19,1,31,27,9,4,2,1,4,8,15,2,5,5,6
2672,104,2025-11-11,333,23,19,1,17,9,3,4,1,0,0,4,8,1,2,1,1
2673,104,2025-11-11,334,23,19,1,28,9,1,2,1,0,1,2,4,0,1,1,1
2674,104,2025-11-11,335,23,19,1,22,7,6,3,1,0,1,3,7,0,1,1,1
2675,104,2025-11-11,336,23,19,1,16,7,3,3,1,1,1,4,7,0,1,1,1
2676,104,2025-11-11,337,23,19,1,26,4,2,5,0,0,2,2,5,1,2,1,1
2677,104,2025-11-11,338,23,19,1,14,11,4,2,1,0,1,3,5,0,1,1,1
2678,104,2025-11-11,339,23,19,1,5,5,4,1,0,0,0,2,4,1,2,1,1
2679,104,2025-11-11,340,23,19,1,17,1,2,1,0,0,1,1,2,0,0,0,0
2680,104,2025-11-11,341,23,19,1,9,6,5,2,0,0,0,2,5,1,2,1,1
2681,104,2025-11-11,342,23,19,1,13,6,3,2,1,0,1,2,4,0,1,1,1
2682,104,2025-11-11,343,23,19,1,8,5,2,1,0,0,1,1,2,0,1,1,1
2683,104,2025-11-11,345,23,19,1,6,6,3,0,1,0,0,3,6,1,2,1,1
2684,104,2025-11-11,271,19,23,0,37,13,8,5,0,1,2,4,9,1,3,2,2
2685,104,2025-11-11,272,19,23,0,36,21,1,5,1,1,2,5,10,1,3,3,4
2686,104,2025-11-11,273,19,23,0,22,10,3,3,0,0,1,3,6,0,1,2,2
2687,104,2025-11-11,274,19,23,0,23,6,1,1,1,0,2,3,6,1,2,0,0
2688,104,2025-11-11,275,19,23,0,29,7,5,1,1,0,0,3,6,1,3,1,1
2689,104,2025-11-11,276,19,23,0,25,11,2,4,0,0,1,3,5,0,1,1,1
2690,104,2025-11-11,277,19,23,0,29,6,7,2,1,1,1,3,5,1,2,1,1
2691,104,2025-11-11,278,19,23,0,24,13,5,1,1,0,2,5,10,1,3,2,3
2692,104,2025-11-11,279,19,23,0,19,6,3,1,1,0,0,4,7,1,3,1,1
2693,104,2025-11-11,280,19,23,0,16,4,3,2,0,0,1,2,4,0,1,1,1
2694,104,2025-11-11,281,19,23,0,6,3,1,0,1,0,1,2,4,0,1,0,0
2695,104,2025-11-11,282,19,23,0,16,4,1,1,0,0,0,1,2,0,0,1,1
2696,104,2025-11-11,283,19,23,0,15,1,1,0,0,1,1,1,1,0,0,0,0
2697,104,2025-11-11,284,19,23,0,12,3,2,2,1,0,2,1,3,0,1,0,0
2698,105,2025-11-11,196,14,26,1,32,22,3,6,1,1,3,5,11,1,3,3,4
2699,105,2025-11-11,197,14,26,1,28,12,1,4,0,1,4,5,10,1,4,1,2
2700,105,2025-11-11,198,14,26,1,29,13,4,2,1,0,1,4,8,1,2,1,2
2701,105,2025-11-11,199,14,26,1,26,14,5,2,0,0,1,3,8,1,3,1,1
2702,105,2025-11-11,200,14,26,1,33,10,5,4,1,0,1,3,6,1,2,1,2
2703,105,2025-11-11,201,14,26,1,25,8,5,1,1,1,1,2,4,0,1,1,2
2704,105,2025-11-11,202,14,26,1,18,9,3,4,1,0,3,2,5,1,2,1,1
2705,105,2025-11-11,203,14,26,1,26,8,2,2,1,0,1,2,4,0,1,1,1
2706,105,2025-11-11,204,14,26,1,12,2,2,1,1,0,0,1,2,0,1,0,0
2707,105,2025-11-11,205,14,26,1,13,1,2,2,1,1,0,2,4,1,2,0,0
2708,105,2025-11-11,207,14,26,1,18,0,1,2,0,0,0,2,4,0,1,0,0
2709,105,2025-11-11,208,14,26,1,6,3,0,1,1,0,1,1,2,0,0,1,1
2710,105,2025-11-11,209,14,26,1,13,5,4,0,1,0,1,1,2,0,0,1,1
2711,105,2025-11-11,210,14,26,1,13,0,0,0,0,0,1,0,1,0,0,0,0
2712,105,2025-11-11,376,26,14,0,33,24,9,4,1,0,0,8,14,1,3,2,3
2713,105,2025-11-11,377,26,14,0,35,8,8,3,0,0,4,2,5,1,2,2,2
2714,105,2025-11-11,378,26,14,0,23,10,1,4,1,0,2,3,7,0,1,2,2
2715,105,2025-11-11,379,26,14,0,25,12,9,2,0,0,1,3,7,1,2,1,1
2716,105,2025-11-11,380,26,14,0,25,9,4,0,1,0,0,2,5,1,2,0,0
2717,105,2025-11-11,381,26,14,0,23,8,3,3,1,1,1,2,5,1,2,1,1
2718,105,2025-11-11,382,26,14,0,23,9,1,1,1,0,0,4,8,0,1,2,2
2719,105,2025-11-11,383,26,14,0,16,17,7,3,1,1,1,5,10,1,3,1,2
2720,105,2025-11-11,386,26,14,0,11,4,3,0,1,0,1,2,3,0,0,0,0
2721,105,2025-11-11,387,26,14,0,14,4,4,2,1,0,0,2,4,1,2,1,1
2722,105,2025-11-11,388,26,14,0,14,4,2,0,0,0,1,3,6,1,2,1,1
2723,105,2025-11-11,389,26,14,0,15,5,1,1,0,0,0,2,4,0,1,1,1
2724,105,2025-11-11,390,26,14,0,16,2,4,0,1,0,1,3,5,0,1,0,0
2725,106,2025-11-11,151,11,26,1,29,16,4,8,1,0,3,5,9,1,2,1,1
2726,106,2025-11-11,152,11,26,1,42,19,0,8,1,1,2,6,12,1,3,1,2
2727,106,2025-11-11,153,11,26,1,25,6,5,1,1,0,2,2,4,1,2,1,1
2728,106,2025-11-11,154,11,26,1,35,8,3,2,0,1,2,2,5,1,2,1,1
2729,106,2025-11-11,155,11,26,1,24,13,5,2,1,0,3,2,6,0,1,1,1
2730,106,2025-11-11,156,11,26,1,24,8,6,0,0,0,1,4,8,0,1,1,1
2731,106,2025-11-11,157,11,26,1,23,14,3,0,1,0,0,4,9,1,2,2,3
2732,106,2025-11-11,158,11,26,1,35,11,8,0,1,0,2,4,8,1,2,1,2
2733,106,2025-11-11,161,11,26,1,9,0,5,2,1,0,0,1,2,0,1,0,0
2734,106,2025-11-11,163,11,26,1,8,6,0,1,1,0,0,2,4,0,1,1,1
2735,106,2025-11-11,164,11,26,1,11,3,2,1,1,0,1,2,3,0,1,0,0
2736,106,2025-11-11,165,11,26,1,4,3,2,0,1,0,0,1,2,0,1,1,1
2737,106,2025-11-11,376,26,11,0,36,27,8,7,1,1,4,6,13,2,6,2,2
2738,106,2025-11-11,377,26,11,0,31,30,9,8,2,0,3,8,15,2,5,1,2
2739,106,2025-11-11,378,26,11,0,18,9,3,2,1,0,3,3,6,1,2,1,1
2740,106,2025-11-11,379,26,11,0,31,17,5,1,1,0,0,5,9,1,3,4,4
2741,106,2025-11-11,380,26,11,0,28,7,4,0,1,1,2,2,5,0,1,1,1
2742,106,2025-11-11,381,26,11,0,26,8,5,4,1,0,1,5,8,1,3,1,1
2743,106,2025-11-11,382,26,11,0,19,3,7,1,0,0,0,0,1,0,0,0,0
2744,106,2025-11-11,383,26,11,0,19,9,3,3,1,0,3,3,7,1,2,1,1
2745,106,2025-11-11,384,26,11,0,11,5,4,1,1,0,0,2,4,0,1,1,1
2746,106,2025-11-11,385,26,11,0,19,6,0,0,1,0,1,2,4,0,0,1,1
2747,106,2025-11-11,387,26,11,0,9,5,0,0,1,0,1,1,3,0,1,0,0
2748,106,2025-11-11,388,26,11,0,13,5,2,0,1,0,0,2,4,0,1,1,1
2749,107,2025-11-11,256,18,7,1,42,17,2,6,2,0,3,5,10,1,2,3,4
2750,107,2025-11-11,257,18,7,1,33,22,5,3,2,1,2,4,10,0,1,3,4
2751,107,2025-11-11,258,18,7,1,32,8,5,3,1,0,1,2,4,0,1,1,1
2752,107,2025-11-11,259,18,7,1,32,5,2,3,1,0,0,1,3,0,1,1,1
2753,107,2025-11-11,260,18,7,1,21,10,6,0,2,0,1,3,6,0,1,1,1
2754,107,2025-11-11,261,18,7,1,22,8,6,4,1,0,1,2,4,0,1,1,1
2755,107,2025-11-11,262,18,7,1,28,6,4,1,1,0,0,4,7,0,1,1,1
2756,107,2025-11-11,263,18,7,1,18,11,7,4,1,0,1,4,8,1,2,2,2
2757,107,2025-11-11,265,18,7,1,16,2,4,0,0,0,1,2,4,1,2,0,0
2758,107,2025-11-11,266,18,7,1,11,2,3,0,0,0,0,1,2,0,1,0,0
2759,107,2025-11-11,269,18,7,1,15,1,3,1,0,0,1,2,4,0,1,0,0
2760,107,2025-11-11,270,18,7,1,4,2,1,1,1,0,1,2,3,0,1,0,0
2761,107,2025-11-11,91,7,18,0,29,23,4,5,1,1,2,7,15,1,3,1,1
2762,107,2025-11-11,92,7,18,0,33,29,6,9,0,0,5,6,16,1,3,5,6
2763,107,2025-11-11,93,7,18,0,25,8,6,5,1,0,1,3,5,0,1,1,2
2764,107,2025-11-11,94,7,18,0,22,9,5,1,0,1,1,4,7,0,1,2,2
2765,107,2025-11-11,95,7,18,0,30,10,6,4,1,0,1,2,5,1,2,1,1
2766,107,2025-11-11,96,7,18,0,27,10,7,4,0,1,3,2,5,0,1,2,2
2767,107,2025-11-11,97,7,18,0,22,5,1,3,1,0,2,3,6,0,1,0,0
2768,107,2025-11-11,98,7,18,0,23,7,2,3,1,1,1,2,6,0,1,1,1
2769,107,2025-11-11,99,7,18,0,9,4,0,2,0,0,0,2,6,1,2,1,1
2770,107,2025-11-11,101,7,18,0,13,4,3,0,0,0,0,3,6,0,1,1,1
2771,107,2025-11-11,104,7,18,0,21,2,1,2,0,0,1,0,1,0,0,0,0
2772,108,2025-11-11,436,30,4,1,33,19,10,4,1,1,1,5,12,1,4,2,3
2773,108,2025-11-11,437,30,4,1,29,13,11,4,1,0,5,3,7,1,2,1,1
2774,108,2025-11-11,438,30,4,1,16,8,7,1,1,1,2,3,8,1,2,1,1
2775,108,2025-11-11,439,30,4,1,22,5,6,0,1,1,2,3,6,1,2,1,1
2776,108,2025-11-11,440,30,4,1,36,10,3,2,1,0,2,4,9,1,3,1,1
2777,108,2025-11-11,441,30,4,1,32,11,6,2,0,0,1,4,9,1,3,1,2
2778,108,2025-11-11,442,30,4,1,28,13,1,1,1,0,2,5,10,1,3,1,2
2779,108,2025-11-11,443,30,4,1,23,9,2,2,1,1,0,2,5,1,2,1,2
2780,108,2025-11-11,445,30,4,1,13,4,2,1,1,0,0,1,2,0,1,1,1
2781,108,2025-11-11,446,30,4,1,14,6,1,0,1,0,0,3,7,1,2,1,1
2782,108,2025-11-11,447,30,4,1,17,6,4,0,1,0,0,2,6,0,1,1,1
2783,108,2025-11-11,448,30,4,1,24,9,1,0,0,0,1,2,4,1,2,1,1
2784,108,2025-11-11,46,4,30,0,30,21,7,8,2,0,3,5,11,2,5,3,4
2785,108,2025-11-11,47,4,30,0,27,25,6,4,1,0,4,9,16,3,7,1,2
2786,108,2025-11-11,48,4,30,0,25,5,1,0,1,0,0,3,6,1,2,1,1
2787,108,2025-11-11,49,4,30,0,29,14,2,2,1,0,2,5,11,0,1,2,3
2788,108,2025-11-11,50,4,30,0,26,3,1,0,0,0,2,2,4,0,1,0,0
2789,108,2025-11-11,51,4,30,0,18,8,3,3,0,0,2,4,7,1,3,1,1
2790,108,2025-11-11,52,4,30,0,16,13,1,3,0,0,1,5,10,1,4,2,2
2791,108,2025-11-11,53,4,30,0,26,7,0,1,0,1,1,2,4,0,1,1,1
2792,108,2025-11-11,54,4,30,0,10,5,1,1,1,0,1,1,2,0,0,1,1
2793,108,2025-11-11,56,4,30,0,13,4,1,1,1,0,0,2,5,1,2,1,1
2794,108,2025-11-11,58,4,30,0,13,10,4,1,1,0,1,3,6,0,1,2,2
2795,108,2025-11-11,59,4,30,0,4,4,3,2,1,0,1,2,5,1,2,1,1
2796,109,2025-11-12,61,5,28,1,40,26,9,6,1,1,2,7,15,1,2,5,6
2797,109,2025-11-12,62,5,28,1,28,7,3,4,0,1,3,2,5,0,1,1,1
2798,109,2025-11-12,63,5,28,1,28,13,6,3,1,0,2,4,8,1,2,1,2
2799,109,2025-11-12,64,5,28,1,10,12,6,4,1,0,0,4,7,1,2,1,1
2800,109,2025-11-12,65,5,28,1,27,9,2,5,0,0,0,3,6,0,1,2,2
2801,109,2025-11-12,66,5,28,1,29,9,3,2,1,1,1,3,7,1,2,2,2
2802,109,2025-11-12,67,5,28,1,28,9,6,2,0,0,1,2,4,0,1,1,1
2803,109,2025-11-12,68,5,28,1,32,12,5,1,0,0,0,6,10,1,4,2,3
2804,109,2025-11-12,70,5,28,1,18,0,2,0,1,0,1,1,2,0,1,0,0
2805,109,2025-11-12,72,5,28,1,15,5,3,0,1,0,0,1,2,0,0,1,1
2806,109,2025-11-12,74,5,28,1,11,9,2,2,1,0,1,2,4,0,1,1,2
2807,109,2025-11-12,406,28,5,0,29,18,7,4,1,0,3,4,9,0,1,1,2
2808,109,2025-11-12,407,28,5,0,29,29,2,4,2,0,2,8,16,1,2,3,4
2809,109,2025-11-12,408,28,5,0,26,6,3,0,1,0,1,1,3,0,1,1,1
2810,109,2025-11-12,409,28,5,0,31,8,3,5,1,1,1,4,7,1,2,1,1
2811,109,2025-11-12,410,28,5,0,23,8,5,2,0,0,2,3,7,1,2,1,1
2812,109,2025-11-12,411,28,5,0,31,7,0,0,0,0,2,3,6,0,1,2,2
2813,109,2025-11-12,412,28,5,0,27,10,9,1,0,1,2,2,6,1,2,1,1
2814,109,2025-11-12,413,28,5,0,37,10,3,2,1,1,1,2,6,0,1,1,2
2815,109,2025-11-12,414,28,5,0,14,1,1,1,1,0,1,0,1,0,0,0,0
2816,109,2025-11-12,415,28,5,0,9,0,2,0,0,1,1,2,4,0,1,0,0
2817,109,2025-11-12,416,28,5,0,5,3,1,1,1,0,1,1,3,0,0,1,1
2818,109,2025-11-12,417,28,5,0,13,2,2,1,1,0,0,1,1,0,0,0,0
2819,109,2025-11-12,420,28,5,0,15,4,3,2,0,0,2,1,2,0,1,1,1
2820,110,2025-11-12,76,6,29,1,35,27,2,5,1,1,4,8,16,1,5,2,3
2821,110,2025-11-12,77,6,29,1,27,17,8,6,1,1,3,5,10,1,3,1,1
2822,110,2025-11-12,78,6,29,1,16,5,4,0,1,1,2,2,6,1,2,1,1
2823,110,2025-11-12,79,6,29,1,21,8,2,4,0,0,1,2,4,0,1,1,1
2824,110,2025-11-12,80,6,29,1,25,9,5,5,0,1,1,3,7,0,1,1,1
2825,110,2025-11-12,81,6,29,1,23,13,2,3,1,1,1,5,9,1,3,1,1
2826,110,2025-11-12,82,6,29,1,27,10,5,2,1,1,1,2,5,0,1,1,2
2827,110,2025-11-12,83,6,29,1,25,11,2,3,0,1,0,4,8,1,3,2,2
2828,110,2025-11-12,84,6,29,1,6,4,4,1,1,0,1,2,4,0,1,1,1
2829,110,2025-11-12,85,6,29,1,18,1,2,0,1,1,0,0,1,0,0,0,0
2830,110,2025-11-12,86,6,29,1,15,2,2,2,1,0,1,2,3,0,1,0,0
2831,110,2025-11-12,87,6,29,1,19,6,1,0,1,0,2,2,4,0,1,1,1
2832,110,2025-11-12,88,6,29,1,22,5,4,0,1,0,1,2,4,1,2,1,1
2833,110,2025-11-12,89,6,29,1,4,4,1,0,1,0,1,1,2,0,0,0,0
2834,110,2025-11-12,421,29,6,0,32,20,6,3,2,1,3,5,11,1,3,3,4
2835,110,2025-11-12,422,29,6,0,33,25,8,3,1,1,2,7,12,2,5,4,5
2836,110,2025-11-12,423,29,6,0,24,8,4,2,1,0,2,3,6,1,2,1,1
2837,110,2025-11-12,424,29,6,0,19,11,1,1,1,0,1,3,5,1,2,2,2
2838,110,2025-11-12,425,29,6,0,26,10,3,2,1,0,1,4,8,1,3,2,2
2839,110,2025-11-12,426,29,6,0,19,9,3,4,1,1,1,3,6,0,1,1,2
2840,110,2025-11-12,427,29,6,0,23,13,8,1,1,1,1,4,7,1,2,1,1
2841,110,2025-11-12,428,29,6,0,23,13,2,1,1,1,3,6,10,1,3,2,2
2842,110,2025-11-12,429,29,6,0,15,5,3,1,0,0,2,1,3,0,1,1,1
2843,110,2025-11-12,430,29,6,0,9,2,2,1,1,0,0,1,1,0,0,0,0
2844,110,2025-11-12,432,29,6,0,9,9,4,2,1,0,1,4,7,0,1,1,1
2845,110,2025-11-12,433,29,6,0,8,6,4,0,1,0,1,2,4,1,2,0,0
2846,110,2025-11-12,434,29,6,0,9,8,2,2,1,0,1,3,5,1,2,1,2
2847,110,2025-11-12,435,29,6,0,17,3,5,1,1,1,1,0,1,0,0,1,1
2848,111,2025-11-12,106,8,14,1,38,17,5,2,1,1,2,6,12,2,4,3,3
2849,111,2025-11-12,107,8,14,1,25,28,8,5,1,1,2,7,13,1,2,5,7
2850,111,2025-11-12,108,8,14,1,23,8,2,0,1,1,3,5,8,1,3,1,1
2851,111,2025-11-12,109,8,14,1,23,12,3,2,1,1,1,4,8,1,3,1,1
2852,111,2025-11-12,110,8,14,1,31,14,2,3,1,0,2,4,10,1,2,2,2
2853,111,2025-11-12,111,8,14,1,25,7,2,3,1,1,0,2,3,0,1,1,1
2854,111,2025-11-12,112,8,14,1,22,7,3,0,1,0,1,2,4,0,0,1,1
2855,111,2025-11-12,113,8,14,1,22,14,2,2,1,0,0,5,10,1,2,2,3
2856,111,2025-11-12,114,8,14,1,12,4,1,0,1,0,0,2,4,0,1,0,0
2857,111,2025-11-12,115,8,14,1,4,5,2,1,0,0,0,3,6,0,1,0,0
2858,111,2025-11-12,116,8,14,1,13,4,3,2,1,0,1,3,6,1,3,1,1
2859,111,2025-11-12,117,8,14,1,11,7,1,0,1,0,0,2,5,1,2,1,1
2860,111,2025-11-12,119,8,14,1,14,1,1,1,0,0,2,0,1,0,0,0,0
2861,111,2025-11-12,120,8,14,1,13,2,3,0,0,0,0,1,3,0,1,0,0
2862,111,2025-11-12,196,14,8,0,29,17,6,7,2,0,4,4,9,1,2,2,3
2863,111,2025-11-12,197,14,8,0,37,25,10,5,1,1,3,6,15,1,2,2,3
2864,111,2025-11-12,198,14,8,0,19,3,3,0,1,0,2,2,5,1,2,0,0
2865,111,2025-11-12,199,14,8,0,16,13,4,2,1,1,1,5,9,0,1,2,3
2866,111,2025-11-12,200,14,8,0,23,6,5,3,1,0,1,4,7,0,1,1,1
2867,111,2025-11-12,201,14,8,0,16,6,3,3,1,0,1,2,6,1,2,0,0
2868,111,2025-11-12,202,14,8,0,19,9,3,2,1,0,1,2,4,0,0,1,1
2869,111,2025-11-12,203,14,8,0,30,10,3,2,1,0,0,3,7,1,3,2,2
2870,111,2025-11-12,204,14,8,0,13,1,4,1,1,0,1,1,2,0,0,0,0
2871,111,2025-11-12,205,14,8,0,16,3,3,3,0,0,0,1,3,0,1,0,0
2872,111,2025-11-12,207,14,8,0,19,3,1,2,1,0,1,1,2,0,0,1,1
2873,111,2025-11-12,208,14,8,0,4,2,2,1,1,0,1,3,5,1,2,0,0
2874,112,2025-11-12,226,16,19,1,33,26,2,10,1,1,4,7,14,2,6,4,4
2875,112,2025-11-12,227,16,19,1,30,19,5,3,2,1,2,7,13,2,5,2,2
2876,112,2025-11-12,228,16,19,1,25,9,6,3,0,1,2,3,6,0,1,1,1
2877,112,2025-11-12,229,16,19,1,25,11,6,4,0,1,1,3,6,0,1,1,1
2878,112,2025-11-12,230,16,19,1,28,9,6,1,1,0,2,2,5,1,2,1,1
2879,112,2025-11-12,231,16,19,1,24,5,4,4,1,0,2,2,6,1,2,0,0
2880,112,2025-11-12,232,16,19,1,20,10,2,1,0,0,2,3,7,0,1,1,2
2881,112,2025-11-12,233,16,19,1,26,5,3,1,1,1,2,2,5,0,1,1,1
2882,112,2025-11-12,235,16,19,1,4,4,2,1,0,0,1,1,3,0,1,0,0
2883,112,2025-11-12,236,16,19,1,5,9,5,1,0,0,1,2,5,0,1,2,2
2884,112,2025-11-12,237,16,19,1,8,1,2,1,1,0,0,1,3,0,0,0,0
2885,112,2025-11-12,239,16,19,1,10,1,2,0,0,0,1,1,3,0,1,0,0
2886,112,2025-11-12,240,16,19,1,16,5,4,1,1,0,0,2,4,0,1,1,1
2887,112,2025-11-12,271,19,16,0,29,20,5,7,1,1,2,7,14,1,3,3,4
2888,112,2025-11-12,272,19,16,0,35,21,4,7,1,1,2,5,12,1,4,3,4
2889,112,2025-11-12,273,19,16,0,20,9,5,1,0,0,1,5,8,1,2,1,2
2890,112,2025-11-12,274,19,16,0,19,11,1,3,1,0,1,3,6,0,1,1,1
2891,112,2025-11-12,275,19,16,0,21,13,5,1,0,0,2,4,7,1,3,2,3
2892,112,2025-11-12,276,19,16,0,20,9,6,6,1,0,3,3,6,0,1,1,2
2893,112,2025-11-12,277,19,16,0,18,12,7,3,1,1,1,3,6,1,2,1,1
2894,112,2025-11-12,278,19,16,0,20,15,5,0,1,0,2,6,11,1,4,1,2
2895,112,2025-11-12,280,19,16,0,15,5,2,0,1,0,0,2,4,0,1,1,1
2896,112,2025-11-12,281,19,16,0,17,5,3,0,0,0,1,2,3,0,1,1,1
2897,113,2025-11-12,166,12,17,1,35,24,5,8,2,1,2,8,15,1,3,3,5
2898,113,2025-11-12,167,12,17,1,38,25,6,6,1,1,4,5,12,1,4,2,3
2899,113,2025-11-12,168,12,17,1,16,11,7,2,1,1,1,4,7,1,2,1,2
2900,113,2025-11-12,169,12,17,1,19,9,6,2,1,0,1,4,7,1,3,2,2
2901,113,2025-11-12,170,12,17,1,21,13,4,3,1,1,1,3,6,1,2,2,2
2902,113,2025-11-12,171,12,17,1,25,13,6,1,1,0,2,3,6,0,1,1,1
2903,113,2025-11-12,172,12,17,1,20,9,4,2,1,1,0,2,6,1,2,1,1
2904,113,2025-11-12,173,12,17,1,30,8,4,0,0,0,1,5,8,1,3,2,2
2905,113,2025-11-12,175,12,17,1,13,5,3,2,0,0,0,2,4,1,2,0,0
2906,113,2025-11-12,177,12,17,1,5,3,3,2,0,0,1,1,3,0,0,1,1
2907,113,2025-11-12,179,12,17,1,11,4,2,2,0,0,1,2,3,0,1,1,1
2908,113,2025-11-12,180,12,17,1,10,3,3,0,1,0,2,0,1,0,0,0,0
2909,113,2025-11-12,241,17,12,0,36,30,9,10,1,0,4,7,16,1,2,4,5
2910,113,2025-11-12,242,17,12,0,30,37,6,12,1,1,2,8,18,1,4,6,8
2911,113,2025-11-12,243,17,12,0,15,14,1,1,0,1,0,5,9,1,3,2,3
2912,113,2025-11-12,244,17,12,0,28,11,5,4,1,1,0,3,7,1,3,2,2
2913,113,2025-11-12,245,17,12,0,29,10,7,2,2,0,1,4,8,1,3,2,2
2914,113,2025-11-12,246,17,12,0,19,16,6,3,1,0,2,5,9,0,1,2,3
2915,113,2025-11-12,247,17,12,0,20,12,6,3,1,0,2,4,8,1,3,1,1
2916,113,2025-11-12,248,17,12,0,27,16,5,4,0,0,3,3,8,1,2,1,2
2917,113,2025-11-12,249,17,12,0,14,6,2,1,0,0,0,2,4,1,2,1,1
2918,113,2025-11-12,253,17,12,0,13,2,0,0,1,1,2,1,3,0,1,0,0
2919,113,2025-11-12,254,17,12,0,9,7,4,3,1,0,1,2,4,0,1,2,2
2920,113,2025-11-12,255,17,12,0,12,3,2,1,1,0,1,2,3,0,1,1,1
2921,114,2025-11-12,136,10,13,1,32,39,10,9,1,1,4,9,21,1,5,3,5
2922,114,2025-11-12,137,10,13,1,35,28,5,0,2,1,1,8,17,2,4,2,3
2923,114,2025-11-12,138,10,13,1,27,11,2,5,1,0,0,4,9,0,1,2,2
2924,114,2025-11-12,139,10,13,1,23,10,4,2,1,0,1,3,6,1,2,2,2
2925,114,2025-11-12,140,10,13,1,20,11,3,4,1,0,2,3,7,1,3,1,1
2926,114,2025-11-12,141,10,13,1,26,7,7,4,1,1,2,1,3,0,0,0,0
2927,114,2025-11-12,142,10,13,1,32,6,1,4,1,0,0,2,5,0,1,1,1
2928,114,2025-11-12,143,10,13,1,23,9,5,6,0,0,1,2,4,1,2,1,1
2929,114,2025-11-12,144,10,13,1,21,6,3,1,1,0,0,2,4,0,1,1,1
2930,114,2025-11-12,145,10,13,1,9,4,3,2,0,0,1,2,6,1,2,0,0
2931,114,2025-11-12,146,10,13,1,14,7,2,1,1,0,1,2,3,0,1,1,1
2932,114,2025-11-12,148,10,13,1,13,6,2,1,0,0,2,2,6,0,1,1,1
2933,114,2025-11-12,150,10,13,1,13,6,2,2,1,0,0,3,5,0,1,1,1
2934,114,2025-11-12,181,13,10,0,29,13,2,0,2,1,1,4,9,1,4,2,3
2935,114,2025-11-12,182,13,10,0,36,21,2,3,2,1,5,6,11,1,3,3,4
2936,114,2025-11-12,183,13,10,0,25,4,5,2,1,0,2,3,6,0,1,1,1
2937,114,2025-11-12,184,13,10,0,24,9,2,0,1,1,0,2,4,0,1,1,2
2938,114,2025-11-12,185,13,10,0,23,6,4,2,1,0,2,1,3,0,1,0,0
2939,114,2025-11-12,186,13,10,0,32,14,3,3,1,1,1,6,10,1,2,2,2
2940,114,2025-11-12,187,13,10,0,25,6,2,1,0,0,1,3,7,1,2,1,1
2941,114,2025-11-12,188,13,10,0,22,5,4,3,1,1,1,2,4,1,2,0,0
2942,114,2025-11-12,189,13,10,0,17,1,2,1,0,0,0,1,1,0,0,0,0
2943,114,2025-11-12,190,13,10,0,5,5,3,0,1,0,1,2,4,0,1,1,1
2944,114,2025-11-12,192,13,10,0,10,3,2,0,0,0,0,0,1,0,0,1,1
2945,114,2025-11-12,193,13,10,0,16,5,1,1,0,0,1,1,2,0,0,1,1
2946,114,2025-11-12,195,13,10,0,10,4,2,0,0,0,1,1,3,0,1,1,1
2947,115,2025-11-13,31,3,20,1,31,22,11,3,1,1,2,7,14,2,5,4,5
2948,115,2025-11-13,32,3,20,1,31,17,5,4,2,0,3,5,12,1,4,2,3
2949,115,2025-11-13,33,3,20,1,28,10,1,3,0,1,2,2,5,1,2,1,1
2950,115,2025-11-13,34,3,20,1,18,7,4,1,0,1,2,3,5,0,1,1,1
2951,115,2025-11-13,35,3,20,1,31,10,4,4,1,0,1,4,8,1,3,1,1
2952,115,2025-11-13,36,3,20,1,20,8,6,3,1,0,2,2,4,0,1,1,1
2953,115,2025-11-13,37,3,20,1,35,13,7,1,1,1,1,5,9,0,1,3,3
2954,115,2025-11-13,38,3,20,1,24,8,3,1,1,1,2,2,6,1,2,1,1
2955,115,2025-11-13,39,3,20,1,19,3,5,0,1,1,0,0,1,0,0,0,0
2956,115,2025-11-13,40,3,20,1,4,4,3,1,0,0,2,2,5,1,2,1,1
2957,115,2025-11-13,43,3,20,1,12,0,0,3,1,0,0,1,3,0,1,0,0
2958,115,2025-11-13,44,3,20,1,16,7,3,3,0,0,0,2,3,0,1,1,1
2959,115,2025-11-13,45,3,20,1,12,5,3,1,1,0,0,2,3,0,1,1,1
2960,115,2025-11-13,286,20,3,0,30,14,8,8,1,1,2,5,9,1,4,3,3
2961,115,2025-11-13,287,20,3,0,27,22,7,6,1,1,3,7,14,2,4,3,4
2962,115,2025-11-13,288,20,3,0,21,16,4,2,2,1,1,4,9,1,2,3,3
2963,115,2025-11-13,289,20,3,0,21,10,4,3,0,0,2,3,6,1,3,2,2
2964,115,2025-11-13,290,20,3,0,19,8,3,5,1,0,2,3,6,1,3,1,1
2965,115,2025-11-13,291,20,3,0,29,9,1,0,1,1,2,2,6,0,1,2,2
2966,115,2025-11-13,292,20,3,0,28,11,6,4,1,0,2,3,7,1,3,1,1
2967,115,2025-11-13,293,20,3,0,16,7,4,3,1,0,2,2,4,0,1,1,1
2968,115,2025-11-13,294,20,3,0,4,9,1,1,1,0,0,3,7,0,1,1,1
2969,115,2025-11-13,295,20,3,0,15,5,3,1,0,0,1,1,2,0,1,1,1
2970,115,2025-11-13,296,20,3,0,12,4,4,2,1,0,0,3,5,1,2,1,1
2971,115,2025-11-13,297,20,3,0,9,3,3,1,0,0,1,3,5,1,2,0,0
2972,115,2025-11-13,298,20,3,0,4,3,2,3,1,0,0,1,3,0,1,0,0
2973,115,2025-11-13,300,20,3,0,13,4,2,0,1,0,0,1,2,0,0,1,1
2974,116,2025-11-13,301,21,24,1,28,26,1,1,2,1,3,8,15,2,5,2,2
2975,116,2025-11-13,302,21,24,1,38,17,8,8,0,0,3,5,9,1,2,1,2
2976,116,2025-11-13,303,21,24,1,32,6,3,0,1,0,1,2,5,0,1,1,1
2977,116,2025-11-13,304,21,24,1,17,10,3,2,0,1,1,3,7,1,3,1,2
2978,116,2025-11-13,305,21,24,1,29,9,3,1,1,0,1,4,7,1,2,1,1
2979,116,2025-11-13,306,21,24,1,36,2,0,4,1,0,2,1,2,0,1,0,0
2980,116,2025-11-13,307,21,24,1,31,8,4,0,1,0,1,2,4,1,2,1,1
2981,116,2025-11-13,308,21,24,1,15,12,5,3,1,0,2,4,7,1,3,1,1
2982,116,2025-11-13,309,21,24,1,19,2,1,0,1,0,1,2,5,0,1,0,0
2983,116,2025-11-13,310,21,24,1,18,3,3,1,1,0,1,0,1,0,0,0,0
2984,116,2025-11-13,312,21,24,1,4,1,1,2,1,0,1,0,1,0,0,0,0
2985,116,2025-11-13,315,21,24,1,10,4,0,1,0,0,1,1,3,0,1,1,1
2986,116,2025-11-13,346,24,21,0,38,22,7,3,1,0,1,6,11,1,3,3,5
2987,116,2025-11-13,347,24,21,0,33,27,9,6,2,0,4,6,15,1,3,2,2
2988,116,2025-11-13,348,24,21,0,27,7,3,2,1,0,1,2,4,0,1,1,1
2989,116,2025-11-13,349,24,21,0,35,5,4,3,1,1,1,2,4,0,1,0,0
2990,116,2025-11-13,350,24,21,0,17,11,6,3,1,0,2,4,8,1,2,1,1
2991,116,2025-11-13,351,24,21,0,26,11,4,5,1,0,2,2,5,0,1,1,1
2992,116,2025-11-13,352,24,21,0,26,6,6,2,1,1,2,3,6,0,1,1,1
2993,116,2025-11-13,353,24,21,0,21,8,4,1,1,1,1,2,5,1,2,1,1
2994,116,2025-11-13,354,24,21,0,9,7,2,2,0,0,1,2,4,1,2,1,1
2995,116,2025-11-13,355,24,21,0,14,6,3,1,1,0,0,3,7,1,2,1,1
2996,116,2025-11-13,356,24,21,0,18,1,3,1,0,0,1,1,2,0,0,0,0
2997,116,2025-11-13,358,24,21,0,22,4,2,1,0,0,1,1,3,0,0,1,1
2998,116,2025-11-13,360,24,21,0,7,6,2,0,1,1,1,1,3,0,1,1,1
2999,117,2025-11-13,1,1,25,1,33,25,9,5,1,1,3,8,16,1,3,3,3
3000,117,2025-11-13,2,1,25,1,34,18,6,9,1,1,4,4,11,1,2,3,3
3001,117,2025-11-13,3,1,25,1,29,6,2,5,1,1,1,2,3,0,1,1,1
3002,117,2025-11-13,4,1,25,1,30,5,5,2,1,0,2,1,2,0,0,1,1
3003,117,2025-11-13,5,1,25,1,20,8,4,2,0,0,1,3,7,1,2,1,1
3004,117,2025-11-13,6,1,25,1,26,4,1,6,0,1,1,3,6,1,2,1,1
3005,117,2025-11-13,7,1,25,1,26,6,1,3,1,0,1,3,6,1,2,1,1
3006,117,2025-11-13,8,1,25,1,23,4,2,3,1,1,1,1,2,0,0,1,1
3007,117,2025-11-13,9,1,25,1,15,1,0,1,0,0,1,1,1,0,0,0,0
3008,117,2025-11-13,10,1,25,1,13,3,2,2,0,0,1,1,2,0,1,0,0
3009,117,2025-11-13,13,1,25,1,7,0,1,2,1,0,1,1,1,0,0,0,0
3010,117,2025-11-13,15,1,25,1,16,5,2,2,0,0,2,1,3,0,1,0,0
3011,117,2025-11-13,361,25,1,0,33,25,8,6,2,0,3,7,14,2,4,3,4
3012,117,2025-11-13,362,25,1,0,28,14,7,2,2,1,2,3,7,0,1,2,3
3013,117,2025-11-13,363,25,1,0,28,16,2,1,1,1,2,4,8,1,3,3,4
3014,117,2025-11-13,364,25,1,0,27,7,0,4,1,0,1,1,3,0,1,2,2
3015,117,2025-11-13,365,25,1,0,20,8,4,5,1,0,2,3,6,1,2,1,2
3016,117,2025-11-13,366,25,1,0,14,9,8,2,0,1,2,2,5,1,2,1,1
3017,117,2025-11-13,367,25,1,0,18,9,5,2,1,0,1,2,4,0,1,2,2
3018,117,2025-11-13,368,25,1,0,23,16,4,1,1,0,2,4,9,1,3,2,2
3019,117,2025-11-13,371,25,1,0,19,4,2,2,1,0,1,2,4,1,2,1,1
3020,117,2025-11-13,373,25,1,0,7,2,2,1,1,0,0,2,4,0,1,0,0
3021,117,2025-11-13,374,25,1,0,10,2,1,0,0,0,0,2,5,0,1,0,0
3022,118,2025-11-13,331,23,27,1,34,21,5,4,1,1,3,7,14,2,5,2,2
3023,118,2025-11-13,332,23,27,1,39,19,2,6,1,1,4,4,10,1,2,2,2
3024,118,2025-11-13,333,23,27,1,25,10,5,3,1,0,3,2,6,1,2,1,1
3025,118,2025-11-13,334,23,27,1,31,12,3,1,1,0,2,4,8,1,3,2,2
3026,118,2025-11-13,335,23,27,1,24,4,1,0,1,0,1,3,6,1,3,0,0
3027,118,2025-11-13,336,23,27,1,19,8,1,2,0,0,2,4,7,1,3,1,1
3028,118,2025-11-13,337,23,27,1,20,12,2,0,1,0,2,3,7,1,2,1,2
3029,118,2025-11-13,338,23,27,1,23,7,0,2,1,0,2,3,7,1,3,0,0
3030,118,2025-11-13,339,23,27,1,14,3,4,3,1,1,1,2,5,0,1,0,0
3031,118,2025-11-13,341,23,27,1,24,3,4,0,0,0,1,2,4,0,1,0,0
3032,118,2025-11-13,342,23,27,1,7,1,0,1,0,0,1,1,1,0,0,0,0
3033,118,2025-11-13,343,23,27,1,14,4,3,0,1,0,1,3,6,0,1,1,1
3034,118,2025-11-13,344,23,27,1,16,1,2,0,1,1,1,1,3,0,1,0,0
3035,118,2025-11-13,391,27,23,0,32,20,4,5,1,0,3,7,14,2,4,3,4
3036,118,2025-11-13,392,27,23,0,30,7,10,7,1,0,3,4,7,1,3,1,1
3037,118,2025-11-13,393,27,23,0,26,4,2,1,1,0,0,1,2,0,1,1,1
3038,118,2025-11-13,394,27,23,0,26,9,3,3,1,1,1,4,7,1,3,1,1
3039,118,2025-11-13,395,27,23,0,29,4,4,1,0,0,1,1,3,0,1,0,0
3040,118,2025-11-13,396,27,23,0,23,10,3,2,1,1,2,3,6,0,1,1,1
3041,118,2025-11-13,397,27,23,0,22,5,3,1,0,0,1,3,6,1,2,1,1
3042,118,2025-11-13,398,27,23,0,23,7,8,1,1,0,1,2,4,0,1,1,1
3043,118,2025-11-13,399,27,23,0,11,2,0,1,1,0,0,0,1,0,0,0,0
3044,118,2025-11-13,402,27,23,0,11,5,2,1,1,0,1,2,5,0,1,1,1
3045,118,2025-11-13,403,27,23,0,15,4,2,0,0,1,2,2,3,0,1,1,1
3046,118,2025-11-13,404,27,23,0,10,1,2,2,0,0,0,2,3,0,1,0,0
3047,119,2025-11-13,16,2,9,1,37,12,2,3,0,1,2,3,7,1,3,1,1
3048,119,2025-11-13,17,2,9,1,32,24,9,4,1,1,2,6,15,2,6,1,2
3049,119,2025-11-13,18,2,9,1,15,13,2,3,1,0,1,5,9,1,3,2,3
3050,119,2025-11-13,19,2,9,1,24,6,5,2,1,1,1,2,5,1,2,0,0
3051,119,2025-11-13,20,2,9,1,37,6,3,2,1,1,1,2,3,0,1,1,1
3052,119,2025-11-13,21,2,9,1,31,6,0,4,0,0,2,3,5,0,1,1,1
3053,119,2025-11-13,22,2,9,1,31,10,6,3,1,0,2,3,7,1,2,1,1
3054,119,2025-11-13,23,2,9,1,21,6,5,2,1,0,3,2,4,0,1,1,1
3055,119,2025-11-13,25,2,9,1,14,5,4,1,0,0,2,2,4,0,1,1,1
3056,119,2025-11-13,26,2,9,1,6,0,2,0,1,0,1,1,2,0,1,0,0
3057,119,2025-11-13,27,2,9,1,11,4,2,1,1,0,1,2,5,1,2,1,1
3058,119,2025-11-13,28,2,9,1,15,4,0,3,0,0,0,3,5,0,1,1,1
3059,119,2025-11-13,29,2,9,1,8,6,3,1,1,0,1,2,3,0,1,1,1
3060,119,2025-11-13,121,9,2,0,28,27,10,9,1,0,5,8,17,1,3,3,4
3061,119,2025-11-13,122,9,2,0,30,13,5,5,2,1,2,5,10,1,3,2,2
3062,119,2025-11-13,123,9,2,0,25,14,6,5,1,1,0,4,10,1,2,1,2
3063,119,2025-11-13,124,9,2,0,26,8,3,3,1,0,2,3,6,1,2,1,1
3064,119,2025-11-13,125,9,2,0,25,3,3,1,0,1,1,2,4,0,1,1,1
3065,119,2025-11-13,126,9,2,0,31,3,4,3,1,0,1,2,3,0,1,1,1
3066,119,2025-11-13,127,9,2,0,32,2,3,4,1,1,1,1,1,0,0,0,0
3067,119,2025-11-13,128,9,2,0,36,6,4,0,1,0,1,3,7,0,1,1,1
3068,119,2025-11-13,131,9,2,0,9,5,1,2,0,0,1,1,3,0,1,1,1
3069,119,2025-11-13,132,9,2,0,13,1,1,0,1,0,0,1,3,0,1,0,0
3070,119,2025-11-13,133,9,2,0,6,1,3,0,0,0,1,2,4,0,1,0,0
3071,119,2025-11-13,134,9,2,0,12,5,0,4,1,0,0,1,3,0,1,1,1
3072,119,2025-11-13,135,9,2,0,12,4,4,0,1,0,0,3,6,1,2,0,0
3073,120,2025-11-13,316,22,15,1,31,17,6,6,1,1,4,3,9,1,4,1,1
3074,120,2025-11-13,317,22,15,1,40,23,7,5,1,1,2,5,11,1,3,2,2
3075,120,2025-11-13,318,22,15,1,28,11,5,3,1,0,2,3,6,0,1,1,1
3076,120,2025-11-13,319,22,15,1,32,6,2,3,0,1,1,2,4,0,1,0,0
3077,120,2025-11-13,320,22,15,1,32,10,2,2,1,0,1,4,8,1,3,1,2
3078,120,2025-11-13,321,22,15,1,24,14,5,2,1,1,2,4,10,2,4,1,1
3079,120,2025-11-13,322,22,15,1,24,11,6,2,0,1,2,4,9,1,3,1,1
3080,120,2025-11-13,323,22,15,1,27,10,4,2,1,1,1,4,9,1,3,1,1
3081,120,2025-11-13,324,22,15,1,17,2,4,1,0,0,1,2,4,0,1,0,0
3082,120,2025-11-13,325,22,15,1,18,5,3,1,0,0,1,1,2,0,1,1,1
3083,120,2025-11-13,327,22,15,1,12,5,1,1,1,0,1,2,5,1,2,1,1
3084,120,2025-11-13,329,22,15,1,7,5,3,0,0,0,1,2,4,0,1,1,1
3085,120,2025-11-13,330,22,15,1,7,10,4,3,0,0,1,3,6,1,2,1,2
3086,120,2025-11-13,211,15,22,0,35,26,9,8,1,1,3,7,12,1,2,2,2
3087,120,2025-11-13,212,15,22,0,35,24,9,7,0,0,3,8,15,1,4,2,3
3088,120,2025-11-13,213,15,22,0,24,7,3,0,1,0,1,2,4,0,1,1,1
3089,120,2025-11-13,214,15,22,0,20,5,7,2,1,0,2,2,4,1,2,1,1
3090,120,2025-11-13,215,15,22,0,34,10,6,2,2,0,1,3,6,0,1,1,2
3091,120,2025-11-13,216,15,22,0,26,10,5,1,1,0,1,4,7,1,2,2,2
3092,120,2025-11-13,217,15,22,0,18,13,6,1,1,0,1,4,8,0,1,2,3
3093,120,2025-11-13,218,15,22,0,29,8,0,3,1,1,1,3,6,0,1,1,1
3094,120,2025-11-13,219,15,22,0,13,0,1,1,0,0,0,1,1,0,0,0,0
3095,120,2025-11-13,222,15,22,0,14,7,2,0,1,0,1,2,6,1,2,1,1
3096,120,2025-11-13,223,15,22,0,20,1,3,2,1,0,0,2,4,0,0,0,0
3097,120,2025-11-13,224,15,22,0,12,3,2,0,1,0,1,1,2,0,0,0,0
3098,120,2025-11-13,225,15,22,0,18,1,3,1,0,0,0,1,1,0,0,0,0
3099,121,2025-11-14,91,7,9,1,35,20,9,4,2,1,2,5,13,2,5,2,2
3100,121,2025-11-14,92,7,9,1,32,19,3,4,1,1,2,5,10,1,3,2,2
3101,121,2025-11-14,93,7,9,1,17,6,5,2,1,1,1,2,5,0,1,1,1
3102,121,2025-11-14,94,7,9,1,21,7,5,1,0,1,2,3,6,0,1,1,1
3103,121,2025-11-14,95,7,9,1,16,7,4,3,1,1,1,2,4,0,1,1,1
3104,121,2025-11-14,96,7,9,1,29,7,5,1,0,1,1,2,3,0,1,1,1
3105,121,2025-11-14,97,7,9,1,26,12,2,3,2,0,2,5,9,1,3,1,2
3106,121,2025-11-14,98,7,9,1,32,9,4,3,1,1,1,3,7,1,2,1,1
3107,121,2025-11-14,99,7,9,1,8,2,1,1,1,0,2,1,2,0,1,0,0
3108,121,2025-11-14,100,7,9,1,10,12,1,2,1,0,1,3,6,0,1,1,1
3109,121,2025-11-14,101,7,9,1,17,2,3,2,0,0,0,3,5,1,2,0,0
3110,121,2025-11-14,103,7,9,1,10,1,0,3,1,0,0,2,4,1,2,0,0
3111,121,2025-11-14,104,7,9,1,5,4,2,1,0,0,1,1,3,0,1,1,1
3112,121,2025-11-14,105,7,9,1,20,0,2,2,1,1,1,1,3,0,1,0,0
3113,121,2025-11-14,121,9,7,0,38,18,3,5,1,1,1,4,10,1,3,3,4
3114,121,2025-11-14,122,9,7,0,25,19,9,4,2,0,2,5,13,1,3,2,2
3115,121,2025-11-14,123,9,7,0,25,11,4,2,0,1,2,3,6,1,2,1,2
3116,121,2025-11-14,124,9,7,0,21,9,7,1,0,0,1,2,5,0,1,1,1
3117,121,2025-11-14,125,9,7,0,21,9,2,4,1,1,1,3,6,1,2,1,2
3118,121,2025-11-14,126,9,7,0,28,10,3,1,0,0,2,4,9,1,4,1,1
3119,121,2025-11-14,127,9,7,0,35,9,6,0,0,0,0,3,6,1,2,1,1
3120,121,2025-11-14,128,9,7,0,25,10,5,2,1,0,0,5,9,0,1,1,1
3121,121,2025-11-14,129,9,7,0,11,6,1,0,0,0,0,2,5,0,1,1,1
3122,121,2025-11-14,130,9,7,0,8,5,1,2,0,0,1,1,2,0,1,1,1
3123,121,2025-11-14,133,9,7,0,19,3,1,1,0,0,1,2,3,0,1,0,0
3124,122,2025-11-14,166,12,15,1,28,25,11,10,1,1,4,6,13,1,3,4,5
3125,122,2025-11-14,167,12,15,1,33,21,7,4,3,1,2,6,11,1,3,2,3
3126,122,2025-11-14,168,12,15,1,26,9,4,2,0,1,2,3,5,0,1,1,2
3127,122,2025-11-14,169,12,15,1,16,10,6,0,0,1,1,4,9,0,1,1,1
3128,122,2025-11-14,170,12,15,1,26,11,3,2,1,0,0,2,5,0,1,1,1
3129,122,2025-11-14,171,12,15,1,17,9,6,2,1,0,2,4,7,1,3,1,1
3130,122,2025-11-14,172,12,15,1,15,6,4,0,1,0,2,3,5,1,2,1,1
3131,122,2025-11-14,173,12,15,1,20,11,3,5,1,0,0,3,6,0,1,1,1
3132,122,2025-11-14,176,12,15,1,4,6,3,3,0,1,1,2,5,0,1,1,1
3133,122,2025-11-14,178,12,15,1,19,5,2,1,1,1,0,2,4,0,1,0,0
3134,122,2025-11-14,180,12,15,1,9,5,2,2,1,0,1,2,4,0,1,1,1
3135,122,2025-11-14,211,15,12,0,40,20,8,3,1,1,2,5,11,2,4,3,4
3136,122,2025-11-14,212,15,12,0,35,14,4,9,1,1,3,3,7,1,2,1,1
3137,122,2025-11-14,213,15,12,0,20,9,3,3,1,1,1,2,4,0,1,1,2
3138,122,2025-11-14,214,15,12,0,31,5,5,1,1,1,2,1,2,0,0,1,1
3139,122,2025-11-14,215,15,12,0,20,8,9,0,1,0,0,4,8,0,1,1,1
3140,122,2025-11-14,216,15,12,0,15,5,5,0,0,0,2,2,3,0,0,0,0
3141,122,2025-11-14,217,15,12,0,19,21,6,1,0,1,2,6,11,1,2,4,5
3142,122,2025-11-14,218,15,12,0,21,11,7,5,0,1,2,3,7,1,2,1,1
3143,122,2025-11-14,219,15,12,0,6,5,1,1,0,0,0,1,2,0,0,1,1
3144,122,2025-11-14,220,15,12,0,11,1,3,1,1,0,0,0,1,0,0,0,0
3145,122,2025-11-14,221,15,12,0,7,5,2,1,1,0,1,2,4,0,1,1,1
3146,122,2025-11-14,222,15,12,0,14,5,2,2,0,0,0,1,3,0,1,1,1
3147,122,2025-11-14,223,15,12,0,18,6,3,1,1,0,2,2,4,1,2,1,1
3148,122,2025-11-14,225,15,12,0,15,8,2,0,0,0,1,3,5,0,1,1,1
3149,123,2025-11-14,16,2,23,1,31,15,7,8,1,1,3,5,10,1,4,3,4
3150,123,2025-11-14,17,2,23,1,32,30,4,7,1,0,2,8,14,1,2,4,5
3151,123,2025-11-14,18,2,23,1,28,12,0,0,1,0,2,3,6,1,2,1,1
3152,123,2025-11-14,19,2,23,1,24,11,5,2,1,1,2,4,9,1,3,1,1
3153,123,2025-11-14,20,2,23,1,21,3,2,1,1,1,2,1,2,0,0,0,0
3154,123,2025-11-14,21,2,23,1,26,5,3,3,2,0,2,2,4,0,1,1,1
3155,123,2025-11-14,22,2,23,1,22,9,3,4,1,0,3,4,8,1,2,1,1
3156,123,2025-11-14,23,2,23,1,17,2,3,2,1,1,2,2,5,1,2,0,0
3157,123,2025-11-14,24,2,23,1,17,0,0,2,1,0,1,0,1,0,0,0,0
3158,123,2025-11-14,25,2,23,1,9,8,2,0,0,0,1,3,5,0,1,1,1
3159,123,2025-11-14,26,2,23,1,14,2,2,2,1,0,0,2,4,0,1,0,0
3160,123,2025-11-14,27,2,23,1,15,5,1,0,0,0,2,2,5,0,1,1,1
3161,123,2025-11-14,30,2,23,1,10,1,2,1,0,0,1,1,3,0,1,0,0
3162,123,2025-11-14,331,23,2,0,28,28,12,8,2,0,3,8,17,1,4,3,4
3163,123,2025-11-14,332,23,2,0,40,32,6,7,2,0,4,9,18,1,4,5,7
3164,123,2025-11-14,333,23,2,0,28,4,4,0,1,0,2,1,2,0,1,0,0
3165,123,2025-11-14,334,23,2,0,26,9,2,4,0,0,1,4,8,0,1,1,1
3166,123,2025-11-14,335,23,2,0,20,5,4,0,1,1,1,3,6,0,1,0,0
3167,123,2025-11-14,336,23,2,0,18,6,1,0,0,0,1,1,3,0,0,1,1
3168,123,2025-11-14,337,23,2,0,28,1,2,2,1,0,2,2,3,0,1,0,0
3169,123,2025-11-14,338,23,2,0,30,4,3,4,1,0,0,2,4,0,1,1,1
3170,123,2025-11-14,340,23,2,0,15,2,0,1,0,0,1,1,2,0,0,0,0
3171,123,2025-11-14,342,23,2,0,9,2,2,2,0,0,1,0,1,0,0,0,0
3172,123,2025-11-14,345,23,2,0,18,4,2,0,1,0,1,3,5,0,1,1,1
3173,124,2025-11-14,406,28,3,1,38,21,3,6,1,0,3,6,10,1,2,2,2
3174,124,2025-11-14,407,28,3,1,32,22,7,5,2,1,4,7,13,2,5,2,2
3175,124,2025-11-14,408,28,3,1,25,10,2,4,1,0,2,3,8,0,1,1,2
3176,124,2025-11-14,409,28,3,1,23,8,4,2,1,0,1,3,6,0,1,2,2
3177,124,2025-11-14,410,28,3,1,23,16,5,5,1,0,2,4,9,0,1,2,3
3178,124,2025-11-14,411,28,3,1,21,8,4,2,1,1,1,3,7,1,2,1,2
3179,124,2025-11-14,412,28,3,1,33,6,5,2,1,1,2,1,3,0,1,1,1
3180,124,2025-11-14,413,28,3,1,23,12,4,2,1,0,0,4,9,1,3,1,1
3181,124,2025-11-14,414,28,3,1,4,10,1,0,0,0,0,4,8,1,2,1,1
3182,124,2025-11-14,415,28,3,1,14,6,2,0,1,0,0,2,5,0,1,1,1
3183,124,2025-11-14,416,28,3,1,9,4,3,2,1,0,0,1,2,0,1,1,1
3184,124,2025-11-14,417,28,3,1,4,7,2,1,0,0,1,3,7,1,3,1,1
3185,124,2025-11-14,418,28,3,1,15,3,1,1,0,0,1,2,5,1,2,1,1
3186,124,2025-11-14,419,28,3,1,16,4,0,2,0,0,1,3,6,0,1,0,0
3187,124,2025-11-14,420,28,3,1,16,3,3,1,0,0,1,2,3,0,0,0,0
3188,124,2025-11-14,31,3,28,0,32,28,8,4,2,1,4,7,14,2,6,4,5
3189,124,2025-11-14,32,3,28,0,28,31,7,5,1,0,3,9,17,2,6,4,6
3190,124,2025-11-14,33,3,28,0,25,11,5,2,1,0,2,3,5,1,2,1,2
3191,124,2025-11-14,34,3,28,0,27,8,4,3,1,1,0,4,7,1,2,1,1
3192,124,2025-11-14,35,3,28,0,22,7,4,5,1,0,3,3,6,1,2,1,1
3193,124,2025-11-14,36,3,28,0,23,6,4,2,1,1,1,2,3,0,1,1,1
3194,124,2025-11-14,37,3,28,0,22,13,3,5,0,0,2,3,6,1,2,3,3
3195,124,2025-11-14,38,3,28,0,22,11,1,0,1,0,2,3,5,0,1,1,1
3196,124,2025-11-14,39,3,28,0,12,2,1,1,0,1,2,3,5,0,1,0,0
3197,124,2025-11-14,40,3,28,0,6,6,2,0,1,0,1,4,7,0,1,1,1
3198,124,2025-11-14,41,3,28,0,16,6,2,1,1,0,0,1,3,0,1,1,1
3199,124,2025-11-14,45,3,28,0,10,2,3,3,1,0,1,2,3,0,1,0,0
3200,125,2025-11-14,76,6,25,1,34,15,5,9,1,0,3,5,10,1,4,2,2
3201,125,2025-11-14,77,6,25,1,39,29,3,2,2,1,3,6,14,1,4,5,7
3202,125,2025-11-14,78,6,25,1,30,8,1,1,1,0,1,3,8,1,2,2,2
3203,125,2025-11-14,79,6,25,1,27,10,3,1,1,1,2,5,9,0,1,1,1
3204,125,2025-11-14,80,6,25,1,27,9,1,1,1,1,2,3,5,0,1,1,2
3205,125,2025-11-14,81,6,25,1,38,9,3,4,1,0,1,2,4,0,0,1,2
3206,125,2025-11-14,82,6,25,1,23,10,7,1,0,1,1,3,7,1,2,2,2
3207,125,2025-11-14,83,6,25,1,24,2,0,3,1,1,2,2,4,1,2,0,0
3208,125,2025-11-14,84,6,25,1,17,6,1,1,1,0,1,2,5,0,1,1,1
3209,125,2025-11-14,85,6,25,1,12,5,0,1,0,0,0,1,2,0,1,0,0
3210,125,2025-11-14,86,6,25,1,10,0,0,3,1,0,0,2,4,1,2,0,0
3211,125,2025-11-14,87,6,25,1,10,3,3,2,1,0,0,1,1,0,0,0,0
3212,125,2025-11-14,88,6,25,1,4,2,5,1,1,0,1,3,5,0,1,0,0
3213,125,2025-11-14,90,6,25,1,18,3,1,1,0,0,1,0,1,0,0,1,1
3214,125,2025-11-14,361,25,6,0,32,17,9,6,2,1,4,6,12,1,4,2,2
3215,125,2025-11-14,362,25,6,0,45,24,5,8,2,0,3,6,14,1,2,5,6
3216,125,2025-11-14,363,25,6,0,26,11,5,2,0,0,2,2,5,1,2,1,2
3217,125,2025-11-14,364,25,6,0,30,9,5,1,1,1,0,3,5,1,2,1,1
3218,125,2025-11-14,365,25,6,0,29,8,1,2,1,0,1,4,8,0,1,1,1
3219,125,2025-11-14,366,25,6,0,33,4,5,1,1,0,0,2,4,0,1,0,0
3220,125,2025-11-14,367,25,6,0,18,10,6,5,2,1,0,3,8,0,1,1,1
3221,125,2025-11-14,368,25,6,0,19,11,7,3,0,1,1,3,9,1,2,2,2
3222,125,2025-11-14,369,25,6,0,19,3,4,1,1,0,0,2,4,0,1,0,0
3223,125,2025-11-14,370,25,6,0,11,5,2,1,1,0,0,1,2,0,1,1,1
3224,125,2025-11-14,371,25,6,0,12,0,3,0,0,0,1,1,2,0,1,0,0
3225,125,2025-11-14,372,25,6,0,16,2,2,1,1,0,0,2,4,0,1,0,0
3226,125,2025-11-14,373,25,6,0,10,3,3,0,0,0,1,1,2,0,0,0,0
3227,125,2025-11-14,374,25,6,0,4,5,3,1,0,0,1,2,6,0,1,1,1
3228,125,2025-11-14,375,25,6,0,11,3,2,2,0,0,1,1,2,0,1,1,1
3229,126,2025-11-14,376,26,21,1,30,21,6,4,1,1,3,7,14,1,2,2,2
3230,126,2025-11-14,377,26,21,1,30,28,6,6,1,1,3,9,16,3,7,3,4
3231,126,2025-11-14,378,26,21,1,24,7,4,3,0,1,1,3,6,1,2,0,0
3232,126,2025-11-14,379,26,21,1,15,11,0,0,1,1,3,4,9,1,4,2,2
3233,126,2025-11-14,380,26,21,1,26,10,5,2,1,0,2,2,5,0,1,1,1
3234,126,2025-11-14,381,26,21,1,19,10,3,2,0,0,1,5,9,1,4,1,2
3235,126,2025-11-14,382,26,21,1,23,6,3,0,1,0,1,3,6,1,2,0,0
3236,126,2025-11-14,383,26,21,1,17,8,7,1,1,1,2,3,7,1,3,2,2
3237,126,2025-11-14,385,26,21,1,13,2,2,0,0,0,1,1,2,0,0,0,0
3238,126,2025-11-14,386,26,21,1,11,1,0,1,0,0,1,1,2,0,1,0,0
3239,126,2025-11-14,389,26,21,1,10,5,3,0,1,0,1,2,5,1,2,1,1
3240,126,2025-11-14,390,26,21,1,10,5,3,3,1,0,1,1,3,0,1,1,1
3241,126,2025-11-14,301,21,26,0,32,25,6,3,1,1,2,9,16,1,4,3,4
3242,126,2025-11-14,302,21,26,0,37,17,4,5,1,0,4,4,9,1,4,3,3
3243,126,2025-11-14,303,21,26,0,19,6,5,0,1,1,2,3,5,0,1,1,1
3244,126,2025-11-14,304,21,26,0,18,10,4,4,1,0,1,4,7,1,3,1,1
3245,126,2025-11-14,305,21,26,0,18,11,5,3,1,1,1,2,5,0,1,1,2
3246,126,2025-11-14,306,21,26,0,10,9,6,5,1,0,1,2,4,0,1,1,2
3247,126,2025-11-14,307,21,26,0,22,9,2,0,0,1,2,2,6,0,1,1,1
3248,126,2025-11-14,308,21,26,0,25,12,2,3,1,1,2,4,10,1,3,1,1
3249,126,2025-11-14,309,21,26,0,16,6,1,3,1,0,0,3,7,1,3,1,1
3250,126,2025-11-14,310,21,26,0,10,5,2,0,0,0,1,1,2,0,0,1,1
3251,126,2025-11-14,311,21,26,0,20,3,2,2,1,0,0,1,3,0,1,1,1
3252,126,2025-11-14,312,21,26,0,14,3,0,1,1,0,1,1,2,0,1,1,1
3253,126,2025-11-14,313,21,26,0,13,4,2,2,0,0,0,1,2,0,1,0,0
3254,126,2025-11-14,314,21,26,0,13,6,1,1,0,0,0,2,3,0,1,1,1
3255,126,2025-11-14,315,21,26,0,8,4,2,2,0,0,0,2,4,0,1,0,0
3256,127,2025-11-15,46,4,16,1,27,21,4,3,0,1,2,7,12,1,3,1,2
3257,127,2025-11-15,47,4,16,1,29,19,5,4,1,1,3,5,10,1,3,3,4
3258,127,2025-11-15,48,4,16,1,14,8,4,4,0,1,2,3,7,1,2,1,1
3259,127,2025-11-15,49,4,16,1,26,1,3,5,0,0,0,2,4,0,1,0,0
3260,127,2025-11-15,50,4,16,1,20,6,6,4,1,0,1,2,5,1,2,0,0
3261,127,2025-11-15,51,4,16,1,23,13,5,4,1,0,0,2,6,1,2,1,1
3262,127,2025-11-15,52,4,16,1,33,7,6,2,1,0,2,3,6,0,1,1,1
3263,127,2025-11-15,53,4,16,1,29,9,3,3,1,1,1,3,6,1,2,1,1
3264,127,2025-11-15,55,4,16,1,13,7,1,2,0,0,0,2,4,0,1,2,2
3265,127,2025-11-15,56,4,16,1,16,7,0,1,0,0,2,3,6,1,2,1,1
3266,127,2025-11-15,57,4,16,1,13,1,1,1,1,0,1,1,2,0,1,0,0
3267,127,2025-11-15,58,4,16,1,11,5,2,4,0,0,1,3,6,1,2,1,1
3268,127,2025-11-15,60,4,16,1,12,3,1,0,1,0,0,0,1,0,0,0,0
3269,127,2025-11-15,226,16,4,0,29,23,7,8,1,0,5,5,13,1,5,2,2
3270,127,2025-11-15,227,16,4,0,29,16,11,5,1,1,2,5,9,2,4,3,4
3271,127,2025-11-15,228,16,4,0,20,9,3,2,1,1,1,4,7,1,2,1,1
3272,127,2025-11-15,229,16,4,0,26,8,8,4,1,0,1,3,5,0,1,1,1
3273,127,2025-11-15,230,16,4,0,22,7,3,4,1,0,2,3,6,1,3,1,1
3274,127,2025-11-15,231,16,4,0,23,12,2,2,1,1,1,5,9,1,3,2,2
3275,127,2025-11-15,232,16,4,0,34,11,5,4,1,0,1,3,7,0,1,1,1
3276,127,2025-11-15,233,16,4,0,18,6,2,2,1,1,2,3,6,1,2,1,1
3277,127,2025-11-15,234,16,4,0,13,5,0,2,0,0,0,1,3,0,1,1,1
3278,127,2025-11-15,235,16,4,0,8,4,2,2,1,0,2,2,4,0,1,1,1
3279,127,2025-11-15,236,16,4,0,11,0,2,0,0,0,1,1,2,0,0,0,0
3280,127,2025-11-15,237,16,4,0,6,6,0,1,0,0,1,4,7,0,1,1,1
3281,127,2025-11-15,238,16,4,0,13,5,4,0,1,0,1,3,6,1,2,1,1
3282,127,2025-11-15,239,16,4,0,12,0,2,0,1,0,1,2,4,0,0,0,0
3283,128,2025-11-15,316,22,17,1,36,10,6,8,1,1,1,4,8,1,3,2,2
3284,128,2025-11-15,317,22,17,1,34,27,9,4,1,0,3,6,16,2,5,5,6
3285,128,2025-11-15,318,22,17,1,20,6,4,2,1,0,1,2,6,0,1,0,0
3286,128,2025-11-15,319,22,17,1,23,9,2,5,1,1,1,3,7,1,3,1,1
3287,128,2025-11-15,320,22,17,1,29,7,3,3,1,1,1,3,6,1,2,0,0
3288,128,2025-11-15,321,22,17,1,20,6,4,4,1,1,2,2,3,0,1,1,1
3289,128,2025-11-15,322,22,17,1,19,9,3,2,1,0,2,4,8,0,1,1,2
3290,128,2025-11-15,323,22,17,1,24,5,6,3,1,1,0,3,6,1,2,0,0
3291,128,2025-11-15,324,22,17,1,16,2,3,1,1,1,1,1,3,0,1,0,0
3292,128,2025-11-15,325,22,17,1,4,4,2,1,0,0,1,2,3,0,1,1,1
3293,128,2025-11-15,326,22,17,1,8,7,2,2,1,0,0,2,5,1,2,1,1
3294,128,2025-11-15,327,22,17,1,14,9,2,2,1,1,1,3,5,0,1,1,2
3295,128,2025-11-15,330,22,17,1,9,3,1,0,0,0,1,1,3,0,0,0,0
3296,128,2025-11-15,241,17,22,0,30,21,5,3,2,1,4,6,12,1,2,2,3
3297,128,2025-11-15,242,17,22,0,32,18,2,2,2,1,4,5,10,1,4,3,3
3298,128,2025-11-15,243,17,22,0,33,8,4,3,2,1,1,3,7,1,2,1,1
3299,128,2025-11-15,244,17,22,0,19,7,3,1,1,1,1,2,6,0,1,1,2
3300,128,2025-11-15,245,17,22,0,19,5,4,4,1,0,1,1,2,0,0,1,1
3301,128,2025-11-15,246,17,22,0,28,5,2,1,1,0,1,1,3,0,1,1,1
3302,128,2025-11-15,247,17,22,0,28,13,9,4,1,0,1,2,6,0,1,1,1
3303,128,2025-11-15,248,17,22,0,19,2,0,5,1,0,2,1,3,0,1,0,0
3304,128,2025-11-15,249,17,22,0,7,5,2,1,0,0,0,1,2,0,1,0,0
3305,128,2025-11-15,250,17,22,0,19,3,0,2,1,0,1,2,3,0,1,0,0
3306,128,2025-11-15,251,17,22,0,9,5,3,1,1,0,0,2,4,0,1,1,1
3307,128,2025-11-15,252,17,22,0,15,1,2,2,1,0,0,1,1,0,0,0,0
3308,128,2025-11-15,253,17,22,0,15,6,4,0,0,0,0,3,6,1,2,0,0
3309,128,2025-11-15,255,17,22,0,10,7,0,2,0,0,1,4,7,1,2,1,1
3310,129,2025-11-15,181,13,18,1,36,18,5,7,1,0,4,5,11,0,1,3,4
3311,129,2025-11-15,182,13,18,1,32,25,9,7,2,0,3,8,14,1,2,2,2
3312,129,2025-11-15,183,13,18,1,35,7,7,1,1,1,2,3,7,1,3,0,0
3313,129,2025-11-15,184,13,18,1,31,11,6,3,1,0,1,4,9,2,4,1,1
3314,129,2025-11-15,185,13,18,1,19,13,6,4,1,1,1,6,10,1,2,2,2
3315,129,2025-11-15,186,13,18,1,27,10,5,1,1,0,1,3,5,0,1,1,1
3316,129,2025-11-15,187,13,18,1,25,5,4,1,1,0,1,1,2,0,1,1,1
3317,129,2025-11-15,188,13,18,1,25,12,5,1,1,0,1,5,10,2,4,2,2
3318,129,2025-11-15,190,13,18,1,12,2,3,3,1,0,0,2,5,0,1,0,0
3319,129,2025-11-15,192,13,18,1,11,6,3,1,1,0,1,2,4,0,0,1,1
3320,129,2025-11-15,193,13,18,1,9,9,2,2,1,0,1,3,6,1,2,1,1
3321,129,2025-11-15,194,13,18,1,16,2,2,2,0,0,0,1,2,0,1,0,0
3322,129,2025-11-15,256,18,13,0,35,24,11,5,1,1,4,8,15,1,3,4,4
3323,129,2025-11-15,257,18,13,0,37,20,6,7,1,1,2,7,14,2,5,1,2
3324,129,2025-11-15,258,18,13,0,17,12,3,2,0,0,1,3,8,0,1,1,2
3325,129,2025-11-15,259,18,13,0,25,16,7,3,1,1,1,5,10,1,3,1,1
3326,129,2025-11-15,260,18,13,0,27,7,5,4,1,0,1,3,7,0,1,0,0
3327,129,2025-11-15,261,18,13,0,19,13,0,3,1,0,1,3,7,1,3,3,3
3328,129,2025-11-15,262,18,13,0,23,11,0,3,1,1,2,3,5,0,1,1,1
3329,129,2025-11-15,263,18,13,0,23,10,5,0,1,0,1,4,9,0,1,1,1
3330,129,2025-11-15,265,18,13,0,15,3,2,1,0,0,2,1,2,0,0,0,0
3331,129,2025-11-15,266,18,13,0,14,4,1,1,0,0,1,3,6,1,2,0,0
3332,129,2025-11-15,269,18,13,0,8,5,2,2,1,0,1,2,4,0,1,1,1
3333,129,2025-11-15,270,18,13,0,10,4,1,1,1,0,1,1,2,0,1,1,1
3334,130,2025-11-15,196,14,8,1,27,10,8,9,2,0,2,5,9,2,4,1,1
3335,130,2025-11-15,197,14,8,1,38,11,2,4,1,1,3,3,6,1,2,1,1
3336,130,2025-11-15,198,14,8,1,27,8,4,1,1,0,1,2,5,1,2,1,1
3337,130,2025-11-15,199,14,8,1,19,10,3,2,2,1,0,2,5,1,2,1,2
3338,130,2025-11-15,200,14,8,1,34,11,7,5,1,0,1,3,5,1,2,1,1
3339,130,2025-11-15,201,14,8,1,32,11,6,3,1,1,2,2,5,0,1,1,2
3340,130,2025-11-15,202,14,8,1,28,10,6,4,1,0,2,4,9,1,4,1,2
3341,130,2025-11-15,203,14,8,1,21,7,5,0,0,0,1,3,6,0,1,1,2
3342,130,2025-11-15,207,14,8,1,16,5,1,1,1,0,1,2,5,1,2,0,0
3343,130,2025-11-15,208,14,8,1,13,5,1,2,0,0,1,1,2,0,1,0,0
3344,130,2025-11-15,209,14,8,1,14,3,0,2,0,0,0,2,4,1,2,0,0
3345,130,2025-11-15,210,14,8,1,17,5,2,1,1,0,1,2,3,0,1,1,1
3346,130,2025-11-15,106,8,14,0,35,8,8,2,1,0,2,4,7,1,2,1,1
3347,130,2025-11-15,107,8,14,0,31,17,8,3,1,1,2,4,8,1,3,3,4
3348,130,2025-11-15,108,8,14,0,20,11,2,4,1,0,1,2,5,0,1,1,1
3349,130,2025-11-15,109,8,14,0,23,9,7,0,1,0,1,2,6,1,3,0,0
3350,130,2025-11-15,110,8,14,0,38,10,3,3,1,0,1,3,5,0,1,1,1
3351,130,2025-11-15,111,8,14,0,25,11,6,2,1,1,2,3,5,1,2,2,2
3352,130,2025-11-15,112,8,14,0,21,7,3,6,1,0,1,3,5,0,1,1,1
3353,130,2025-11-15,113,8,14,0,31,9,4,2,1,1,1,3,5,1,2,1,2
3354,130,2025-11-15,115,8,14,0,5,2,1,1,0,0,0,2,4,0,1,0,0
3355,130,2025-11-15,116,8,14,0,5,5,1,0,0,0,1,1,3,0,1,1,1
3356,130,2025-11-15,117,8,14,0,14,2,1,1,0,0,0,2,4,0,1,0,0
3357,130,2025-11-15,118,8,14,0,13,6,4,0,1,0,1,3,6,0,1,0,0
3358,130,2025-11-15,119,8,14,0,17,4,1,1,1,0,0,3,6,1,2,1,1
3359,131,2025-11-15,271,19,10,1,34,14,0,5,1,1,4,5,10,1,3,2,3
3360,131,2025-11-15,272,19,10,1,36,9,10,1,2,1,2,4,8,1,3,1,2
3361,131,2025-11-15,273,19,10,1,23,9,3,4,0,0,1,4,8,1,2,1,1
3362,131,2025-11-15,274,19,10,1,18,6,1,0,1,0,3,3,6,1,2,1,1
3363,131,2025-11-15,275,19,10,1,23,5,2,0,1,0,1,2,3,0,1,1,1
3364,131,2025-11-15,276,19,10,1,19,9,0,1,1,0,2,3,5,1,2,1,1
3365,131,2025-11-15,277,19,10,1,34,5,1,0,1,0,2,1,2,0,1,1,1
3366,131,2025-11-15,278,19,10,1,32,11,3,5,0,0,1,2,5,1,2,3,3
3367,131,2025-11-15,279,19,10,1,12,2,3,1,1,0,1,1,2,0,1,0,0
3368,131,2025-11-15,280,19,10,1,13,0,2,1,1,0,1,1,3,0,0,0,0
3369,131,2025-11-15,281,19,10,1,7,2,0,2,1,0,2,1,1,0,0,0,0
3370,131,2025-11-15,282,19,10,1,10,3,2,1,1,1,0,1,2,0,1,0,0
3371,131,2025-11-15,284,19,10,1,16,3,0,1,1,0,1,1,1,0,0,0,0
3372,131,2025-11-15,285,19,10,1,5,3,2,1,0,0,1,0,1,0,0,1,1
3373,131,2025-11-15,136,10,19,0,32,13,0,4,1,1,3,4,8,0,1,1,1
3374,131,2025-11-15,137,10,19,0,30,26,4,1,2,0,3,6,16,2,6,1,2
3375,131,2025-11-15,138,10,19,0,19,13,4,4,1,0,0,4,9,1,2,1,1
3376,131,2025-11-15,139,10,19,0,24,7,6,3,1,0,0,2,3,0,1,1,1
3377,131,2025-11-15,140,10,19,0,16,7,3,2,1,1,2,3,7,1,3,1,1
3378,131,2025-11-15,141,10,19,0,28,7,6,4,1,0,1,2,4,0,1,1,1
3379,131,2025-11-15,142,10,19,0,14,14,6,2,1,0,0,3,7,0,1,1,2
3380,131,2025-11-15,143,10,19,0,21,9,3,2,0,0,3,3,7,0,1,1,1
3381,131,2025-11-15,144,10,19,0,19,3,2,1,1,0,0,0,1,0,0,0,0
3382,131,2025-11-15,145,10,19,0,10,1,1,0,0,0,1,2,3,0,1,0,0
3383,131,2025-11-15,148,10,19,0,23,4,0,0,1,0,1,3,5,1,2,1,1
3384,131,2025-11-15,149,10,19,0,13,4,0,1,1,0,1,2,5,0,1,1,1
3385,131,2025-11-15,150,10,19,0,14,4,3,1,1,0,0,3,6,1,2,1,1
3386,132,2025-11-15,436,30,5,1,30,20,8,5,1,0,5,5,10,1,4,3,5
3387,132,2025-11-15,437,30,5,1,35,23,4,4,1,0,2,7,12,1,4,1,1
3388,132,2025-11-15,438,30,5,1,19,9,3,1,1,1,2,4,7,0,1,1,1
3389,132,2025-11-15,439,30,5,1,25,5,5,1,1,0,0,2,4,0,1,1,1
3390,132,2025-11-15,440,30,5,1,31,12,4,1,1,0,1,3,7,1,2,2,2
3391,132,2025-11-15,441,30,5,1,23,11,3,1,0,1,0,4,8,0,1,1,1
3392,132,2025-11-15,442,30,5,1,22,7,3,0,1,0,1,2,5,0,1,0,0
3393,132,2025-11-15,443,30,5,1,29,8,5,2,1,1,1,4,8,0,1,1,2
3394,132,2025-11-15,444,30,5,1,6,4,4,2,1,0,1,1,2,0,1,0,0
3395,132,2025-11-15,446,30,5,1,8,2,0,0,1,0,0,2,4,1,2,0,0
3396,132,2025-11-15,447,30,5,1,20,4,1,0,1,0,0,2,5,0,1,0,0
3397,132,2025-11-15,448,30,5,1,11,5,2,0,1,0,0,2,4,0,1,0,0
3398,132,2025-11-15,449,30,5,1,13,7,3,3,1,0,1,3,6,1,2,0,0
3399,132,2025-11-15,450,30,5,1,4,4,1,2,1,0,0,3,5,1,2,0,0
3400,132,2025-11-15,61,5,30,0,32,25,3,3,1,0,2,6,14,1,4,3,4
3401,132,2025-11-15,62,5,30,0,33,21,1,4,2,1,1,4,10,0,1,3,4
3402,132,2025-11-15,63,5,30,0,33,11,3,1,1,0,2,4,9,2,4,1,1
3403,132,2025-11-15,64,5,30,0,24,6,3,4,1,0,2,4,7,0,1,1,1
3404,132,2025-11-15,65,5,30,0,17,8,4,2,1,0,1,2,5,0,1,1,1
3405,132,2025-11-15,66,5,30,0,22,5,9,5,1,0,1,2,4,0,1,1,1
3406,132,2025-11-15,67,5,30,0,26,11,4,1,1,1,1,2,6,1,2,2,3
3407,132,2025-11-15,68,5,30,0,19,8,2,2,1,0,2,4,7,1,3,0,0
3408,132,2025-11-15,69,5,30,0,10,1,2,1,0,0,1,1,2,0,0,0,0
3409,132,2025-11-15,70,5,30,0,16,4,0,1,1,0,2,1,2,0,0,1,1
3410,132,2025-11-15,72,5,30,0,9,5,0,1,1,0,1,2,5,1,2,0,0
3411,132,2025-11-15,73,5,30,0,12,4,1,1,0,0,2,3,6,1,3,1,1
3412,132,2025-11-15,74,5,30,0,8,2,3,1,0,0,1,2,3,0,1,0,0
3413,133,2025-11-16,346,24,1,1,39,12,0,3,1,0,3,4,8,1,3,2,2
3414,133,2025-11-16,347,24,1,1,33,21,6,1,1,0,3,5,12,1,3,3,4
3415,133,2025-11-16,348,24,1,1,29,7,4,4,1,1,2,1,3,0,1,1,1
3416,133,2025-11-16,349,24,1,1,32,7,3,3,1,0,1,2,5,0,1,1,2
3417,133,2025-11-16,350,24,1,1,26,5,5,3,1,1,1,3,6,0,1,1,1
3418,133,2025-11-16,351,24,1,1,21,7,3,3,0,0,1,3,7,1,3,1,1
3419,133,2025-11-16,352,24,1,1,21,8,4,1,1,0,2,2,5,1,2,1,1
3420,133,2025-11-16,353,24,1,1,22,13,5,2,0,1,1,5,9,1,2,1,1
3421,133,2025-11-16,354,24,1,1,17,6,0,1,0,0,1,2,5,1,2,1,1
3422,133,2025-11-16,355,24,1,1,4,6,3,1,1,0,0,2,5,0,1,1,1
3423,133,2025-11-16,356,24,1,1,18,4,1,1,1,0,1,2,4,0,0,1,1
3424,133,2025-11-16,357,24,1,1,18,2,1,0,1,0,1,1,3,0,1,0,0
3425,133,2025-11-16,358,24,1,1,10,6,3,1,1,0,1,2,4,1,2,1,1
3426,133,2025-11-16,359,24,1,1,17,7,3,1,0,0,0,3,6,0,1,1,2
3427,133,2025-11-16,360,24,1,1,16,10,2,2,1,0,1,5,8,1,3,1,2
3428,133,2025-11-16,1,1,24,0,33,17,10,5,1,0,4,4,9,1,2,1,1
3429,133,2025-11-16,2,1,24,0,31,22,7,5,0,0,3,5,11,1,3,3,4
3430,133,2025-11-16,3,1,24,0,15,11,2,1,0,0,1,3,6,0,1,1,1
3431,133,2025-11-16,4,1,24,0,17,15,5,1,0,0,1,5,11,1,3,2,2
3432,133,2025-11-16,5,1,24,0,16,11,2,3,1,1,2,4,8,1,2,2,2
3433,133,2025-11-16,6,1,24,0,21,8,1,2,1,0,2,5,8,1,2,1,1
3434,133,2025-11-16,7,1,24,0,24,12,4,2,1,0,2,3,7,1,3,1,1
3435,133,2025-11-16,8,1,24,0,24,6,2,2,0,0,1,2,4,0,1,1,1
3436,133,2025-11-16,9,1,24,0,18,4,2,1,1,0,0,3,6,0,1,1,1
3437,133,2025-11-16,11,1,24,0,14,5,0,1,0,0,1,1,2,0,0,1,1
3438,133,2025-11-16,12,1,24,0,15,5,2,1,1,0,1,2,5,1,2,1,1
3439,133,2025-11-16,13,1,24,0,20,4,2,0,0,0,1,2,5,1,2,1,1
3440,133,2025-11-16,14,1,24,0,19,4,1,1,1,0,1,3,6,1,2,1,1
3441,133,2025-11-16,15,1,24,0,16,4,3,2,1,0,1,2,6,1,3,1,1
3442,134,2025-11-16,421,29,11,1,32,23,7,9,2,0,4,7,15,1,4,1,2
3443,134,2025-11-16,422,29,11,1,31,24,6,3,0,0,1,6,12,2,5,4,5
3444,134,2025-11-16,423,29,11,1,21,6,3,1,1,0,1,3,6,1,3,1,1
3445,134,2025-11-16,424,29,11,1,16,13,7,4,1,0,3,3,6,0,1,1,1
3446,134,2025-11-16,425,29,11,1,22,9,10,1,1,1,1,3,5,1,2,0,0
3447,134,2025-11-16,426,29,11,1,22,8,6,3,1,1,1,2,5,0,1,1,1
3448,134,2025-11-16,427,29,11,1,25,9,4,3,1,0,2,3,5,1,2,1,2
3449,134,2025-11-16,428,29,11,1,21,12,2,2,1,0,2,3,7,1,2,1,1
3450,134,2025-11-16,430,29,11,1,10,6,2,3,0,0,0,2,3,0,0,1,1
3451,134,2025-11-16,431,29,11,1,7,4,3,2,0,0,0,1,2,0,1,1,1
3452,134,2025-11-16,432,29,11,1,6,3,2,1,0,0,0,1,3,0,1,1,1
3453,134,2025-11-16,435,29,11,1,4,7,1,1,0,1,0,3,7,1,3,1,1
3454,134,2025-11-16,151,11,29,0,39,17,8,1,1,0,2,3,9,1,2,1,1
3455,134,2025-11-16,152,11,29,0,23,26,2,1,2,0,3,8,15,1,3,1,2
3456,134,2025-11-16,153,11,29,0,26,8,1,1,0,1,1,2,4,0,1,2,2
3457,134,2025-11-16,154,11,29,0,18,16,8,5,1,1,1,7,12,1,3,3,4
3458,134,2025-11-16,155,11,29,0,23,7,7,2,0,0,3,2,3,0,1,1,1
3459,134,2025-11-16,156,11,29,0,23,11,7,1,1,0,1,4,9,1,2,1,1
3460,134,2025-11-16,157,11,29,0,27,15,4,2,1,1,0,5,11,1,3,2,3
3461,134,2025-11-16,158,11,29,0,22,11,9,2,1,1,1,2,5,0,1,2,2
3462,134,2025-11-16,160,11,29,0,10,5,0,0,0,0,1,1,3,0,1,1,1
3463,134,2025-11-16,161,11,29,0,13,1,1,1,0,0,0,0,1,0,0,0,0
3464,134,2025-11-16,162,11,29,0,6,6,4,3,0,0,1,2,6,1,2,1,1
3465,134,2025-11-16,163,11,29,0,4,8,1,2,0,0,1,2,4,0,1,2,2
3466,134,2025-11-16,164,11,29,0,6,6,2,1,1,0,0,3,7,1,2,1,1
3467,134,2025-11-16,165,11,29,0,9,4,4,2,1,0,1,1,3,0,1,1,1
3468,135,2025-11-16,286,20,27,1,35,10,5,0,1,1,3,3,6,1,2,1,1
3469,135,2025-11-16,287,20,27,1,30,26,3,1,1,1,4,6,14,2,5,4,4
3470,135,2025-11-16,288,20,27,1,25,14,8,2,1,0,2,5,11,2,5,1,1
3471,135,2025-11-16,289,20,27,1,16,8,4,2,1,0,1,3,8,1,2,1,2
3472,135,2025-11-16,290,20,27,1,31,9,3,2,0,0,2,2,6,1,2,1,1
3473,135,2025-11-16,291,20,27,1,19,7,5,3,1,0,1,3,7,1,2,1,1
3474,135,2025-11-16,292,20,27,1,24,9,7,2,0,1,1,2,5,0,1,1,1
3475,135,2025-11-16,293,20,27,1,22,0,0,0,1,0,1,2,4,0,1,0,0
3476,135,2025-11-16,294,20,27,1,13,5,1,1,1,0,1,2,5,0,1,1,1
3477,135,2025-11-16,295,20,27,1,17,1,0,3,1,0,1,2,4,0,1,0,0
3478,135,2025-11-16,296,20,27,1,10,3,1,2,0,0,0,0,1,0,0,0,0
3479,135,2025-11-16,298,20,27,1,6,6,3,0,0,0,0,3,6,0,1,1,1
3480,135,2025-11-16,300,20,27,1,13,6,3,0,1,0,1,2,5,1,2,1,1
3481,135,2025-11-16,391,27,20,0,35,27,6,5,2,0,3,5,13,1,4,1,2
3482,135,2025-11-16,392,27,20,0,32,21,4,4,1,1,3,5,10,0,1,1,1
3483,135,2025-11-16,393,27,20,0,24,8,3,4,1,1,0,2,4,1,2,0,0
3484,135,2025-11-16,394,27,20,0,38,13,3,3,0,0,2,5,9,1,3,1,2
3485,135,2025-11-16,395,27,20,0,31,5,4,2,0,0,2,2,4,0,0,0,0
3486,135,2025-11-16,396,27,20,0,32,6,4,2,1,0,1,2,3,0,1,1,1
3487,135,2025-11-16,397,27,20,0,20,8,6,2,1,1,1,2,4,0,1,1,1
3488,135,2025-11-16,398,27,20,0,30,15,3,1,0,1,1,5,10,1,4,1,1
3489,135,2025-11-16,399,27,20,0,7,0,1,1,1,0,0,2,4,0,1,0,0
3490,135,2025-11-16,402,27,20,0,17,5,2,2,0,0,0,1,3,0,1,1,1
3491,135,2025-11-16,403,27,20,0,10,5,2,0,1,0,1,2,6,0,1,1,1
3492,135,2025-11-16,405,27,20,0,10,3,5,2,0,0,1,1,1,0,0,0,0
3493,136,2025-11-16,406,28,12,1,35,22,3,3,1,0,2,8,14,2,6,2,3
3494,136,2025-11-16,407,28,12,1,35,27,10,11,1,1,3,6,16,2,7,5,6
3495,136,2025-11-16,408,28,12,1,19,9,7,0,1,0,2,2,5,0,1,1,1
3496,136,2025-11-16,409,28,12,1,24,5,6,4,2,1,2,2,5,0,1,0,0
3497,136,2025-11-16,410,28,12,1,19,11,4,4,1,0,2,3,8,0,1,3,3
3498,136,2025-11-16,411,28,12,1,21,10,3,3,1,1,2,5,9,0,1,2,2
3499,136,2025-11-16,412,28,12,1,34,14,6,6,1,0,1,4,7,1,3,1,1
3500,136,2025-11-16,413,28,12,1,21,5,4,3,0,0,1,1,2,0,0,1,1
3501,136,2025-11-16,414,28,12,1,8,3,3,2,0,0,1,0,1,0,0,1,1
3502,136,2025-11-16,415,28,12,1,7,2,2,1,0,0,1,2,4,0,1,0,0
3503,136,2025-11-16,416,28,12,1,17,6,1,1,0,0,1,2,5,0,1,1,1
3504,136,2025-11-16,417,28,12,1,10,3,4,1,0,0,1,2,4,0,1,0,0
3505,136,2025-11-16,418,28,12,1,10,5,3,2,1,1,0,3,6,0,1,0,0
3506,136,2025-11-16,166,12,28,0,35,21,7,4,1,0,3,5,11,2,5,4,5
3507,136,2025-11-16,167,12,28,0,27,25,4,5,2,0,4,7,12,2,5,4,5
3508,136,2025-11-16,168,12,28,0,22,7,3,1,1,0,1,4,7,0,1,1,1
3509,136,2025-11-16,169,12,28,0,31,4,6,3,1,1,2,2,3,0,1,0,0
3510,136,2025-11-16,170,12,28,0,17,8,5,3,1,1,1,2,4,0,1,1,1
3511,136,2025-11-16,171,12,28,0,30,7,5,2,1,0,1,2,3,0,1,1,1
3512,136,2025-11-16,172,12,28,0,26,14,7,2,0,1,1,4,8,1,2,1,2
3513,136,2025-11-16,173,12,28,0,18,11,7,3,1,0,0,3,7,1,2,1,2
3514,136,2025-11-16,174,12,28,0,17,4,4,2,0,0,0,2,5,1,2,1,1
3515,136,2025-11-16,175,12,28,0,4,2,2,0,1,0,1,2,5,0,1,0,0
3516,136,2025-11-16,176,12,28,0,4,4,1,2,0,0,1,2,3,0,1,0,0
3517,136,2025-11-16,177,12,28,0,14,5,0,1,1,0,0,2,5,0,1,1,1
3518,136,2025-11-16,178,12,28,0,10,4,2,1,0,0,1,2,4,0,1,1,1
3519,136,2025-11-16,180,12,28,0,11,4,2,2,1,0,0,1,2,0,1,1,1
3520,137,2025-11-16,151,11,14,1,27,22,6,9,1,2,3,6,12,1,2,3,4
3521,137,2025-11-16,152,11,14,1,29,28,8,6,1,1,0,7,15,1,5,2,3
3522,137,2025-11-16,153,11,14,1,28,11,2,2,0,1,1,3,5,1,2,2,2
3523,137,2025-11-16,154,11,14,1,22,11,3,0,1,0,1,3,6,0,1,1,1
3524,137,2025-11-16,155,11,14,1,19,12,4,3,1,0,2,4,8,1,4,1,1
3525,137,2025-11-16,156,11,14,1,21,10,2,2,1,0,1,4,7,1,2,1,1
3526,137,2025-11-16,157,11,14,1,35,11,2,3,1,1,1,3,7,0,1,3,3
3527,137,2025-11-16,158,11,14,1,28,10,3,7,1,0,1,2,5,0,1,1,1
3528,137,2025-11-16,159,11,14,1,11,3,4,0,1,0,1,2,5,1,2,1,1
3529,137,2025-11-16,160,11,14,1,22,5,2,1,0,0,1,3,5,1,2,1,1
3530,137,2025-11-16,162,11,14,1,11,0,3,1,0,0,0,0,1,0,0,0,0
3531,137,2025-11-16,163,11,14,1,16,3,3,0,0,0,1,1,2,0,0,1,1
3532,137,2025-11-16,165,11,14,1,11,5,0,1,0,0,1,3,6,0,1,1,1
3533,137,2025-11-16,196,14,11,0,34,10,5,6,2,1,4,3,6,1,2,2,2
3534,137,2025-11-16,197,14,11,0,31,27,13,7,2,1,3,9,17,1,2,3,4
3535,137,2025-11-16,198,14,11,0,21,7,2,2,1,0,1,2,4,1,2,1,1
3536,137,2025-11-16,199,14,11,0,30,12,8,3,1,1,1,3,6,0,1,2,2
3537,137,2025-11-16,200,14,11,0,28,14,6,2,1,1,1,4,10,0,1,1,1
3538,137,2025-11-16,201,14,11,0,19,11,7,5,1,0,1,3,6,1,2,1,1
3539,137,2025-11-16,202,14,11,0,35,10,4,2,1,0,1,4,8,1,2,1,2
3540,137,2025-11-16,203,14,11,0,29,8,5,4,0,1,2,3,5,0,1,0,0
3541,137,2025-11-16,205,14,11,0,9,6,3,1,1,0,0,3,6,1,2,0,0
3542,137,2025-11-16,206,14,11,0,10,5,2,2,0,0,1,1,2,0,1,0,0
3543,137,2025-11-16,208,14,11,0,7,4,3,2,0,0,0,1,2,0,1,0,0
3544,138,2025-11-16,436,30,16,1,33,20,4,0,1,0,4,4,10,1,3,1,1
3545,138,2025-11-16,437,30,16,1,38,14,0,7,1,1,2,3,7,1,2,2,2
3546,138,2025-11-16,438,30,16,1,26,17,6,3,0,1,1,4,8,0,1,1,1
3547,138,2025-11-16,439,30,16,1,17,13,4,1,1,0,1,3,7,0,1,1,2
3548,138,2025-11-16,440,30,16,1,14,11,1,0,0,1,2,5,9,1,2,1,2
3549,138,2025-11-16,441,30,16,1,27,13,5,1,1,0,2,3,7,1,2,2,2
3550,138,2025-11-16,442,30,16,1,24,14,3,1,0,1,2,4,8,1,2,1,1
3551,138,2025-11-16,443,30,16,1,19,7,5,3,0,0,1,3,6,1,2,0,0
3552,138,2025-11-16,444,30,16,1,16,3,4,1,1,0,1,1,2,0,0,0,0
3553,138,2025-11-16,445,30,16,1,7,6,3,1,0,0,1,2,5,0,1,1,1
3554,138,2025-11-16,446,30,16,1,14,5,2,1,1,0,1,1,3,0,1,0,0
3555,138,2025-11-16,447,30,16,1,19,4,2,0,1,0,1,2,5,1,2,1,1
3556,138,2025-11-16,448,30,16,1,6,6,2,0,1,0,0,3,6,0,1,0,0
3557,138,2025-11-16,449,30,16,1,5,2,4,0,1,0,1,1,2,0,1,0,0
3558,138,2025-11-16,226,16,30,0,35,11,5,7,2,1,4,4,9,1,2,1,1
3559,138,2025-11-16,227,16,30,0,32,28,8,10,1,0,3,7,17,2,5,5,6
3560,138,2025-11-16,228,16,30,0,29,10,2,5,1,1,2,3,7,1,2,1,1
3561,138,2025-11-16,229,16,30,0,24,12,2,4,0,1,2,6,10,1,2,1,2
3562,138,2025-11-16,230,16,30,0,26,12,1,0,1,0,3,3,6,1,3,1,1
3563,138,2025-11-16,231,16,30,0,28,2,0,1,1,0,3,1,1,0,0,0,0
3564,138,2025-11-16,232,16,30,0,27,8,4,4,1,0,1,2,5,1,2,1,2
3565,138,2025-11-16,233,16,30,0,29,9,5,2,1,0,1,4,8,1,2,1,1
3566,138,2025-11-16,234,16,30,0,4,3,1,0,1,0,1,2,4,0,1,0,0
3567,138,2025-11-16,235,16,30,0,9,4,2,1,0,0,0,3,6,1,2,0,0
3568,138,2025-11-16,236,16,30,0,14,5,3,1,0,0,1,3,6,0,1,0,0
3569,138,2025-11-16,237,16,30,0,13,3,2,2,1,0,0,2,3,0,1,1,1
3570,138,2025-11-16,240,16,30,0,14,2,1,1,0,0,1,3,5,0,1,0,0
3571,139,2025-11-17,421,29,5,1,33,13,7,5,1,1,3,5,10,0,1,1,1
3572,139,2025-11-17,422,29,5,1,28,15,2,0,2,1,1,6,10,1,3,2,3
3573,139,2025-11-17,423,29,5,1,23,8,4,1,1,0,2,4,8,0,1,2,2
3574,139,2025-11-17,424,29,5,1,18,3,7,0,0,0,0,0,1,0,0,1,1
3575,139,2025-11-17,425,29,5,1,23,6,3,1,1,0,2,2,4,0,1,1,1
3576,139,2025-11-17,426,29,5,1,21,10,6,3,1,0,1,3,6,0,1,2,2
3577,139,2025-11-17,427,29,5,1,21,4,8,2,1,0,0,3,6,0,1,1,1
3578,139,2025-11-17,428,29,5,1,29,2,1,0,1,1,2,1,3,0,1,0,0
3579,139,2025-11-17,429,29,5,1,9,0,1,1,1,1,2,1,1,0,0,0,0
3580,139,2025-11-17,430,29,5,1,10,1,1,0,0,0,0,1,2,0,0,0,0
3581,139,2025-11-17,431,29,5,1,11,5,3,0,0,0,1,3,5,0,1,0,0
3582,139,2025-11-17,432,29,5,1,11,4,2,1,1,0,1,1,2,0,1,1,1
3583,139,2025-11-17,434,29,5,1,13,2,1,0,1,0,2,1,3,0,0,0,0
3584,139,2025-11-17,435,29,5,1,12,5,2,1,0,0,0,2,4,0,1,1,1
3585,139,2025-11-17,61,5,29,0,27,28,1,8,2,1,2,7,13,1,2,1,2
3586,139,2025-11-17,62,5,29,0,27,31,9,5,1,1,2,8,19,2,5,2,3
3587,139,2025-11-17,63,5,29,0,34,12,5,3,0,0,0,3,6,1,2,2,2
3588,139,2025-11-17,64,5,29,0,24,11,6,1,1,1,1,4,8,0,1,1,1
3589,139,2025-11-17,65,5,29,0,23,14,4,4,1,1,1,5,9,1,2,1,1
3590,139,2025-11-17,66,5,29,0,24,11,1,3,0,0,2,3,7,1,3,1,1
3591,139,2025-11-17,67,5,29,0,24,8,1,3,1,1,3,3,8,0,1,1,1
3592,139,2025-11-17,68,5,29,0,26,16,5,3,1,0,2,5,10,1,3,2,3
3593,139,2025-11-17,69,5,29,0,10,2,3,1,0,0,0,2,5,0,1,0,0
3594,139,2025-11-17,70,5,29,0,16,5,0,2,1,0,1,3,6,0,1,1,1
3595,139,2025-11-17,71,5,29,0,15,6,3,0,0,0,2,2,5,1,2,1,1
3596,139,2025-11-17,72,5,29,0,14,5,0,1,0,0,0,1,3,0,1,1,1
3597,139,2025-11-17,73,5,29,0,11,3,0,0,0,0,1,2,5,1,2,0,0
3598,139,2025-11-17,74,5,29,0,10,1,1,2,1,0,2,0,1,0,0,0,0
3599,139,2025-11-17,75,5,29,0,24,5,3,2,1,0,0,3,6,0,1,1,1
3600,140,2025-11-17,376,26,17,1,32,24,11,4,1,1,4,6,13,2,6,4,5
3601,140,2025-11-17,377,26,17,1,30,19,3,11,1,1,2,6,13,1,4,3,4
3602,140,2025-11-17,378,26,17,1,41,8,1,2,1,1,2,3,5,0,1,1,1
3603,140,2025-11-17,379,26,17,1,24,11,4,2,1,0,0,4,8,1,2,2,2
3604,140,2025-11-17,380,26,17,1,18,9,6,4,1,0,1,2,4,1,2,1,1
3605,140,2025-11-17,381,26,17,1,23,16,3,3,1,1,3,5,9,1,2,3,3
3606,140,2025-11-17,382,26,17,1,28,11,4,2,0,0,1,3,7,1,2,1,1
3607,140,2025-11-17,383,26,17,1,28,10,3,4,1,0,1,3,8,2,4,1,1
3608,140,2025-11-17,384,26,17,1,9,5,2,2,0,0,1,2,4,0,1,1,1
3609,140,2025-11-17,385,26,17,1,10,7,0,2,1,0,0,4,7,0,1,1,1
3610,140,2025-11-17,387,26,17,1,6,7,3,2,1,1,1,2,4,0,1,1,1
3611,140,2025-11-17,388,26,17,1,22,2,0,3,0,0,0,3,5,1,2,0,0
3612,140,2025-11-17,390,26,17,1,13,3,4,0,1,0,0,2,3,0,1,0,0
3613,140,2025-11-17,241,17,26,0,31,24,9,3,1,1,2,7,12,1,4,2,2
3614,140,2025-11-17,242,17,26,0,32,24,3,4,2,1,2,6,11,1,2,4,6
3615,140,2025-11-17,243,17,26,0,25,9,3,0,0,0,1,3,5,0,1,1,1
3616,140,2025-11-17,244,17,26,0,25,12,4,3,1,0,1,4,8,0,1,1,2
3617,140,2025-11-17,245,17,26,0,29,3,2,4,1,1,3,1,3,0,0,1,1
3618,140,2025-11-17,246,17,26,0,22,8,6,2,1,0,3,4,8,1,3,2,2
3619,140,2025-11-17,247,17,26,0,28,13,1,4,1,1,2,5,10,1,4,1,1
3620,140,2025-11-17,248,17,26,0,22,12,6,4,0,0,0,3,8,1,2,1,2
3621,140,2025-11-17,249,17,26,0,13,5,3,2,0,0,0,3,6,0,1,0,0
3622,140,2025-11-17,250,17,26,0,12,8,0,1,1,0,0,2,4,0,1,1,1
3623,140,2025-11-17,252,17,26,0,4,4,2,0,0,0,0,3,6,1,2,1,1
3624,140,2025-11-17,254,17,26,0,8,8,2,0,0,0,2,2,6,0,1,1,1
3625,140,2025-11-17,255,17,26,0,13,4,2,0,1,0,1,2,4,0,1,1,1
3626,141,2025-11-17,46,4,27,1,25,15,6,4,2,0,3,4,9,1,2,3,3
3627,141,2025-11-17,47,4,27,1,31,16,3,9,1,0,2,4,9,0,1,1,1
3628,141,2025-11-17,48,4,27,1,22,6,5,1,0,0,2,1,3,0,1,1,1
3629,141,2025-11-17,49,4,27,1,30,7,4,1,1,0,1,1,3,0,1,1,1
3630,141,2025-11-17,50,4,27,1,21,1,4,1,0,0,1,1,1,0,0,0,0
3631,141,2025-11-17,51,4,27,1,13,11,5,4,1,1,1,4,8,1,3,1,2
3632,141,2025-11-17,52,4,27,1,13,10,1,2,0,0,1,4,7,1,2,1,1
3633,141,2025-11-17,53,4,27,1,27,6,5,0,1,0,2,2,4,0,1,1,1
3634,141,2025-11-17,54,4,27,1,8,4,0,1,1,0,1,2,6,1,2,0,0
3635,141,2025-11-17,55,4,27,1,19,6,1,1,0,0,1,3,6,0,1,1,1
3636,141,2025-11-17,56,4,27,1,14,7,1,2,1,0,0,2,6,1,2,1,1
3637,141,2025-11-17,57,4,27,1,4,9,2,0,0,0,0,3,6,0,1,1,1
3638,141,2025-11-17,59,4,27,1,9,0,2,1,0,0,1,2,3,0,1,0,0
3639,141,2025-11-17,60,4,27,1,16,5,3,0,1,0,0,3,6,1,2,1,1
3640,141,2025-11-17,391,27,4,0,35,22,5,1,2,0,3,6,11,0,1,3,5
3641,141,2025-11-17,392,27,4,0,34,16,0,8,2,1,3,5,9,1,4,1,1
3642,141,2025-11-17,393,27,4,0,22,6,3,2,1,1,1,2,4,0,1,1,1
3643,141,2025-11-17,394,27,4,0,19,10,4,3,1,1,2,2,5,0,1,2,2
3644,141,2025-11-17,395,27,4,0,26,7,8,3,1,1,2,2,3,0,1,1,1
3645,141,2025-11-17,396,27,4,0,22,10,2,0,1,0,1,3,6,0,1,1,1
3646,141,2025-11-17,397,27,4,0,20,10,8,0,1,0,1,3,5,0,1,1,1
3647,141,2025-11-17,398,27,4,0,22,10,4,2,1,1,3,3,6,1,3,2,2
3648,141,2025-11-17,399,27,4,0,13,8,4,0,1,0,1,2,4,0,1,1,1
3649,141,2025-11-17,401,27,4,0,10,8,5,2,0,0,1,3,6,0,1,1,1
3650,141,2025-11-17,404,27,4,0,7,2,1,0,1,0,0,1,2,0,0,0,0
3651,141,2025-11-17,405,27,4,0,7,3,2,1,0,0,1,0,1,0,0,1,1
3652,142,2025-11-17,256,18,6,1,28,27,3,2,1,1,4,6,16,2,5,4,5
3653,142,2025-11-17,257,18,6,1,30,13,6,3,1,0,3,3,6,1,2,1,2
3654,142,2025-11-17,258,18,6,1,29,8,4,5,1,0,1,3,8,1,2,1,2
3655,142,2025-11-17,259,18,6,1,28,15,5,3,1,1,2,4,11,1,3,2,2
3656,142,2025-11-17,260,18,6,1,24,13,4,3,0,1,1,3,6,1,2,1,2
3657,142,2025-11-17,261,18,6,1,26,10,5,1,1,1,1,4,9,1,3,2,2
3658,142,2025-11-17,262,18,6,1,9,11,5,4,1,0,3,3,8,1,2,2,2
3659,142,2025-11-17,263,18,6,1,21,10,7,3,1,0,2,4,8,1,3,2,2
3660,142,2025-11-17,264,18,6,1,12,4,1,1,0,0,0,1,3,0,1,1,1
3661,142,2025-11-17,268,18,6,1,6,2,3,2,0,0,1,2,4,1,2,0,0
3662,142,2025-11-17,270,18,6,1,17,0,3,1,0,0,1,1,1,0,0,0,0
3663,142,2025-11-17,76,6,18,0,33,13,4,4,1,1,1,3,6,0,1,1,2
3664,142,2025-11-17,77,6,18,0,38,19,2,1,1,0,4,5,10,0,1,2,3
3665,142,2025-11-17,78,6,18,0,26,10,0,3,1,0,3,3,6,1,2,1,2
3666,142,2025-11-17,79,6,18,0,22,10,3,1,0,1,2,3,5,1,2,1,1
3667,142,2025-11-17,80,6,18,0,20,11,4,1,0,0,2,4,7,0,1,1,1
3668,142,2025-11-17,81,6,18,0,15,11,4,4,0,1,1,4,7,1,2,1,1
3669,142,2025-11-17,82,6,18,0,18,9,6,5,1,1,0,3,6,1,2,1,2
3670,142,2025-11-17,83,6,18,0,27,6,2,0,1,0,1,2,4,1,2,0,0
3671,142,2025-11-17,85,6,18,0,11,6,3,2,0,0,1,2,3,0,1,1,1
3672,142,2025-11-17,86,6,18,0,14,2,3,1,0,0,1,2,4,0,1,0,0
3673,142,2025-11-17,87,6,18,0,11,4,2,0,0,0,1,2,4,0,1,1,1
3674,142,2025-11-17,88,6,18,0,13,6,4,2,0,0,0,2,4,0,1,1,1
3675,143,2025-11-17,301,21,3,1,37,24,8,5,1,0,4,7,14,1,2,3,4
3676,143,2025-11-17,302,21,3,1,33,17,6,5,0,1,3,5,11,1,4,2,2
3677,143,2025-11-17,303,21,3,1,25,6,4,3,0,0,1,2,5,0,1,1,1
3678,143,2025-11-17,304,21,3,1,28,8,5,2,1,1,2,4,8,1,3,0,0
3679,143,2025-11-17,305,21,3,1,29,9,2,5,1,1,1,2,5,0,1,2,2
3680,143,2025-11-17,306,21,3,1,24,7,4,4,2,0,0,3,5,0,1,2,2
3681,143,2025-11-17,307,21,3,1,29,11,5,4,1,1,2,4,9,1,3,1,1
3682,143,2025-11-17,308,21,3,1,32,8,6,3,1,0,3,4,8,0,1,1,1
3683,143,2025-11-17,309,21,3,1,10,2,2,2,0,0,1,2,4,0,1,0,0
3684,143,2025-11-17,310,21,3,1,19,4,2,1,0,0,0,3,6,1,2,1,1
3685,143,2025-11-17,311,21,3,1,9,2,0,0,0,0,1,1,3,0,1,0,0
3686,143,2025-11-17,312,21,3,1,13,9,1,0,0,0,0,4,8,1,2,0,0
3687,143,2025-11-17,313,21,3,1,11,4,4,2,1,0,0,1,3,0,1,1,1
3688,143,2025-11-17,314,21,3,1,12,2,2,1,1,0,0,2,4,1,2,0,0
3689,143,2025-11-17,315,21,3,1,16,5,2,1,1,0,0,1,2,0,0,0,0
3690,143,2025-11-17,31,3,21,0,35,32,9,4,1,1,2,7,16,1,2,3,4
3691,143,2025-11-17,32,3,21,0,27,19,6,4,1,0,3,4,10,0,1,3,3
3692,143,2025-11-17,33,3,21,0,17,12,6,2,0,1,2,3,8,1,3,1,1
3693,143,2025-11-17,34,3,21,0,28,11,3,2,1,1,2,3,7,1,3,2,2
3694,143,2025-11-17,35,3,21,0,21,13,4,1,2,0,1,4,10,1,3,1,1
3695,143,2025-11-17,36,3,21,0,25,11,6,3,0,1,2,3,7,1,3,2,2
3696,143,2025-11-17,37,3,21,0,28,10,7,5,1,0,2,3,7,0,1,2,2
3697,143,2025-11-17,38,3,21,0,24,10,6,1,2,1,2,4,8,0,1,1,1
3698,143,2025-11-17,39,3,21,0,15,7,0,0,1,1,1,2,4,0,1,1,1
3699,143,2025-11-17,40,3,21,0,8,3,4,0,0,0,1,2,4,0,1,0,0
3700,143,2025-11-17,41,3,21,0,8,5,1,1,1,0,1,2,4,0,1,0,0
3701,143,2025-11-17,42,3,21,0,10,9,3,0,1,0,1,3,5,1,2,1,1
3702,143,2025-11-17,43,3,21,0,14,5,1,0,0,1,1,1,3,0,1,0,0
3703,143,2025-11-17,44,3,21,0,20,3,0,1,0,0,0,0,1,0,0,0,0
3704,143,2025-11-17,45,3,21,0,14,1,4,1,0,0,2,2,4,0,1,0,0
3705,144,2025-11-17,361,25,24,1,33,13,5,1,1,1,3,3,7,1,2,2,3
3706,144,2025-11-17,362,25,24,1,36,19,7,7,1,0,1,5,12,1,2,3,4
3707,144,2025-11-17,363,25,24,1,21,9,3,3,1,0,0,4,7,0,1,1,1
3708,144,2025-11-17,364,25,24,1,27,6,3,1,1,0,3,3,7,1,2,1,1
3709,144,2025-11-17,365,25,24,1,15,9,8,3,1,1,1,2,4,0,1,1,1
3710,144,2025-11-17,366,25,24,1,25,3,5,3,0,1,2,0,1,0,0,0,0
3711,144,2025-11-17,367,25,24,1,23,12,4,1,1,1,0,4,7,0,1,1,2
3712,144,2025-11-17,368,25,24,1,28,11,3,3,1,0,2,2,6,1,2,2,2
3713,144,2025-11-17,369,25,24,1,17,1,0,0,0,0,1,1,1,0,0,0,0
3714,144,2025-11-17,371,25,24,1,8,4,3,1,1,0,1,3,6,0,1,1,1
3715,144,2025-11-17,373,25,24,1,17,5,3,0,1,0,0,1,3,0,1,1,1
3716,144,2025-11-17,375,25,24,1,18,4,2,1,1,1,1,3,6,0,1,0,0
3717,144,2025-11-17,346,24,25,0,29,23,7,1,1,1,3,6,14,0,1,3,5
3718,144,2025-11-17,347,24,25,0,32,9,5,8,2,0,3,3,7,1,3,1,1
3719,144,2025-11-17,348,24,25,0,21,13,8,1,1,1,1,3,8,1,3,1,1
3720,144,2025-11-17,349,24,25,0,20,5,4,3,1,1,2,2,4,0,1,1,1
3721,144,2025-11-17,350,24,25,0,29,11,7,6,0,1,1,3,7,0,1,2,2
3722,144,2025-11-17,351,24,25,0,19,10,6,4,1,0,2,2,5,0,1,2,2
3723,144,2025-11-17,352,24,25,0,26,5,4,1,1,0,2,2,4,0,1,0,0
3724,144,2025-11-17,353,24,25,0,19,15,2,0,1,0,1,4,8,1,3,2,3
3725,144,2025-11-17,354,24,25,0,12,4,2,2,0,0,1,2,5,0,1,1,1
3726,144,2025-11-17,355,24,25,0,12,1,3,0,1,0,1,2,4,0,1,0,0
3727,144,2025-11-17,357,24,25,0,16,6,3,1,1,1,1,3,6,1,3,1,1
3728,144,2025-11-17,359,24,25,0,11,3,2,0,1,0,0,1,2,0,1,1,1
3729,145,2025-11-18,271,19,1,1,29,22,7,8,2,1,2,6,10,1,2,4,5
3730,145,2025-11-18,272,19,1,1,29,19,9,2,1,0,4,5,12,1,2,1,2
3731,145,2025-11-18,273,19,1,1,20,7,5,1,1,0,2,3,6,1,3,1,1
3732,145,2025-11-18,274,19,1,1,20,8,6,1,1,1,2,2,5,0,1,2,2
3733,145,2025-11-18,275,19,1,1,20,10,4,5,1,1,1,4,7,0,1,1,1
3734,145,2025-11-18,276,19,1,1,25,4,4,1,2,0,1,2,4,0,1,1,1
3735,145,2025-11-18,277,19,1,1,17,9,3,2,1,1,1,4,8,1,3,2,2
3736,145,2025-11-18,278,19,1,1,22,11,8,4,1,1,2,4,7,1,2,1,1
3737,145,2025-11-18,280,19,1,1,12,4,0,2,1,0,0,1,3,0,1,1,1
3738,145,2025-11-18,281,19,1,1,13,5,6,3,0,0,1,2,5,0,1,1,1
3739,145,2025-11-18,282,19,1,1,11,9,1,1,1,0,2,3,8,1,3,1,1
3740,145,2025-11-18,283,19,1,1,13,3,5,2,0,0,1,1,1,0,0,0,0
3741,145,2025-11-18,285,19,1,1,11,4,2,0,1,0,1,3,5,0,1,1,1
3742,145,2025-11-18,1,1,19,0,31,23,10,4,2,1,3,6,14,2,6,3,3
3743,145,2025-11-18,2,1,19,0,40,18,10,2,1,1,2,5,12,0,1,2,2
3744,145,2025-11-18,3,1,19,0,16,10,6,2,1,0,1,4,9,1,2,1,1
3745,145,2025-11-18,4,1,19,0,20,3,3,1,1,1,0,3,5,0,1,0,0
3746,145,2025-11-18,5,1,19,0,24,5,4,4,1,0,2,2,4,0,1,1,1
3747,145,2025-11-18,6,1,19,0,28,7,4,2,1,0,2,2,6,1,3,1,1
3748,145,2025-11-18,7,1,19,0,24,5,5,3,1,1,2,3,6,1,2,0,0
3749,145,2025-11-18,8,1,19,0,24,18,5,5,2,0,0,6,13,1,2,3,4
3750,145,2025-11-18,9,1,19,0,24,1,0,2,0,0,1,0,1,0,0,0,0
3751,145,2025-11-18,10,1,19,0,19,8,2,0,1,0,0,2,5,0,1,1,1
3752,145,2025-11-18,11,1,19,0,9,7,2,0,0,0,0,2,4,0,1,1,2
3753,145,2025-11-18,14,1,19,0,15,5,2,1,0,0,0,2,4,1,2,1,1
3754,146,2025-11-18,121,9,7,1,34,14,1,3,1,1,1,3,7,1,2,2,3
3755,146,2025-11-18,122,9,7,1,40,26,3,2,1,1,2,8,15,2,6,1,1
3756,146,2025-11-18,123,9,7,1,30,7,4,2,1,1,1,3,7,0,1,2,2
3757,146,2025-11-18,124,9,7,1,23,2,4,2,0,0,2,1,2,0,1,0,0
3758,146,2025-11-18,125,9,7,1,28,8,4,2,1,0,0,2,5,0,1,1,1
3759,146,2025-11-18,126,9,7,1,13,11,3,4,1,0,4,4,9,1,3,2,2
3760,146,2025-11-18,127,9,7,1,24,5,6,2,0,0,1,3,6,0,1,1,1
3761,146,2025-11-18,128,9,7,1,18,7,3,2,0,0,1,3,6,0,1,0,0
3762,146,2025-11-18,131,9,7,1,17,3,3,0,1,0,1,1,2,0,1,1,1
3763,146,2025-11-18,132,9,7,1,8,3,3,2,1,0,1,2,4,0,1,0,0
3764,146,2025-11-18,134,9,7,1,7,7,2,0,1,0,1,3,7,1,3,2,2
3765,146,2025-11-18,135,9,7,1,14,5,0,1,0,0,1,2,4,0,1,1,1
3766,146,2025-11-18,91,7,9,0,32,12,4,3,1,1,2,5,10,1,4,2,3
3767,146,2025-11-18,92,7,9,0,32,27,5,3,1,1,4,6,14,0,1,1,2
3768,146,2025-11-18,93,7,9,0,34,7,7,4,1,1,1,1,3,0,1,1,1
3769,146,2025-11-18,94,7,9,0,20,8,7,2,0,1,1,2,4,0,0,1,1
3770,146,2025-11-18,95,7,9,0,26,3,3,3,1,1,1,1,2,0,0,1,1
3771,146,2025-11-18,96,7,9,0,18,15,4,3,0,1,2,5,10,1,4,3,4
3772,146,2025-11-18,97,7,9,0,13,10,2,3,1,0,1,4,8,1,3,1,1
3773,146,2025-11-18,98,7,9,0,30,10,1,1,0,0,2,3,7,0,1,1,2
3774,146,2025-11-18,99,7,9,0,13,1,4,0,0,0,0,2,4,0,1,0,0
3775,146,2025-11-18,100,7,9,0,14,7,3,2,0,0,0,3,6,1,2,2,2
3776,146,2025-11-18,101,7,9,0,22,5,4,1,1,0,0,2,4,1,2,1,1
3777,146,2025-11-18,103,7,9,0,8,3,0,1,1,0,2,2,4,0,0,0,0
3778,146,2025-11-18,105,7,9,0,13,7,0,0,1,0,0,3,7,1,2,1,1
3779,147,2025-11-18,211,15,23,1,35,23,6,5,1,1,4,6,15,2,6,3,4
3780,147,2025-11-18,212,15,23,1,27,19,1,3,1,1,3,7,13,1,3,4,5
3781,147,2025-11-18,213,15,23,1,25,8,6,2,1,0,2,3,6,1,2,1,1
3782,147,2025-11-18,214,15,23,1,22,1,3,3,0,1,3,1,1,0,0,0,0
3783,147,2025-11-18,215,15,23,1,25,9,0,0,1,0,2,3,6,0,1,1,2
3784,147,2025-11-18,216,15,23,1,26,14,6,1,1,0,1,5,9,1,3,2,2
3785,147,2025-11-18,217,15,23,1,22,9,3,3,1,1,0,3,7,1,3,1,2
3786,147,2025-11-18,218,15,23,1,26,4,2,0,1,1,2,3,6,1,2,0,0
3787,147,2025-11-18,220,15,23,1,11,4,4,1,1,0,1,3,5,0,1,1,1
3788,147,2025-11-18,221,15,23,1,20,7,3,2,0,0,0,2,3,0,1,1,1
3789,147,2025-11-18,222,15,23,1,18,3,2,1,1,1,0,3,5,0,1,0,0
3790,147,2025-11-18,223,15,23,1,4,4,2,0,0,0,1,1,3,0,1,0,0
3791,147,2025-11-18,224,15,23,1,17,4,2,1,1,0,0,2,4,1,2,0,0
3792,147,2025-11-18,331,23,15,0,42,16,6,2,1,1,3,5,10,2,4,2,2
3793,147,2025-11-18,332,23,15,0,33,26,7,6,2,1,2,5,13,1,2,2,3
3794,147,2025-11-18,333,23,15,0,20,0,5,1,1,0,2,1,1,0,0,0,0
3795,147,2025-11-18,334,23,15,0,11,13,3,4,1,0,1,4,9,0,1,1,1
3796,147,2025-11-18,335,23,15,0,23,12,5,3,1,1,1,4,8,1,3,1,2
3797,147,2025-11-18,336,23,15,0,22,9,7,3,1,0,1,3,6,1,2,1,1
3798,147,2025-11-18,337,23,15,0,24,5,5,1,1,1,2,3,6,1,2,1,1
3799,147,2025-11-18,338,23,15,0,31,6,3,3,1,0,0,3,6,0,1,1,1
3800,147,2025-11-18,340,23,15,0,8,2,0,1,1,0,1,1,3,0,1,0,0
3801,147,2025-11-18,341,23,15,0,20,3,1,1,0,0,1,1,3,0,1,0,0
3802,147,2025-11-18,342,23,15,0,17,4,3,0,1,0,0,2,4,0,1,1,1
3803,147,2025-11-18,345,23,15,0,7,4,4,1,1,0,1,2,4,0,1,1,1
3804,148,2025-11-18,316,22,13,1,28,27,5,4,1,1,3,7,14,1,3,4,5
3805,148,2025-11-18,317,22,13,1,43,25,8,7,1,1,4,8,16,1,3,4,6
3806,148,2025-11-18,318,22,13,1,23,7,3,2,1,1,2,3,5,1,2,1,1
3807,148,2025-11-18,319,22,13,1,22,12,4,2,1,1,2,5,10,0,1,2,2
3808,148,2025-11-18,320,22,13,1,31,10,7,0,1,0,1,4,9,1,2,1,2
3809,148,2025-11-18,321,22,13,1,27,7,1,2,1,0,2,2,6,1,2,1,1
3810,148,2025-11-18,322,22,13,1,25,13,3,4,1,0,2,4,9,1,2,2,2
3811,148,2025-11-18,323,22,13,1,25,10,4,6,1,0,0,3,7,1,2,1,1
3812,148,2025-11-18,324,22,13,1,6,1,2,1,1,0,1,1,2,0,0,0,0
3813,148,2025-11-18,325,22,13,1,14,6,1,2,0,0,1,2,4,0,1,1,1
3814,148,2025-11-18,326,22,13,1,10,5,1,0,0,0,1,3,6,0,1,1,1
3815,148,2025-11-18,327,22,13,1,10,1,2,1,1,0,1,2,4,1,2,0,0
3816,148,2025-11-18,329,22,13,1,22,4,1,1,0,0,1,1,2,0,1,1,1
3817,148,2025-11-18,330,22,13,1,16,4,3,1,1,0,0,1,3,0,1,1,1
3818,148,2025-11-18,181,13,22,0,32,32,9,7,2,1,1,7,15,1,3,3,4
3819,148,2025-11-18,182,13,22,0,38,17,5,5,2,1,2,4,8,1,2,2,3
3820,148,2025-11-18,183,13,22,0,23,8,1,3,1,1,2,2,4,0,1,2,2
3821,148,2025-11-18,184,13,22,0,28,10,2,2,0,0,2,3,7,1,3,1,1
3822,148,2025-11-18,185,13,22,0,29,12,4,3,1,0,1,3,7,0,1,1,1
3823,148,2025-11-18,186,13,22,0,32,12,5,3,0,0,0,4,8,1,2,2,3
3824,148,2025-11-18,187,13,22,0,23,10,5,3,1,1,1,3,6,0,1,1,1
3825,148,2025-11-18,188,13,22,0,23,9,3,3,1,1,1,3,5,0,1,1,2
3826,148,2025-11-18,191,13,22,0,4,2,2,1,1,0,2,1,2,0,0,0,0
3827,148,2025-11-18,192,13,22,0,5,5,0,1,1,0,0,2,5,0,1,0,0
3828,148,2025-11-18,193,13,22,0,17,5,2,1,0,0,1,3,6,0,1,0,0
3829,148,2025-11-18,194,13,22,0,11,4,4,2,1,0,0,1,2,0,1,0,0
3830,149,2025-11-18,16,2,20,1,37,20,6,9,1,1,3,6,14,1,2,2,2
3831,149,2025-11-18,17,2,20,1,32,25,4,4,1,0,2,6,12,1,4,5,6
3832,149,2025-11-18,18,2,20,1,23,6,4,3,1,0,2,3,7,0,1,1,1
3833,149,2025-11-18,19,2,20,1,23,7,6,1,1,0,2,1,3,0,1,0,0
3834,149,2025-11-18,20,2,20,1,23,16,4,0,1,0,1,6,11,0,1,1,1
3835,149,2025-11-18,21,2,20,1,19,10,7,4,0,1,2,3,6,1,2,2,2
3836,149,2025-11-18,22,2,20,1,30,15,3,3,0,0,1,4,11,1,2,3,3
3837,149,2025-11-18,23,2,20,1,23,12,0,2,1,1,1,4,9,2,4,2,2
3838,149,2025-11-18,24,2,20,1,13,6,3,2,0,0,0,2,5,1,2,0,0
3839,149,2025-11-18,27,2,20,1,12,3,1,0,1,0,1,2,4,0,1,0,0
3840,149,2025-11-18,28,2,20,1,17,7,0,1,0,0,0,2,5,1,2,1,1
3841,149,2025-11-18,29,2,20,1,8,3,2,0,0,0,1,2,5,0,1,1,1
3842,149,2025-11-18,286,20,2,0,38,22,0,0,1,1,3,6,13,1,3,3,4
3843,149,2025-11-18,287,20,2,0,35,22,8,3,2,1,1,7,12,1,5,1,1
3844,149,2025-11-18,288,20,2,0,23,13,7,4,1,0,2,3,6,1,2,2,2
3845,149,2025-11-18,289,20,2,0,29,8,1,1,1,0,2,4,7,1,3,1,1
3846,149,2025-11-18,290,20,2,0,30,13,4,0,1,0,3,3,7,1,2,2,3
3847,149,2025-11-18,291,20,2,0,24,12,0,2,1,1,2,5,8,1,2,1,1
3848,149,2025-11-18,292,20,2,0,27,11,0,3,1,0,1,4,9,1,3,2,3
3849,149,2025-11-18,293,20,2,0,26,7,5,2,1,0,2,3,6,1,2,1,1
3850,149,2025-11-18,294,20,2,0,10,2,3,2,1,1,0,2,4,1,2,0,0
3851,149,2025-11-18,295,20,2,0,13,5,2,3,0,0,1,1,2,0,1,1,1
3852,149,2025-11-18,297,20,2,0,10,7,1,0,1,0,1,4,7,0,1,1,1
3853,149,2025-11-18,298,20,2,0,17,2,0,0,1,0,0,0,1,0,0,0,0
3854,149,2025-11-18,299,20,2,0,11,7,3,0,0,0,0,3,7,1,2,1,1
3855,149,2025-11-18,300,20,2,0,11,3,0,2,1,0,0,2,5,1,2,0,0
3856,150,2025-11-18,136,10,8,1,34,18,7,8,1,0,4,6,11,1,3,2,2
3857,150,2025-11-18,137,10,8,1,37,24,4,6,1,1,2,7,13,1,2,2,2
3858,150,2025-11-18,138,10,8,1,29,7,3,4,1,0,2,2,4,0,1,0,0
3859,150,2025-11-18,139,10,8,1,29,2,6,3,0,0,2,1,3,0,1,0,0
3860,150,2025-11-18,140,10,8,1,30,15,0,1,1,0,2,4,11,1,4,3,3
3861,150,2025-11-18,141,10,8,1,22,13,2,4,1,0,2,4,9,1,4,2,3
3862,150,2025-11-18,142,10,8,1,21,8,1,1,1,0,1,4,8,0,1,1,1
3863,150,2025-11-18,143,10,8,1,29,5,3,2,1,0,1,3,6,0,1,0,0
3864,150,2025-11-18,144,10,8,1,10,4,0,1,0,0,1,1,2,0,1,1,1
3865,150,2025-11-18,145,10,8,1,15,2,4,0,0,0,0,0,1,0,0,0,0
3866,150,2025-11-18,146,10,8,1,14,1,1,1,0,0,1,1,2,0,0,0,0
3867,150,2025-11-18,147,10,8,1,9,2,4,1,1,0,1,1,3,0,1,0,0
3868,150,2025-11-18,148,10,8,1,12,4,0,0,0,0,0,2,4,0,1,1,1
3869,150,2025-11-18,149,10,8,1,11,2,2,2,0,0,1,2,5,0,1,0,0
3870,150,2025-11-18,150,10,8,1,11,3,2,0,0,0,1,2,4,0,1,0,0
3871,150,2025-11-18,106,8,10,0,31,13,7,4,0,1,4,3,8,1,2,2,2
3872,150,2025-11-18,107,8,10,0,38,25,0,2,1,0,1,8,16,2,5,3,4
3873,150,2025-11-18,108,8,10,0,18,9,3,1,1,1,2,2,4,1,2,2,2
3874,150,2025-11-18,109,8,10,0,27,9,2,0,1,0,2,2,4,0,1,1,1
3875,150,2025-11-18,110,8,10,0,18,8,3,0,0,1,1,3,6,0,1,1,1
3876,150,2025-11-18,111,8,10,0,29,7,2,0,1,1,1,4,7,0,1,1,1
3877,150,2025-11-18,112,8,10,0,28,8,0,1,1,1,1,2,6,1,2,1,2
3878,150,2025-11-18,113,8,10,0,10,7,0,1,1,0,2,2,4,1,2,1,1
3879,150,2025-11-18,114,8,10,0,19,2,2,1,1,0,0,2,5,1,2,0,0
3880,150,2025-11-18,115,8,10,0,6,3,3,1,0,0,1,1,3,0,0,0,0
3881,150,2025-11-18,116,8,10,0,9,3,1,0,0,0,1,1,2,0,1,0,0
3882,150,2025-11-18,118,8,10,0,4,3,0,1,1,0,1,2,5,1,2,0,0
3883,150,2025-11-18,119,8,10,0,16,2,2,0,1,0,1,2,4,1,2,0,0
3884,151,2025-11-19,301,21,10,1,29,9,0,2,1,1,3,2,4,0,1,2,2
3885,151,2025-11-19,302,21,10,1,33,11,1,6,2,0,1,3,5,1,2,2,2
3886,151,2025-11-19,303,21,10,1,29,7,0,2,1,0,2,2,4,1,2,2,2
3887,151,2025-11-19,304,21,10,1,20,12,2,3,1,0,1,5,8,1,2,2,2
3888,151,2025-11-19,305,21,10,1,16,6,7,4,1,0,1,2,3,0,1,1,1
3889,151,2025-11-19,306,21,10,1,23,11,4,1,1,1,1,4,7,1,3,1,1
3890,151,2025-11-19,307,21,10,1,25,7,3,2,1,0,2,3,7,1,2,1,1
3891,151,2025-11-19,308,21,10,1,26,9,9,2,0,0,0,3,8,1,2,1,1
3892,151,2025-11-19,311,21,10,1,8,4,0,1,0,0,2,2,5,0,1,1,1
3893,151,2025-11-19,312,21,10,1,12,5,3,0,0,0,0,2,4,1,2,0,0
3894,151,2025-11-19,314,21,10,1,4,3,3,0,1,0,1,0,1,0,0,0,0
3895,151,2025-11-19,136,10,21,0,26,24,8,5,1,0,2,7,15,3,7,3,4
3896,151,2025-11-19,137,10,21,0,32,21,5,1,1,2,3,7,13,2,4,1,1
3897,151,2025-11-19,138,10,21,0,31,10,2,2,1,0,2,4,9,0,1,1,1
3898,151,2025-11-19,139,10,21,0,25,17,3,3,1,0,1,4,8,1,3,2,3
3899,151,2025-11-19,140,10,21,0,21,8,2,3,1,1,2,4,8,0,1,2,2
3900,151,2025-11-19,141,10,21,0,24,11,1,1,1,0,2,2,5,0,1,2,2
3901,151,2025-11-19,142,10,21,0,30,9,7,5,1,1,1,3,6,0,1,1,1
3902,151,2025-11-19,143,10,21,0,29,11,2,2,0,0,1,4,9,1,3,1,1
3903,151,2025-11-19,144,10,21,0,7,3,3,0,0,0,1,2,5,1,2,1,1
3904,151,2025-11-19,145,10,21,0,10,5,3,0,1,0,0,1,3,0,0,0,0
3905,151,2025-11-19,146,10,21,0,10,4,0,1,1,0,1,2,6,1,2,1,1
3906,151,2025-11-19,148,10,21,0,15,6,1,1,0,0,0,2,4,1,2,1,1
3907,151,2025-11-19,149,10,21,0,15,3,1,1,1,0,0,2,3,0,1,1,1
3908,151,2025-11-19,150,10,21,0,10,4,3,0,0,0,1,2,5,0,1,0,0
3909,152,2025-11-19,421,29,6,1,35,20,5,9,1,0,3,4,10,1,3,3,4
3910,152,2025-11-19,422,29,6,1,29,31,8,4,1,0,2,10,17,2,6,1,2
3911,152,2025-11-19,423,29,6,1,20,10,4,2,1,1,1,3,6,0,1,1,1
3912,152,2025-11-19,424,29,6,1,21,12,4,2,1,0,2,5,9,2,4,1,1
3913,152,2025-11-19,425,29,6,1,24,11,1,3,1,1,2,3,6,0,1,2,2
3914,152,2025-11-19,426,29,6,1,16,6,1,2,1,0,2,3,6,0,1,1,1
3915,152,2025-11-19,427,29,6,1,24,9,3,2,0,0,1,2,4,1,2,2,2
3916,152,2025-11-19,428,29,6,1,25,9,7,1,1,0,2,3,6,0,1,1,1
3917,152,2025-11-19,429,29,6,1,12,7,0,0,0,0,0,1,3,0,1,1,1
3918,152,2025-11-19,430,29,6,1,13,3,1,0,0,0,1,1,3,0,1,0,0
3919,152,2025-11-19,432,29,6,1,11,3,1,2,0,0,0,1,2,0,1,1,1
3920,152,2025-11-19,433,29,6,1,25,1,2,1,0,0,1,1,1,0,0,0,0
3921,152,2025-11-19,434,29,6,1,11,5,3,1,1,0,2,2,4,0,1,1,1
3922,152,2025-11-19,435,29,6,1,11,4,4,2,1,0,1,1,2,0,1,1,1
3923,152,2025-11-19,76,6,29,0,30,21,9,9,1,1,2,6,14,1,2,4,5
3924,152,2025-11-19,77,6,29,0,36,26,5,7,2,1,3,6,13,1,2,1,2
3925,152,2025-11-19,78,6,29,0,27,9,6,2,1,0,1,2,4,0,0,2,2
3926,152,2025-11-19,79,6,29,0,27,8,7,3,1,1,2,4,8,1,2,1,2
3927,152,2025-11-19,80,6,29,0,23,9,3,0,1,1,2,4,7,1,2,1,1
3928,152,2025-11-19,81,6,29,0,21,10,8,4,1,0,2,3,8,0,1,2,2
3929,152,2025-11-19,82,6,29,0,26,9,7,1,0,0,1,3,6,0,1,1,1
3930,152,2025-11-19,83,6,29,0,22,9,1,2,1,0,1,4,8,1,2,1,1
3931,152,2025-11-19,85,6,29,0,9,4,2,2,1,0,0,3,5,1,2,1,1
3932,152,2025-11-19,87,6,29,0,14,2,4,0,1,0,1,1,2,0,1,0,0
3933,152,2025-11-19,88,6,29,0,16,6,2,0,1,0,1,1,3,0,1,1,1
3934,152,2025-11-19,90,6,29,0,8,3,5,1,0,0,1,1,2,0,1,1,1
3935,153,2025-11-19,256,18,22,1,28,13,8,2,1,1,2,3,6,0,1,2,2
3936,153,2025-11-19,257,18,22,1,36,8,3,9,1,0,3,3,6,1,3,1,1
3937,153,2025-11-19,258,18,22,1,24,9,6,3,1,0,2,3,7,0,1,1,1
3938,153,2025-11-19,259,18,22,1,17,7,3,2,1,1,2,2,5,1,2,1,1
3939,153,2025-11-19,260,18,22,1,16,7,5,2,1,1,0,3,6,0,1,1,1
3940,153,2025-11-19,261,18,22,1,30,7,0,0,1,0,1,1,3,0,1,0,0
3941,153,2025-11-19,262,18,22,1,21,12,6,4,0,0,0,4,8,1,2,1,2
3942,153,2025-11-19,263,18,22,1,20,5,2,3,0,0,1,1,2,0,1,1,1
3943,153,2025-11-19,264,18,22,1,19,5,4,2,0,0,1,1,3,0,1,1,1
3944,153,2025-11-19,267,18,22,1,10,6,1,1,0,0,0,3,6,0,1,1,1
3945,153,2025-11-19,268,18,22,1,4,5,4,0,0,0,1,1,3,0,1,0,0
3946,153,2025-11-19,270,18,22,1,10,5,1,0,0,0,1,3,5,0,1,1,1
3947,153,2025-11-19,316,22,18,0,29,27,11,4,1,0,4,5,13,2,5,2,3
3948,153,2025-11-19,317,22,18,0,33,12,5,2,1,0,3,3,6,0,1,3,3
3949,153,2025-11-19,318,22,18,0,14,14,3,3,1,1,2,5,10,1,2,2,2
3950,153,2025-11-19,319,22,18,0,22,12,6,2,1,0,2,3,6,1,2,2,2
3951,153,2025-11-19,320,22,18,0,29,12,6,4,2,0,1,4,8,0,1,2,2
3952,153,2025-11-19,321,22,18,0,23,6,3,0,1,0,1,1,3,0,0,1,1
3953,153,2025-11-19,322,22,18,0,19,14,8,2,1,0,1,3,7,1,2,2,3
3954,153,2025-11-19,323,22,18,0,25,11,7,3,1,1,1,4,7,1,2,1,1
3955,153,2025-11-19,324,22,18,0,14,3,1,2,0,0,1,2,5,1,2,1,1
3956,153,2025-11-19,326,22,18,0,4,2,3,0,0,1,0,1,1,0,0,0,0
3957,153,2025-11-19,327,22,18,0,7,2,6,1,0,0,2,2,5,1,2,0,0
3958,153,2025-11-19,328,22,18,0,10,7,2,1,0,1,0,3,6,0,1,2,2
3959,153,2025-11-19,329,22,18,0,8,1,2,2,0,0,0,1,3,0,1,0,0
3960,153,2025-11-19,330,22,18,0,21,6,4,0,1,0,1,3,7,1,3,1,1
3961,154,2025-11-19,376,26,14,1,37,10,4,2,1,1,3,2,5,1,2,2,2
3962,154,2025-11-19,377,26,14,1,31,31,4,6,1,0,2,10,17,3,8,5,6
3963,154,2025-11-19,378,26,14,1,30,8,5,3,0,1,2,2,5,1,2,1,1
3964,154,2025-11-19,379,26,14,1,25,11,4,2,0,0,2,3,8,0,1,2,2
3965,154,2025-11-19,380,26,14,1,30,11,3,4,1,0,0,4,9,0,1,1,1
3966,154,2025-11-19,381,26,14,1,26,13,2,3,1,0,2,4,9,1,3,1,2
3967,154,2025-11-19,382,26,14,1,25,10,5,2,1,1,1,4,9,1,4,1,2
3968,154,2025-11-19,383,26,14,1,25,8,3,3,1,1,3,3,6,1,2,1,1
3969,154,2025-11-19,386,26,14,1,18,3,2,1,1,0,0,2,4,1,2,0,0
3970,154,2025-11-19,388,26,14,1,9,4,2,0,1,0,1,1,2,0,0,1,1
3971,154,2025-11-19,390,26,14,1,15,2,3,0,1,0,2,1,1,0,0,0,0
3972,154,2025-11-19,196,14,26,0,28,14,9,5,2,1,3,5,11,2,4,1,1
3973,154,2025-11-19,197,14,26,0,34,20,2,2,2,1,2,6,13,1,3,3,5
3974,154,2025-11-19,198,14,26,0,14,14,5,3,1,0,1,5,11,2,4,2,3
3975,154,2025-11-19,199,14,26,0,20,10,6,3,0,1,2,5,9,1,3,2,2
3976,154,2025-11-19,200,14,26,0,27,9,6,1,1,1,1,3,8,1,3,1,1
3977,154,2025-11-19,201,14,26,0,20,13,5,2,1,0,2,3,7,1,2,1,2
3978,154,2025-11-19,202,14,26,0,23,11,9,4,1,0,1,3,6,0,1,1,1
3979,154,2025-11-19,203,14,26,0,26,7,2,1,0,0,2,4,7,1,3,1,1
3980,154,2025-11-19,204,14,26,0,8,6,1,0,0,0,1,2,3,0,1,1,1
3981,154,2025-11-19,205,14,26,0,21,3,3,3,1,0,0,1,2,0,1,0,0
3982,154,2025-11-19,206,14,26,0,6,5,4,1,1,0,0,1,2,0,0,1,1
3983,154,2025-11-19,207,14,26,0,5,4,3,0,0,0,1,1,2,0,0,1,1
3984,154,2025-11-19,208,14,26,0,16,5,4,1,0,0,1,2,5,1,2,1,1
3985,154,2025-11-19,209,14,26,0,12,3,0,0,0,0,1,1,3,0,1,1,1
3986,154,2025-11-19,210,14,26,0,16,5,2,1,1,0,1,3,6,1,2,1,1
3987,155,2025-11-19,106,8,3,1,31,26,8,9,1,0,2,7,14,1,4,3,4
3988,155,2025-11-19,107,8,3,1,34,25,8,4,2,1,4,7,14,1,3,2,2
3989,155,2025-11-19,108,8,3,1,22,7,2,4,1,0,2,4,7,1,2,0,0
3990,155,2025-11-19,109,8,3,1,14,11,3,1,0,0,2,2,5,1,2,1,1
3991,155,2025-11-19,110,8,3,1,26,10,4,2,1,0,0,3,7,1,2,2,2
3992,155,2025-11-19,111,8,3,1,15,14,7,0,1,1,1,6,11,1,2,1,1
3993,155,2025-11-19,112,8,3,1,21,10,3,2,1,0,1,3,6,0,1,2,2
3994,155,2025-11-19,113,8,3,1,28,11,5,4,1,0,2,3,6,1,2,2,2
3995,155,2025-11-19,115,8,3,1,15,6,1,2,1,0,1,2,4,0,1,1,1
3996,155,2025-11-19,116,8,3,1,16,6,0,2,0,0,0,2,3,0,0,1,1
3997,155,2025-11-19,117,8,3,1,16,6,1,2,1,0,1,2,4,0,1,1,1
3998,155,2025-11-19,120,8,3,1,9,4,3,0,1,0,1,1,3,0,1,1,1
3999,155,2025-11-19,31,3,8,0,47,9,4,7,2,1,3,2,4,0,1,1,1
4000,155,2025-11-19,32,3,8,0,31,19,9,10,1,1,3,7,13,1,4,3,4
4001,155,2025-11-19,33,3,8,0,23,13,4,3,1,0,2,3,8,0,1,3,3
4002,155,2025-11-19,34,3,8,0,21,7,5,2,1,0,0,2,4,0,1,1,1
4003,155,2025-11-19,35,3,8,0,14,10,3,0,1,0,1,4,8,1,2,1,1
4004,155,2025-11-19,36,3,8,0,31,5,6,2,1,0,2,3,6,1,2,1,1
4005,155,2025-11-19,37,3,8,0,23,8,2,2,1,0,1,2,5,1,2,1,1
4006,155,2025-11-19,38,3,8,0,26,6,4,2,0,0,1,2,4,1,2,1,1
4007,155,2025-11-19,40,3,8,0,17,6,0,0,0,0,2,3,5,0,1,1,1
4008,155,2025-11-19,41,3,8,0,20,2,1,0,1,0,1,3,5,1,2,0,0
4009,155,2025-11-19,42,3,8,0,12,6,0,1,1,0,0,4,7,1,3,1,1
4010,155,2025-11-19,43,3,8,0,7,3,2,0,1,0,1,0,1,0,0,1,1
4011,155,2025-11-19,44,3,8,0,12,3,1,1,0,0,1,3,5,0,1,1,1
4012,156,2025-11-19,331,23,24,1,34,18,4,2,2,0,2,6,12,1,2,1,1
4013,156,2025-11-19,332,23,24,1,33,15,6,7,1,1,2,5,9,1,2,1,1
4014,156,2025-11-19,333,23,24,1,26,12,7,2,1,0,1,3,7,0,1,2,3
4015,156,2025-11-19,334,23,24,1,21,8,6,4,1,1,1,2,4,0,1,1,1
4016,156,2025-11-19,335,23,24,1,30,15,4,3,1,0,2,5,9,1,3,2,2
4017,156,2025-11-19,336,23,24,1,24,10,5,3,1,0,2,4,8,0,1,1,2
4018,156,2025-11-19,337,23,24,1,17,7,6,2,1,0,1,4,7,1,2,1,1
4019,156,2025-11-19,338,23,24,1,28,15,8,3,1,0,2,4,8,0,1,3,4
4020,156,2025-11-19,340,23,24,1,13,3,3,0,0,0,1,1,3,0,1,0,0
4021,156,2025-11-19,341,23,24,1,15,2,2,2,1,0,0,2,4,1,2,0,0
4022,156,2025-11-19,342,23,24,1,19,4,2,0,0,0,1,3,6,0,1,0,0
4023,156,2025-11-19,344,23,24,1,7,4,1,0,0,0,0,3,5,0,1,1,1
4024,156,2025-11-19,345,23,24,1,9,5,3,0,0,0,0,3,5,1,2,0,0
4025,156,2025-11-19,346,24,23,0,38,21,6,4,2,1,4,7,14,2,4,3,4
4026,156,2025-11-19,347,24,23,0,35,15,3,5,0,0,4,6,11,1,3,1,1
4027,156,2025-11-19,348,24,23,0,26,8,4,3,1,0,1,2,5,1,2,0,0
4028,156,2025-11-19,349,24,23,0,22,3,5,1,1,1,2,2,4,0,0,0,0
4029,156,2025-11-19,350,24,23,0,39,9,3,1,0,0,2,3,6,0,1,1,1
4030,156,2025-11-19,351,24,23,0,27,5,0,0,1,0,1,3,6,1,2,1,1
4031,156,2025-11-19,352,24,23,0,19,9,2,3,1,1,1,3,7,0,1,1,1
4032,156,2025-11-19,353,24,23,0,16,12,1,2,1,0,1,4,9,1,3,1,1
4033,156,2025-11-19,354,24,23,0,20,5,3,2,0,1,1,1,2,0,1,1,1
4034,156,2025-11-19,356,24,23,0,10,0,5,1,0,0,0,2,4,0,1,0,0
4035,156,2025-11-19,357,24,23,0,15,3,4,1,1,0,0,1,2,0,1,0,0
4036,156,2025-11-19,358,24,23,0,10,3,1,0,0,0,1,2,4,0,1,1,1
4037,157,2025-11-20,436,30,13,1,36,37,13,8,2,0,3,9,18,1,2,2,3
4038,157,2025-11-20,437,30,13,1,38,29,3,0,1,1,2,7,16,2,4,2,3
4039,157,2025-11-20,438,30,13,1,14,4,7,3,1,0,1,1,2,0,0,1,1
4040,157,2025-11-20,439,30,13,1,23,4,4,3,0,1,0,3,6,1,3,1,1
4041,157,2025-11-20,440,30,13,1,24,10,5,5,1,0,0,2,5,0,1,2,2
4042,157,2025-11-20,441,30,13,1,21,14,9,3,1,0,0,5,10,1,4,2,3
4043,157,2025-11-20,442,30,13,1,15,1,7,3,1,1,2,0,1,0,0,0,0
4044,157,2025-11-20,443,30,13,1,26,12,5,3,1,1,2,4,10,1,2,2,3
4045,157,2025-11-20,444,30,13,1,18,6,2,2,0,0,0,4,7,0,1,1,1
4046,157,2025-11-20,445,30,13,1,16,5,4,3,0,0,1,1,3,0,1,1,1
4047,157,2025-11-20,446,30,13,1,18,5,1,1,0,0,0,2,3,0,0,1,1
4048,157,2025-11-20,448,30,13,1,11,3,3,1,0,0,0,2,4,0,1,0,0
4049,157,2025-11-20,449,30,13,1,14,8,3,2,0,0,1,3,6,0,1,1,1
4050,157,2025-11-20,181,13,30,0,28,26,5,3,1,1,2,5,12,2,5,4,6
4051,157,2025-11-20,182,13,30,0,37,10,6,2,0,1,3,3,6,1,2,1,2
4052,157,2025-11-20,183,13,30,0,22,13,3,4,0,0,2,4,8,1,3,2,3
4053,157,2025-11-20,184,13,30,0,22,9,2,2,1,0,1,3,6,1,2,2,2
4054,157,2025-11-20,185,13,30,0,23,4,2,2,0,1,2,2,4,0,1,1,1
4055,157,2025-11-20,186,13,30,0,26,11,5,5,1,0,2,4,8,1,3,2,2
4056,157,2025-11-20,187,13,30,0,26,10,0,2,1,1,2,3,9,1,2,1,1
4057,157,2025-11-20,188,13,30,0,22,9,5,3,1,0,1,2,4,1,2,1,1
4058,157,2025-11-20,189,13,30,0,12,3,3,1,0,0,1,1,3,0,1,0,0
4059,157,2025-11-20,191,13,30,0,7,5,3,1,0,0,0,1,2,0,0,1,1
4060,157,2025-11-20,192,13,30,0,6,3,4,1,0,0,1,2,4,1,2,0,0
4061,157,2025-11-20,193,13,30,0,18,4,0,0,0,0,1,2,4,0,1,1,1
4062,157,2025-11-20,194,13,30,0,4,4,0,3,0,0,1,2,4,0,1,1,1
4063,158,2025-11-20,361,25,15,1,29,14,9,3,1,1,1,4,10,1,2,2,3
4064,158,2025-11-20,362,25,15,1,31,23,4,6,1,1,2,6,13,0,1,3,4
4065,158,2025-11-20,363,25,15,1,18,10,5,3,1,0,2,2,5,0,1,1,1
4066,158,2025-11-20,364,25,15,1,21,9,2,1,1,1,2,3,6,1,2,1,1
4067,158,2025-11-20,365,25,15,1,22,15,3,2,1,0,1,4,9,1,4,2,2
4068,158,2025-11-20,366,25,15,1,22,5,4,4,1,0,1,1,3,0,0,1,1
4069,158,2025-11-20,367,25,15,1,20,8,6,3,1,1,1,4,8,0,1,1,1
4070,158,2025-11-20,368,25,15,1,16,6,3,3,0,0,2,1,3,0,1,1,1
4071,158,2025-11-20,369,25,15,1,14,5,5,1,0,0,1,1,2,0,0,1,1
4072,158,2025-11-20,372,25,15,1,8,3,5,3,0,1,0,2,3,0,1,0,0
4073,158,2025-11-20,373,25,15,1,13,5,0,0,1,0,1,2,5,0,1,1,1
4074,158,2025-11-20,374,25,15,1,6,8,2,1,1,0,1,2,4,0,1,1,1
4075,158,2025-11-20,375,25,15,1,15,2,3,3,0,0,1,2,5,0,1,0,0
4076,158,2025-11-20,211,15,25,0,31,22,5,5,0,0,4,7,13,1,3,3,4
4077,158,2025-11-20,212,15,25,0,30,18,8,4,1,1,2,6,11,1,3,1,1
4078,158,2025-11-20,213,15,25,0,25,7,4,2,1,0,2,2,5,1,2,1,1
4079,158,2025-11-20,214,15,25,0,30,8,2,2,2,0,1,3,7,1,2,1,1
4080,158,2025-11-20,215,15,25,0,23,5,4,4,2,1,1,1,2,0,1,0,0
4081,158,2025-11-20,216,15,25,0,26,13,5,3,1,0,2,3,6,1,3,1,2
4082,158,2025-11-20,217,15,25,0,23,6,6,1,1,0,1,3,7,1,3,1,1
4083,158,2025-11-20,218,15,25,0,24,6,4,4,1,0,1,2,4,0,1,1,1
4084,158,2025-11-20,219,15,25,0,8,7,3,2,0,0,1,3,6,1,2,1,1
4085,158,2025-11-20,220,15,25,0,4,4,0,2,0,1,1,1,2,0,1,1,1
4086,158,2025-11-20,223,15,25,0,14,6,2,0,0,0,1,3,6,0,1,0,0
4087,158,2025-11-20,224,15,25,0,4,1,5,0,1,0,2,1,2,0,1,0,0
4088,158,2025-11-20,225,15,25,0,12,4,2,1,0,0,1,3,6,0,1,0,0
4089,159,2025-11-20,271,19,16,1,32,13,9,5,1,1,3,3,6,1,2,2,2
4090,159,2025-11-20,272,19,16,1,25,25,7,7,1,1,2,6,16,2,5,3,5
4091,159,2025-11-20,273,19,16,1,24,5,0,3,0,1,1,3,6,0,1,0,0
4092,159,2025-11-20,274,19,16,1,27,10,8,0,1,0,0,4,8,1,3,1,2
4093,159,2025-11-20,275,19,16,1,21,15,5,4,1,1,2,6,11,1,3,1,1
4094,159,2025-11-20,276,19,16,1,12,13,4,0,1,0,1,3,8,1,2,1,1
4095,159,2025-11-20,277,19,16,1,16,3,1,5,0,1,3,1,1,0,0,0,0
4096,159,2025-11-20,278,19,16,1,30,11,3,1,1,0,2,3,5,0,1,1,2
4097,159,2025-11-20,279,19,16,1,4,4,1,2,1,0,1,1,3,0,1,0,0
4098,159,2025-11-20,280,19,16,1,21,8,0,1,0,0,2,3,6,1,2,1,1
4099,159,2025-11-20,281,19,16,1,11,6,4,1,0,0,0,3,7,0,1,1,1
4100,159,2025-11-20,282,19,16,1,10,2,3,1,0,0,1,1,2,0,1,0,0
4101,159,2025-11-20,283,19,16,1,7,4,2,1,0,0,0,1,3,0,0,1,1
4102,159,2025-11-20,284,19,16,1,11,2,3,1,1,0,1,0,1,0,0,0,0
4103,159,2025-11-20,285,19,16,1,14,3,4,2,0,0,0,1,2,0,0,1,1
4104,159,2025-11-20,226,16,19,0,28,22,7,6,2,1,4,7,14,1,2,3,4
4105,159,2025-11-20,227,16,19,0,41,25,9,7,1,1,3,5,13,0,1,3,3
4106,159,2025-11-20,228,16,19,0,24,12,5,4,1,0,2,4,8,1,3,2,2
4107,159,2025-11-20,229,16,19,0,21,12,3,2,1,1,1,5,10,1,2,2,3
4108,159,2025-11-20,230,16,19,0,22,4,3,3,1,0,0,2,4,1,2,0,0
4109,159,2025-11-20,231,16,19,0,23,8,3,5,0,0,2,3,8,1,3,1,1
4110,159,2025-11-20,232,16,19,0,19,11,4,3,1,0,2,3,7,1,3,1,1
4111,159,2025-11-20,233,16,19,0,22,7,1,2,0,1,1,3,7,1,2,1,1
4112,159,2025-11-20,234,16,19,0,12,4,3,0,0,0,1,2,4,0,0,1,1
4113,159,2025-11-20,238,16,19,0,15,7,3,2,1,1,0,3,7,0,1,1,1
4114,159,2025-11-20,239,16,19,0,11,6,1,1,1,0,1,3,6,1,3,1,1
4115,159,2025-11-20,240,16,19,0,16,3,3,1,0,0,0,1,3,0,1,0,0
4116,160,2025-11-20,16,2,7,1,27,17,7,0,1,1,3,4,8,1,2,3,4
4117,160,2025-11-20,17,2,7,1,28,26,7,5,1,1,1,6,12,2,5,3,4
4118,160,2025-11-20,18,2,7,1,26,11,2,2,1,0,1,4,9,1,3,1,1
4119,160,2025-11-20,19,2,7,1,21,9,4,1,0,1,2,4,8,0,1,1,1
4120,160,2025-11-20,20,2,7,1,25,7,7,4,1,1,1,3,5,1,2,2,2
4121,160,2025-11-20,21,2,7,1,28,8,4,4,1,0,1,3,5,0,1,1,1
4122,160,2025-11-20,22,2,7,1,31,11,3,4,1,0,1,2,5,0,1,2,2
4123,160,2025-11-20,23,2,7,1,25,11,4,5,1,0,2,4,7,0,1,1,1
4124,160,2025-11-20,24,2,7,1,15,5,3,1,1,0,1,2,4,0,1,1,1
4125,160,2025-11-20,25,2,7,1,16,2,0,2,1,0,0,1,3,0,0,0,0
4126,160,2025-11-20,26,2,7,1,13,4,3,0,0,0,1,3,5,0,1,0,0
4127,160,2025-11-20,28,2,7,1,12,3,1,2,1,0,2,2,4,0,1,0,0
4128,160,2025-11-20,30,2,7,1,13,3,3,1,1,0,1,3,5,0,1,1,1
4129,160,2025-11-20,91,7,2,0,28,36,10,7,1,0,1,9,20,2,6,2,2
4130,160,2025-11-20,92,7,2,0,31,22,4,0,1,1,3,5,11,0,1,4,5
4131,160,2025-11-20,93,7,2,0,21,8,1,2,1,0,1,3,5,1,2,1,1
4132,160,2025-11-20,94,7,2,0,21,11,2,1,1,1,1,3,6,1,2,2,2
4133,160,2025-11-20,95,7,2,0,31,13,6,6,0,0,1,3,6,1,3,2,2
4134,160,2025-11-20,96,7,2,0,23,1,3,1,1,0,2,1,1,0,0,0,0
4135,160,2025-11-20,97,7,2,0,25,3,0,1,1,1,2,2,4,0,1,0,0
4136,160,2025-11-20,98,7,2,0,16,15,6,1,1,0,2,5,10,1,3,1,1
4137,160,2025-11-20,99,7,2,0,12,4,4,3,0,0,0,1,3,0,1,1,1
4138,160,2025-11-20,101,7,2,0,13,4,4,2,1,1,0,1,3,0,1,1,1
4139,160,2025-11-20,103,7,2,0,16,5,2,0,1,0,0,2,3,0,1,1,1
4140,160,2025-11-20,104,7,2,0,14,1,4,1,0,0,1,1,2,0,1,0,0
4141,161,2025-11-20,391,27,4,1,39,17,7,3,1,1,2,4,9,2,4,3,4
4142,161,2025-11-20,392,27,4,1,39,13,6,5,1,0,4,5,10,1,2,1,1
4143,161,2025-11-20,393,27,4,1,19,12,4,4,1,1,0,4,7,0,1,1,1
4144,161,2025-11-20,394,27,4,1,29,7,4,5,1,0,2,3,6,1,2,1,1
4145,161,2025-11-20,395,27,4,1,17,6,5,4,0,1,1,1,3,0,1,1,1
4146,161,2025-11-20,396,27,4,1,30,10,8,2,1,0,2,4,7,1,2,1,2
4147,161,2025-11-20,397,27,4,1,26,7,4,0,1,1,1,3,5,0,1,2,2
4148,161,2025-11-20,398,27,4,1,19,7,6,2,1,1,1,4,7,0,1,1,1
4149,161,2025-11-20,400,27,4,1,8,0,1,0,0,0,1,2,4,0,1,0,0
4150,161,2025-11-20,402,27,4,1,14,6,2,2,1,0,1,1,3,0,1,1,1
4151,161,2025-11-20,404,27,4,1,7,4,3,2,1,0,1,3,6,0,1,0,0
4152,161,2025-11-20,46,4,27,0,36,15,5,2,2,1,3,5,11,1,4,2,2
4153,161,2025-11-20,47,4,27,0,38,22,9,7,1,1,2,6,10,1,4,2,3
4154,161,2025-11-20,48,4,27,0,30,9,4,1,1,1,1,4,8,1,3,1,1
4155,161,2025-11-20,49,4,27,0,29,1,0,1,1,0,1,1,2,0,1,0,0
4156,161,2025-11-20,50,4,27,0,17,9,1,5,1,0,1,2,5,0,1,1,1
4157,161,2025-11-20,51,4,27,0,30,11,5,4,0,1,2,2,5,0,1,2,2
4158,161,2025-11-20,52,4,27,0,25,5,5,3,1,0,1,1,2,0,0,1,1
4159,161,2025-11-20,53,4,27,0,22,8,4,4,1,0,2,2,4,0,1,1,1
4160,161,2025-11-20,54,4,27,0,11,7,0,1,0,0,1,2,6,1,2,1,2
4161,161,2025-11-20,55,4,27,0,15,6,3,0,1,0,0,1,3,0,1,0,0
4162,161,2025-11-20,56,4,27,0,14,2,3,0,1,0,1,2,4,1,2,0,0
4163,161,2025-11-20,58,4,27,0,14,3,3,0,1,0,1,2,5,0,1,0,0
4164,161,2025-11-20,59,4,27,0,6,3,2,1,1,0,0,2,5,0,1,1,1
4165,161,2025-11-20,60,4,27,0,15,4,3,1,1,0,1,3,6,1,2,1,1
4166,162,2025-11-20,406,28,17,1,29,32,5,2,1,1,3,6,15,1,2,6,7
4167,162,2025-11-20,407,28,17,1,30,15,8,6,2,0,3,3,7,1,3,2,3
4168,162,2025-11-20,408,28,17,1,18,9,1,3,1,0,1,2,4,0,1,2,2
4169,162,2025-11-20,409,28,17,1,23,5,1,0,1,0,1,2,5,1,2,1,1
4170,162,2025-11-20,410,28,17,1,32,7,1,3,1,0,2,3,5,0,1,1,1
4171,162,2025-11-20,411,28,17,1,20,6,4,7,0,0,2,2,3,0,0,1,1
4172,162,2025-11-20,412,28,17,1,22,11,1,3,1,0,1,3,8,1,3,1,1
4173,162,2025-11-20,413,28,17,1,12,13,3,3,1,0,1,5,9,1,2,2,2
4174,162,2025-11-20,415,28,17,1,4,6,0,2,1,0,2,4,7,0,1,1,1
4175,162,2025-11-20,417,28,17,1,9,4,1,2,1,0,1,2,6,1,2,1,1
4176,162,2025-11-20,419,28,17,1,11,4,2,3,0,0,1,3,6,0,1,1,1
4177,162,2025-11-20,420,28,17,1,7,3,2,1,1,0,0,1,2,0,1,1,1
4178,162,2025-11-20,241,17,28,0,32,22,6,6,1,1,3,6,11,1,2,1,2
4179,162,2025-11-20,242,17,28,0,35,22,7,5,1,1,2,5,13,1,2,4,5
4180,162,2025-11-20,243,17,28,0,27,10,6,2,0,0,1,3,5,1,2,1,2
4181,162,2025-11-20,244,17,28,0,27,12,2,2,1,0,2,3,6,1,2,3,3
4182,162,2025-11-20,245,17,28,0,28,13,6,3,1,1,1,4,8,1,2,1,1
4183,162,2025-11-20,246,17,28,0,21,13,2,0,0,1,1,5,9,1,4,3,3
4184,162,2025-11-20,247,17,28,0,26,12,6,4,1,0,0,4,8,1,2,1,2
4185,162,2025-11-20,248,17,28,0,19,7,2,1,1,0,2,3,6,0,1,1,1
4186,162,2025-11-20,250,17,28,0,13,3,4,1,0,0,0,1,2,0,0,0,0
4187,162,2025-11-20,251,17,28,0,7,8,1,2,1,0,1,4,7,0,1,2,2
4188,162,2025-11-20,252,17,28,0,15,1,2,2,1,0,1,1,3,0,0,0,0
4189,162,2025-11-20,253,17,28,0,8,8,4,1,1,0,1,3,6,0,1,2,2
4190,162,2025-11-20,254,17,28,0,18,5,0,3,1,0,1,3,6,1,2,1,1
4191,162,2025-11-20,255,17,28,0,11,3,0,0,0,0,0,2,5,0,1,0,0
4192,163,2025-11-21,166,12,9,1,32,21,5,8,1,1,3,5,11,1,2,2,3
4193,163,2025-11-21,167,12,9,1,35,24,5,7,1,1,3,7,14,1,3,1,1
4194,163,2025-11-21,168,12,9,1,33,13,6,1,1,1,3,3,8,1,3,1,1
4195,163,2025-11-21,169,12,9,1,32,9,1,2,1,0,1,3,5,0,1,1,1
4196,163,2025-11-21,170,12,9,1,15,10,2,1,0,1,2,3,7,1,2,1,2
4197,163,2025-11-21,171,12,9,1,28,8,2,2,1,1,1,2,4,0,1,2,2
4198,163,2025-11-21,172,12,9,1,26,11,4,2,1,0,1,4,7,1,3,1,1
4199,163,2025-11-21,173,12,9,1,27,10,3,3,1,0,2,3,7,0,1,1,2
4200,163,2025-11-21,174,12,9,1,10,1,3,0,1,0,1,2,4,1,2,0,0
4201,163,2025-11-21,175,12,9,1,11,4,4,2,1,0,1,2,3,0,1,0,0
4202,163,2025-11-21,176,12,9,1,10,3,2,0,1,0,1,2,5,1,2,0,0
4203,163,2025-11-21,177,12,9,1,16,4,5,3,1,0,0,2,4,0,1,1,1
4204,163,2025-11-21,178,12,9,1,9,4,0,1,0,0,1,1,3,0,1,1,1
4205,163,2025-11-21,180,12,9,1,11,4,2,1,0,0,0,1,3,0,1,0,0
4206,163,2025-11-21,121,9,12,0,37,23,5,1,1,1,4,8,14,2,6,2,3
4207,163,2025-11-21,122,9,12,0,35,23,8,2,1,1,2,6,12,2,4,3,5
4208,163,2025-11-21,123,9,12,0,28,7,5,3,0,0,1,3,6,1,2,1,1
4209,163,2025-11-21,124,9,12,0,22,6,1,0,1,0,1,3,7,1,2,1,1
4210,163,2025-11-21,125,9,12,0,27,11,2,2,1,1,2,4,8,1,3,1,1
4211,163,2025-11-21,126,9,12,0,26,13,7,4,1,1,0,3,6,0,1,2,2
4212,163,2025-11-21,127,9,12,0,25,11,7,3,0,1,2,4,7,1,2,1,1
4213,163,2025-11-21,128,9,12,0,35,15,7,4,1,1,1,3,8,0,1,1,1
4214,163,2025-11-21,130,9,12,0,14,3,2,1,1,0,0,1,2,0,1,0,0
4215,163,2025-11-21,132,9,12,0,17,6,3,1,1,0,1,2,3,0,1,0,0
4216,163,2025-11-21,133,9,12,0,4,4,2,0,1,0,2,1,2,0,0,0,0
4217,163,2025-11-21,135,9,12,0,18,5,2,2,0,0,1,1,2,0,1,1,1
4218,164,2025-11-21,1,1,20,1,33,25,9,3,2,0,4,6,12,2,4,3,4
4219,164,2025-11-21,2,1,20,1,30,14,6,4,2,0,1,4,9,1,3,1,2
4220,164,2025-11-21,3,1,20,1,29,6,5,3,0,1,1,2,4,0,0,1,1
4221,164,2025-11-21,4,1,20,1,30,5,4,3,1,0,0,2,4,0,1,1,1
4222,164,2025-11-21,5,1,20,1,18,6,6,2,1,1,1,3,6,1,3,1,1
4223,164,2025-11-21,6,1,20,1,26,6,5,5,1,0,1,2,3,0,1,1,1
4224,164,2025-11-21,7,1,20,1,20,8,3,2,0,0,2,3,5,0,1,1,1
4225,164,2025-11-21,8,1,20,1,25,9,3,1,1,0,2,3,5,0,1,1,2
4226,164,2025-11-21,9,1,20,1,4,1,0,1,1,0,0,2,3,0,1,0,0
4227,164,2025-11-21,10,1,20,1,16,6,2,2,1,0,0,3,6,1,3,0,0
4228,164,2025-11-21,11,1,20,1,4,3,2,1,0,0,0,2,4,0,1,1,1
4229,164,2025-11-21,13,1,20,1,17,4,6,0,1,0,1,1,2,0,0,0,0
4230,164,2025-11-21,14,1,20,1,7,5,2,2,0,0,1,2,4,0,1,1,1
4231,164,2025-11-21,15,1,20,1,17,3,1,1,1,0,1,0,1,0,0,0,0
4232,164,2025-11-21,286,20,1,0,40,14,2,6,2,1,4,5,9,1,3,1,1
4233,164,2025-11-21,287,20,1,0,35,17,3,5,1,1,4,4,8,1,2,2,3
4234,164,2025-11-21,288,20,1,0,31,9,0,4,1,1,2,4,8,1,3,2,2
4235,164,2025-11-21,289,20,1,0,18,9,7,2,0,0,2,2,5,0,1,1,2
4236,164,2025-11-21,290,20,1,0,28,9,0,1,1,1,1,3,6,1,3,1,2
4237,164,2025-11-21,291,20,1,0,21,11,1,4,1,0,2,4,8,1,3,1,1
4238,164,2025-11-21,292,20,1,0,27,11,4,3,0,0,1,5,9,1,3,3,3
4239,164,2025-11-21,293,20,1,0,28,14,7,2,0,0,2,3,7,1,3,1,1
4240,164,2025-11-21,296,20,1,0,12,1,2,1,1,0,0,2,3,0,1,0,0
4241,164,2025-11-21,297,20,1,0,11,7,1,2,0,0,1,4,7,1,2,1,1
4242,164,2025-11-21,298,20,1,0,18,6,3,1,0,0,1,3,6,1,2,1,1
4243,164,2025-11-21,299,20,1,0,9,1,0,1,1,0,0,0,1,0,0,0,0
4244,164,2025-11-21,300,20,1,0,13,7,2,0,1,0,1,3,6,1,2,1,1
4245,165,2025-11-21,151,11,5,1,41,12,6,2,2,1,5,2,6,0,1,2,3
4246,165,2025-11-21,152,11,5,1,37,20,3,0,2,0,2,6,13,1,2,3,3
4247,165,2025-11-21,153,11,5,1,20,8,2,3,1,0,0,2,5,1,2,1,1
4248,165,2025-11-21,154,11,5,1,21,8,6,1,1,1,1,3,7,0,1,2,2
4249,165,2025-11-21,155,11,5,1,18,3,6,3,0,0,2,2,3,0,1,1,1
4250,165,2025-11-21,156,11,5,1,28,7,5,2,1,1,1,3,5,0,1,0,0
4251,165,2025-11-21,157,11,5,1,22,5,4,2,1,0,2,2,5,1,2,1,1
4252,165,2025-11-21,158,11,5,1,23,8,1,2,1,1,2,3,6,1,3,2,2
4253,165,2025-11-21,159,11,5,1,18,3,2,2,0,0,1,2,5,0,1,1,1
4254,165,2025-11-21,161,11,5,1,13,6,3,0,0,0,1,2,5,0,1,1,1
4255,165,2025-11-21,163,11,5,1,7,2,4,0,0,0,0,1,2,0,1,0,0
4256,165,2025-11-21,164,11,5,1,11,6,2,1,1,0,1,2,4,0,1,1,1
4257,165,2025-11-21,61,5,11,0,32,16,7,5,2,1,3,4,8,0,1,1,2
4258,165,2025-11-21,62,5,11,0,32,17,8,1,0,1,2,5,10,0,1,3,3
4259,165,2025-11-21,63,5,11,0,21,11,11,3,1,0,3,4,9,1,2,1,1
4260,165,2025-11-21,64,5,11,0,25,8,3,3,1,1,2,4,8,0,1,1,1
4261,165,2025-11-21,65,5,11,0,22,9,2,4,1,1,2,3,6,0,1,1,1
4262,165,2025-11-21,66,5,11,0,31,8,5,3,0,1,0,3,6,1,2,2,2
4263,165,2025-11-21,67,5,11,0,18,10,7,2,1,1,1,4,8,1,3,1,2
4264,165,2025-11-21,68,5,11,0,29,3,3,1,0,0,2,2,4,0,1,1,1
4265,165,2025-11-21,69,5,11,0,16,5,3,0,0,0,1,2,4,0,1,1,1
4266,165,2025-11-21,70,5,11,0,13,5,2,3,0,0,1,2,4,0,1,0,0
4267,165,2025-11-21,73,5,11,0,4,4,5,1,0,0,1,2,3,0,0,1,1
4268,165,2025-11-21,74,5,11,0,8,6,4,2,1,0,1,3,7,1,3,1,1
4269,166,2025-11-21,151,11,20,1,29,25,9,6,1,1,3,7,13,1,2,3,4
4270,166,2025-11-21,152,11,20,1,26,25,11,5,1,0,4,9,16,1,2,2,3
4271,166,2025-11-21,153,11,20,1,22,11,3,5,1,1,2,3,5,0,1,1,2
4272,166,2025-11-21,154,11,20,1,22,7,3,1,1,0,1,4,7,0,1,2,2
4273,166,2025-11-21,155,11,20,1,26,7,4,1,1,1,2,1,3,0,0,1,1
4274,166,2025-11-21,156,11,20,1,30,8,3,0,1,0,1,5,8,0,1,1,2
4275,166,2025-11-21,157,11,20,1,26,11,5,2,1,0,1,3,6,0,1,1,2
4276,166,2025-11-21,158,11,20,1,34,11,6,3,1,1,1,5,9,1,3,1,2
4277,166,2025-11-21,159,11,20,1,11,2,0,0,1,0,1,3,5,0,1,0,0
4278,166,2025-11-21,160,11,20,1,14,4,0,0,0,0,1,3,6,0,1,1,1
4279,166,2025-11-21,161,11,20,1,9,7,3,2,1,0,1,2,4,0,1,1,1
4280,166,2025-11-21,162,11,20,1,19,2,4,2,0,0,1,2,5,0,1,0,0
4281,166,2025-11-21,163,11,20,1,8,4,2,1,0,0,1,2,6,0,1,1,1
4282,166,2025-11-21,165,11,20,1,11,2,1,2,1,0,0,1,1,0,0,0,0
4283,166,2025-11-21,286,20,11,0,31,20,4,2,1,0,1,5,11,1,4,4,5
4284,166,2025-11-21,287,20,11,0,28,21,8,3,1,1,2,4,10,2,4,2,2
4285,166,2025-11-21,288,20,11,0,21,15,7,3,1,1,2,3,7,1,2,3,4
4286,166,2025-11-21,289,20,11,0,27,11,1,1,1,1,2,3,6,1,2,2,3
4287,166,2025-11-21,290,20,11,0,16,10,4,2,0,1,2,4,8,0,1,1,2
4288,166,2025-11-21,291,20,11,0,15,11,6,2,0,1,0,5,8,1,3,2,2
4289,166,2025-11-21,292,20,11,0,28,11,4,0,1,1,1,4,8,1,3,2,2
4290,166,2025-11-21,293,20,11,0,13,14,5,0,1,0,1,5,9,1,2,2,2
4291,166,2025-11-21,294,20,11,0,8,3,0,1,0,0,0,2,5,0,1,0,0
4292,166,2025-11-21,295,20,11,0,24,6,3,2,1,0,1,2,3,0,1,1,1
4293,166,2025-11-21,296,20,11,0,8,2,2,2,1,0,1,2,4,0,1,0,0
4294,166,2025-11-21,299,20,11,0,16,8,2,2,1,0,0,3,8,1,2,1,1
4295,166,2025-11-21,300,20,11,0,7,2,4,0,0,0,1,2,4,0,1,0,0
4296,167,2025-11-21,91,7,4,1,28,13,4,2,1,1,2,3,8,0,1,2,2
4297,167,2025-11-21,92,7,4,1,30,24,10,3,1,0,5,5,11,1,5,3,4
4298,167,2025-11-21,93,7,4,1,29,6,4,2,0,1,1,2,6,1,2,0,0
4299,167,2025-11-21,94,7,4,1,19,10,4,3,1,1,2,3,7,1,3,1,1
4300,167,2025-11-21,95,7,4,1,24,7,7,1,1,0,1,2,5,1,2,1,1
4301,167,2025-11-21,96,7,4,1,12,12,2,4,0,0,3,4,10,1,3,3,3
4302,167,2025-11-21,97,7,4,1,20,9,6,1,1,0,2,4,8,0,1,2,2
4303,167,2025-11-21,98,7,4,1,21,6,1,1,0,0,2,1,3,0,0,1,1
4304,167,2025-11-21,99,7,4,1,15,9,2,0,1,0,1,2,6,1,2,2,2
4305,167,2025-11-21,100,7,4,1,20,7,0,0,0,0,1,2,5,1,2,0,0
4306,167,2025-11-21,101,7,4,1,9,7,0,2,1,0,0,2,4,1,2,1,1
4307,167,2025-11-21,103,7,4,1,10,6,2,1,1,1,1,2,4,0,1,0,0
4308,167,2025-11-21,104,7,4,1,10,6,3,0,1,0,1,2,5,1,2,1,1
4309,167,2025-11-21,46,4,7,0,33,14,6,9,2,0,2,6,11,1,3,2,2
4310,167,2025-11-21,47,4,7,0,27,27,8,6,1,1,3,6,14,1,3,4,5
4311,167,2025-11-21,48,4,7,0,27,6,3,2,0,0,0,1,3,0,1,1,1
4312,167,2025-11-21,49,4,7,0,17,9,3,1,1,0,3,3,6,1,2,2,2
4313,167,2025-11-21,50,4,7,0,24,6,8,4,0,0,1,2,5,1,2,1,1
4314,167,2025-11-21,51,4,7,0,16,7,10,3,1,0,1,3,7,1,2,2,2
4315,167,2025-11-21,52,4,7,0,29,9,6,1,1,1,2,3,6,1,2,1,1
4316,167,2025-11-21,53,4,7,0,25,10,1,2,1,1,1,5,9,1,2,1,1
4317,167,2025-11-21,54,4,7,0,10,2,3,1,0,0,0,0,1,0,0,0,0
4318,167,2025-11-21,55,4,7,0,18,6,1,1,0,0,1,4,7,1,2,1,1
4319,167,2025-11-21,57,4,7,0,9,5,2,0,1,0,1,2,4,0,1,0,0
4320,167,2025-11-21,58,4,7,0,15,5,0,1,0,0,0,1,3,0,1,1,1
4321,167,2025-11-21,59,4,7,0,7,5,2,0,0,0,2,1,2,0,1,1,1
4322,167,2025-11-21,60,4,7,0,17,0,2,1,1,0,1,1,2,0,0,0,0
4323,168,2025-11-21,31,3,16,1,34,28,7,4,2,1,3,7,14,1,3,5,7
4324,168,2025-11-21,32,3,16,1,32,34,7,3,1,0,2,9,18,1,2,4,5
4325,168,2025-11-21,33,3,16,1,12,12,4,2,1,0,1,2,6,0,1,1,1
4326,168,2025-11-21,34,3,16,1,15,5,6,3,0,1,1,1,3,0,0,1,1
4327,168,2025-11-21,35,3,16,1,27,11,5,3,1,0,1,2,6,0,1,1,2
4328,168,2025-11-21,36,3,16,1,25,5,3,3,1,0,2,1,2,0,1,1,1
4329,168,2025-11-21,37,3,16,1,26,9,6,3,0,0,2,2,4,1,2,2,2
4330,168,2025-11-21,38,3,16,1,20,7,3,4,0,0,1,2,6,1,2,1,1
4331,168,2025-11-21,39,3,16,1,7,4,3,1,0,0,0,2,3,0,1,0,0
4332,168,2025-11-21,42,3,16,1,9,6,3,1,0,0,0,2,5,1,2,0,0
4333,168,2025-11-21,43,3,16,1,16,3,3,1,0,0,0,1,2,0,0,0,0
4334,168,2025-11-21,226,16,3,0,27,8,9,6,1,1,3,3,7,0,1,1,1
4335,168,2025-11-21,227,16,3,0,35,25,6,5,1,1,4,7,14,2,5,4,5
4336,168,2025-11-21,228,16,3,0,25,5,6,5,2,0,2,3,6,1,2,1,1
4337,168,2025-11-21,229,16,3,0,25,11,3,4,1,0,2,5,9,1,3,2,3
4338,168,2025-11-21,230,16,3,0,26,10,5,2,1,0,2,2,6,1,3,1,1
4339,168,2025-11-21,231,16,3,0,20,14,5,2,1,1,1,3,8,0,1,2,3
4340,168,2025-11-21,232,16,3,0,19,5,6,3,1,0,0,3,6,0,1,0,0
4341,168,2025-11-21,233,16,3,0,16,14,6,2,1,0,1,6,11,1,2,3,3
4342,168,2025-11-21,234,16,3,0,14,9,1,2,0,0,1,3,7,1,3,1,2
4343,168,2025-11-21,237,16,3,0,9,4,2,0,1,0,1,3,5,0,1,0,0
4344,168,2025-11-21,239,16,3,0,15,6,2,0,0,1,1,3,5,1,2,1,1
4345,168,2025-11-21,240,16,3,0,8,5,5,0,0,1,2,3,6,0,1,0,0
4346,169,2025-11-22,406,28,10,1,38,10,3,2,0,0,3,3,5,1,2,1,1
4347,169,2025-11-22,407,28,10,1,28,9,4,3,1,1,2,2,4,0,1,2,2
4348,169,2025-11-22,408,28,10,1,23,6,7,3,0,0,1,3,6,0,1,1,1
4349,169,2025-11-22,409,28,10,1,23,9,0,5,1,0,1,3,5,0,1,1,2
4350,169,2025-11-22,410,28,10,1,25,5,5,2,0,0,2,2,5,0,1,1,1
4351,169,2025-11-22,411,28,10,1,23,12,3,0,1,0,1,4,9,1,3,1,1
4352,169,2025-11-22,412,28,10,1,16,2,5,3,1,0,1,2,5,0,1,0,0
4353,169,2025-11-22,413,28,10,1,30,8,3,4,1,0,0,2,4,0,1,2,2
4354,169,2025-11-22,414,28,10,1,18,4,2,1,1,0,1,3,5,0,1,1,1
4355,169,2025-11-22,417,28,10,1,18,3,1,0,1,0,0,2,3,0,0,1,1
4356,169,2025-11-22,418,28,10,1,15,3,3,0,0,0,0,1,1,0,0,1,1
4357,169,2025-11-22,419,28,10,1,14,4,4,0,1,0,1,3,5,0,1,1,1
4358,169,2025-11-22,136,10,28,0,37,20,6,4,1,0,1,6,11,1,2,4,5
4359,169,2025-11-22,137,10,28,0,32,17,3,7,1,1,2,5,12,1,3,1,2
4360,169,2025-11-22,138,10,28,0,31,7,6,3,0,1,1,3,5,1,2,2,2
4361,169,2025-11-22,139,10,28,0,21,11,7,3,0,0,1,4,8,1,3,1,1
4362,169,2025-11-22,140,10,28,0,23,11,6,0,0,0,2,3,6,1,3,1,1
4363,169,2025-11-22,141,10,28,0,23,11,4,3,0,0,0,3,8,0,1,1,1
4364,169,2025-11-22,142,10,28,0,32,11,6,4,0,0,1,3,6,1,2,1,2
4365,169,2025-11-22,143,10,28,0,24,3,7,2,2,0,3,2,4,0,1,1,1
4366,169,2025-11-22,144,10,28,0,4,4,1,1,1,0,1,2,5,1,2,1,1
4367,169,2025-11-22,145,10,28,0,18,4,3,0,0,0,0,3,6,1,2,1,1
4368,169,2025-11-22,146,10,28,0,4,5,0,1,0,0,0,2,3,0,1,1,1
4369,169,2025-11-22,147,10,28,0,4,4,3,1,1,0,0,1,2,0,1,1,1
4370,169,2025-11-22,148,10,28,0,16,3,3,2,1,0,1,2,4,1,2,1,1
4371,169,2025-11-22,150,10,28,0,13,5,0,1,0,0,1,3,5,0,1,1,1
4372,170,2025-11-22,196,14,21,1,26,24,7,9,2,1,5,6,11,1,2,1,2
4373,170,2025-11-22,197,14,21,1,32,26,6,9,1,1,1,6,16,2,5,4,6
4374,170,2025-11-22,198,14,21,1,14,10,2,2,1,0,2,4,8,1,3,1,1
4375,170,2025-11-22,199,14,21,1,21,9,5,2,0,1,1,4,8,1,2,1,1
4376,170,2025-11-22,200,14,21,1,21,6,5,4,1,0,1,3,5,1,2,1,1
4377,170,2025-11-22,201,14,21,1,27,7,5,1,1,0,2,2,4,0,1,1,1
4378,170,2025-11-22,202,14,21,1,15,6,5,1,1,1,2,2,4,0,1,1,1
4379,170,2025-11-22,203,14,21,1,18,9,1,3,0,0,3,3,7,1,2,2,2
4380,170,2025-11-22,204,14,21,1,9,8,2,0,1,0,2,3,8,1,2,1,1
4381,170,2025-11-22,205,14,21,1,13,6,3,0,0,0,1,2,4,0,1,1,1
4382,170,2025-11-22,206,14,21,1,12,0,1,3,0,0,0,1,2,0,1,0,0
4383,170,2025-11-22,207,14,21,1,9,6,4,0,0,0,0,2,3,0,1,1,1
4384,170,2025-11-22,210,14,21,1,12,4,2,2,1,1,0,2,4,0,1,1,1
4385,170,2025-11-22,301,21,14,0,29,15,6,8,1,0,3,4,9,1,3,2,3
4386,170,2025-11-22,302,21,14,0,29,16,7,4,1,0,1,4,9,0,1,1,1
4387,170,2025-11-22,303,21,14,0,18,15,5,1,0,0,2,5,11,2,5,2,2
4388,170,2025-11-22,304,21,14,0,29,13,5,3,0,0,1,4,7,0,1,2,3
4389,170,2025-11-22,305,21,14,0,16,9,3,1,0,1,2,2,5,0,1,2,2
4390,170,2025-11-22,306,21,14,0,20,10,2,0,1,0,2,2,5,0,1,1,2
4391,170,2025-11-22,307,21,14,0,14,6,4,4,1,1,2,2,4,0,1,1,1
4392,170,2025-11-22,308,21,14,0,38,7,4,4,1,0,3,2,5,1,2,1,1
4393,170,2025-11-22,310,21,14,0,6,6,1,1,1,0,1,1,3,0,1,1,1
4394,170,2025-11-22,311,21,14,0,11,2,2,1,1,0,0,1,2,0,1,0,0
4395,170,2025-11-22,312,21,14,0,8,1,1,0,1,0,0,0,1,0,0,0,0
4396,170,2025-11-22,313,21,14,0,6,2,4,2,1,0,0,2,5,0,1,0,0
4397,171,2025-11-22,391,27,5,1,34,21,3,3,0,1,4,6,11,2,4,4,5
4398,171,2025-11-22,392,27,5,1,41,20,7,4,1,0,2,5,11,1,4,3,4
4399,171,2025-11-22,393,27,5,1,19,13,8,1,0,1,1,4,7,0,1,2,3
4400,171,2025-11-22,394,27,5,1,22,11,0,5,1,1,1,3,8,1,3,1,1
4401,171,2025-11-22,395,27,5,1,22,10,1,2,1,0,1,4,9,2,4,1,1
4402,171,2025-11-22,396,27,5,1,13,3,4,4,1,0,0,2,4,0,0,1,1
4403,171,2025-11-22,397,27,5,1,25,8,0,3,1,0,1,3,6,1,2,2,2
4404,171,2025-11-22,398,27,5,1,22,7,4,1,1,1,1,3,6,0,1,1,1
4405,171,2025-11-22,399,27,5,1,4,1,0,1,1,0,0,1,1,0,0,0,0
4406,171,2025-11-22,400,27,5,1,12,5,5,1,0,0,0,2,5,1,2,1,1
4407,171,2025-11-22,402,27,5,1,17,2,3,1,0,0,0,1,2,0,1,0,0
4408,171,2025-11-22,404,27,5,1,13,4,1,1,0,0,1,1,2,0,1,1,1
4409,171,2025-11-22,405,27,5,1,7,1,2,1,0,0,1,0,1,0,0,0,0
4410,171,2025-11-22,61,5,27,0,37,27,6,9,1,0,2,9,16,2,6,3,4
4411,171,2025-11-22,62,5,27,0,30,28,2,2,2,0,3,7,13,2,5,4,5
4412,171,2025-11-22,63,5,27,0,20,8,1,2,1,0,1,2,4,0,1,1,1
4413,171,2025-11-22,64,5,27,0,28,9,0,2,0,0,2,3,8,1,3,1,1
4414,171,2025-11-22,65,5,27,0,23,7,0,0,1,0,2,2,3,0,1,1,1
4415,171,2025-11-22,66,5,27,0,16,7,9,0,0,0,2,3,6,1,2,1,1
4416,171,2025-11-22,67,5,27,0,29,9,6,1,1,0,3,3,6,1,2,1,1
4417,171,2025-11-22,68,5,27,0,16,12,9,5,1,0,1,5,10,0,1,2,2
4418,171,2025-11-22,69,5,27,0,8,5,1,1,0,0,1,1,2,0,1,0,0
4419,171,2025-11-22,70,5,27,0,9,4,4,0,0,0,2,2,3,0,1,0,0
4420,171,2025-11-22,71,5,27,0,8,5,4,0,0,0,1,1,2,0,1,1,1
4421,171,2025-11-22,74,5,27,0,10,2,1,0,1,0,1,1,1,0,0,0,0
4422,171,2025-11-22,75,5,27,0,19,0,1,1,0,0,1,1,2,0,1,0,0
4423,172,2025-11-22,256,18,1,1,31,28,6,6,1,0,3,8,17,2,4,1,2
4424,172,2025-11-22,257,18,1,1,34,27,6,3,2,1,3,5,14,2,6,2,3
4425,172,2025-11-22,258,18,1,1,33,10,5,2,1,1,2,3,6,1,2,1,1
4426,172,2025-11-22,259,18,1,1,29,7,2,3,0,1,1,1,3,0,1,1,1
4427,172,2025-11-22,260,18,1,1,23,10,5,4,0,0,1,4,8,1,3,2,2
4428,172,2025-11-22,261,18,1,1,26,11,6,3,0,0,1,4,8,1,3,2,3
4429,172,2025-11-22,262,18,1,1,28,6,5,2,1,1,2,2,5,1,2,1,1
4430,172,2025-11-22,263,18,1,1,25,6,6,2,0,1,2,3,7,0,1,1,1
4431,172,2025-11-22,264,18,1,1,16,5,1,1,0,0,1,2,3,0,1,0,0
4432,172,2025-11-22,265,18,1,1,16,6,3,1,0,0,0,2,5,0,1,1,1
4433,172,2025-11-22,266,18,1,1,15,2,0,2,1,0,0,2,3,0,1,0,0
4434,172,2025-11-22,267,18,1,1,7,7,1,2,0,0,2,2,4,1,2,1,1
4435,172,2025-11-22,268,18,1,1,18,0,2,0,1,0,1,1,1,0,0,0,0
4436,172,2025-11-22,269,18,1,1,11,4,0,0,0,0,1,2,5,1,2,1,1
4437,172,2025-11-22,270,18,1,1,13,2,2,1,1,0,1,2,5,0,1,0,0
4438,172,2025-11-22,1,1,18,0,37,28,6,8,1,0,2,6,13,1,2,2,2
4439,172,2025-11-22,2,1,18,0,27,23,6,3,1,0,2,6,12,1,2,4,5
4440,172,2025-11-22,3,1,18,0,28,6,0,0,1,0,1,2,4,1,2,1,1
4441,172,2025-11-22,4,1,18,0,26,10,2,0,1,0,2,4,8,1,3,1,1
4442,172,2025-11-22,5,1,18,0,24,11,10,1,1,1,2,4,7,0,1,1,2
4443,172,2025-11-22,6,1,18,0,22,9,0,0,1,1,3,3,8,1,3,2,2
4444,172,2025-11-22,7,1,18,0,29,6,5,0,1,0,1,2,5,1,2,1,1
4445,172,2025-11-22,8,1,18,0,24,8,6,3,1,0,2,3,8,1,2,1,1
4446,172,2025-11-22,9,1,18,0,18,4,1,0,0,0,1,2,4,0,1,0,0
4447,172,2025-11-22,12,1,18,0,16,0,3,0,0,0,1,1,3,0,1,0,0
4448,172,2025-11-22,13,1,18,0,9,5,2,1,0,0,1,2,4,0,1,1,1
4449,172,2025-11-22,14,1,18,0,14,2,3,0,0,0,1,1,3,0,1,0,0
4450,172,2025-11-22,15,1,18,0,9,5,3,0,1,0,1,2,4,0,1,1,1
4451,173,2025-11-22,271,19,25,1,28,15,8,3,1,1,3,4,8,0,1,4,4
4452,173,2025-11-22,272,19,25,1,30,18,5,6,2,0,3,5,11,1,2,4,4
4453,173,2025-11-22,273,19,25,1,26,6,3,3,1,1,1,3,6,1,2,1,1
4454,173,2025-11-22,274,19,25,1,33,15,5,3,1,1,1,4,7,1,3,3,3
4455,173,2025-11-22,275,19,25,1,25,12,6,3,0,1,2,2,6,0,1,1,2
4456,173,2025-11-22,276,19,25,1,26,6,6,5,0,1,1,2,4,0,1,1,1
4457,173,2025-11-22,277,19,25,1,26,11,6,3,0,0,1,2,6,0,1,2,3
4458,173,2025-11-22,278,19,25,1,23,7,7,1,1,0,2,2,4,0,1,1,1
4459,173,2025-11-22,279,19,25,1,11,0,2,1,0,1,0,2,4,0,1,0,0
4460,173,2025-11-22,281,19,25,1,5,7,0,0,1,0,0,2,4,0,1,1,1
4461,173,2025-11-22,283,19,25,1,11,3,3,2,0,0,1,1,2,0,1,0,0
4462,173,2025-11-22,284,19,25,1,18,2,3,0,0,0,1,2,3,0,1,0,0
4463,173,2025-11-22,361,25,19,0,32,26,8,4,2,1,4,7,14,2,6,2,3
4464,173,2025-11-22,362,25,19,0,36,26,3,5,1,1,4,6,14,2,5,3,3
4465,173,2025-11-22,363,25,19,0,31,6,6,3,1,1,3,3,6,1,2,0,0
4466,173,2025-11-22,364,25,19,0,29,2,2,2,1,0,2,2,4,0,1,0,0
4467,173,2025-11-22,365,25,19,0,23,5,4,1,1,0,2,3,6,0,1,1,1
4468,173,2025-11-22,366,25,19,0,26,8,6,3,0,0,2,3,7,1,3,2,2
4469,173,2025-11-22,367,25,19,0,12,11,4,4,1,0,0,2,5,0,1,1,1
4470,173,2025-11-22,368,25,19,0,20,18,10,3,1,0,1,6,12,1,3,3,4
4471,173,2025-11-22,369,25,19,0,17,2,2,0,0,0,0,2,3,0,1,0,0
4472,173,2025-11-22,370,25,19,0,19,4,1,0,1,0,2,2,3,0,1,1,1
4473,173,2025-11-22,372,25,19,0,18,3,1,0,1,0,1,1,2,0,1,0,0
4474,173,2025-11-22,374,25,19,0,4,1,1,1,1,0,1,1,2,0,0,0,0
4475,173,2025-11-22,375,25,19,0,9,2,1,2,0,0,1,2,4,0,1,0,0
4476,174,2025-11-22,121,9,23,1,34,16,5,5,2,1,3,5,9,1,3,3,4
4477,174,2025-11-22,122,9,23,1,26,9,10,7,0,1,1,2,4,0,1,1,1
4478,174,2025-11-22,123,9,23,1,23,6,7,3,1,0,2,1,3,0,1,0,0
4479,174,2025-11-22,124,9,23,1,23,15,2,1,1,1,1,5,10,1,2,2,3
4480,174,2025-11-22,125,9,23,1,25,3,2,3,1,0,2,1,1,0,0,1,1
4481,174,2025-11-22,126,9,23,1,21,10,5,3,1,0,1,4,9,1,3,1,2
4482,174,2025-11-22,127,9,23,1,27,4,3,2,0,1,2,2,6,0,1,1,1
4483,174,2025-11-22,128,9,23,1,25,15,4,0,1,0,1,4,8,0,1,1,2
4484,174,2025-11-22,129,9,23,1,10,2,1,2,1,0,1,2,5,1,2,0,0
4485,174,2025-11-22,130,9,23,1,7,3,1,0,0,0,0,2,4,0,1,1,1
4486,174,2025-11-22,131,9,23,1,16,3,4,3,1,0,0,0,1,0,0,1,1
4487,174,2025-11-22,133,9,23,1,9,1,2,1,0,0,0,1,3,0,1,0,0
4488,174,2025-11-22,134,9,23,1,13,3,0,0,1,0,1,3,5,0,1,1,1
4489,174,2025-11-22,135,9,23,1,7,3,1,0,1,0,1,2,4,0,1,0,0
4490,174,2025-11-22,331,23,9,0,39,15,5,8,2,1,3,5,10,1,2,1,2
4491,174,2025-11-22,332,23,9,0,39,12,5,7,1,0,3,5,10,1,3,2,2
4492,174,2025-11-22,333,23,9,0,28,0,3,0,0,0,2,1,2,0,1,0,0
4493,174,2025-11-22,334,23,9,0,27,7,4,5,1,0,1,2,4,0,1,2,2
4494,174,2025-11-22,335,23,9,0,21,7,3,5,1,0,2,2,4,0,1,1,2
4495,174,2025-11-22,336,23,9,0,17,12,10,1,1,1,1,5,10,1,2,2,3
4496,174,2025-11-22,337,23,9,0,25,14,8,0,1,0,2,6,10,0,1,2,2
4497,174,2025-11-22,338,23,9,0,21,12,3,1,1,0,1,4,10,2,4,2,3
4498,174,2025-11-22,340,23,9,0,14,6,2,3,0,0,1,2,4,0,1,1,1
4499,174,2025-11-22,341,23,9,0,8,4,2,1,0,0,1,2,4,0,1,1,1
4500,174,2025-11-22,342,23,9,0,8,5,3,1,0,1,1,1,2,0,0,1,1
4501,174,2025-11-22,343,23,9,0,19,6,2,0,0,1,0,3,6,1,3,1,1
4502,174,2025-11-22,344,23,9,0,24,4,1,1,0,0,1,2,4,1,2,1,1
4503,175,2025-11-23,16,2,24,1,29,21,4,5,2,1,0,5,12,2,4,3,4
4504,175,2025-11-23,17,2,24,1,34,26,10,5,2,1,2,9,16,1,3,4,5
4505,175,2025-11-23,18,2,24,1,27,10,5,3,1,0,1,3,6,1,2,1,2
4506,175,2025-11-23,19,2,24,1,26,8,1,3,1,1,1,2,4,0,1,1,1
4507,175,2025-11-23,20,2,24,1,27,9,2,0,1,0,1,3,6,1,2,1,1
4508,175,2025-11-23,21,2,24,1,17,11,2,2,1,0,2,2,5,1,2,1,1
4509,175,2025-11-23,22,2,24,1,22,8,2,1,1,0,2,4,8,0,1,1,1
4510,175,2025-11-23,23,2,24,1,23,7,6,2,1,0,1,3,6,0,1,1,1
4511,175,2025-11-23,24,2,24,1,4,0,5,1,1,0,0,1,3,0,1,0,0
4512,175,2025-11-23,26,2,24,1,17,2,3,0,1,0,1,2,3,0,1,0,0
4513,175,2025-11-23,30,2,24,1,15,6,1,1,1,0,1,2,4,0,0,1,1
4514,175,2025-11-23,346,24,2,0,32,29,9,9,1,1,2,7,15,1,4,4,5
4515,175,2025-11-23,347,24,2,0,37,30,14,8,0,1,4,5,14,1,3,5,7
4516,175,2025-11-23,348,24,2,0,25,16,2,3,1,0,2,4,8,0,1,2,2
4517,175,2025-11-23,349,24,2,0,19,10,4,3,1,0,0,5,9,1,3,1,2
4518,175,2025-11-23,350,24,2,0,21,12,6,4,0,1,1,5,10,1,4,2,2
4519,175,2025-11-23,351,24,2,0,28,4,3,2,1,1,1,3,6,0,1,1,1
4520,175,2025-11-23,352,24,2,0,22,14,6,2,2,0,1,5,9,1,2,2,2
4521,175,2025-11-23,353,24,2,0,30,10,4,4,1,0,2,2,6,1,2,2,2
4522,175,2025-11-23,356,24,2,0,10,4,4,1,1,0,0,3,6,1,2,0,0
4523,175,2025-11-23,358,24,2,0,7,2,0,2,1,0,1,2,4,0,1,0,0
4524,176,2025-11-23,421,29,8,1,34,31,4,1,0,0,3,6,16,2,7,5,7
4525,176,2025-11-23,422,29,8,1,44,21,8,5,1,0,4,4,11,1,4,4,5
4526,176,2025-11-23,423,29,8,1,27,9,4,2,1,0,1,4,7,0,1,2,2
4527,176,2025-11-23,424,29,8,1,18,11,7,5,0,0,1,3,5,0,1,2,2
4528,176,2025-11-23,425,29,8,1,31,10,4,1,1,0,0,3,8,1,2,2,2
4529,176,2025-11-23,426,29,8,1,22,5,2,3,1,1,1,2,6,1,2,1,1
4530,176,2025-11-23,427,29,8,1,25,8,3,2,2,0,1,4,7,1,2,2,2
4531,176,2025-11-23,428,29,8,1,24,8,6,4,1,0,1,3,5,0,1,2,2
4532,176,2025-11-23,429,29,8,1,6,3,3,0,0,0,0,1,2,0,1,1,1
4533,176,2025-11-23,431,29,8,1,12,3,1,0,1,0,2,2,4,0,1,1,1
4534,176,2025-11-23,432,29,8,1,10,7,3,1,0,0,0,3,7,0,1,1,1
4535,176,2025-11-23,434,29,8,1,17,5,2,0,0,0,1,1,2,0,1,1,1
4536,176,2025-11-23,435,29,8,1,15,3,3,2,1,0,1,2,3,0,0,0,0
4537,176,2025-11-23,106,8,29,0,34,29,7,6,1,0,3,7,15,1,4,4,6
4538,176,2025-11-23,107,8,29,0,39,25,8,8,1,2,5,8,15,2,6,3,3
4539,176,2025-11-23,108,8,29,0,16,6,6,4,1,0,2,3,7,1,2,1,1
4540,176,2025-11-23,109,8,29,0,23,12,7,0,0,0,2,4,10,1,4,2,3
4541,176,2025-11-23,110,8,29,0,26,9,2,2,1,1,2,4,7,1,2,1,1
4542,176,2025-11-23,111,8,29,0,27,15,3,1,1,0,2,4,11,1,4,3,4
4543,176,2025-11-23,112,8,29,0,20,11,9,0,1,0,1,2,5,0,1,2,2
4544,176,2025-11-23,113,8,29,0,21,4,3,5,1,1,3,1,2,0,1,0,0
4545,176,2025-11-23,114,8,29,0,14,6,4,2,1,0,0,3,5,0,1,1,1
4546,176,2025-11-23,115,8,29,0,18,1,2,1,1,0,1,2,4,0,1,0,0
4547,176,2025-11-23,116,8,29,0,13,5,3,1,0,0,1,1,3,0,0,1,1
4548,176,2025-11-23,117,8,29,0,16,5,2,0,0,0,1,2,5,1,2,1,1
4549,176,2025-11-23,118,8,29,0,10,5,2,1,0,0,0,2,6,0,1,0,0
4550,176,2025-11-23,119,8,29,0,12,6,3,1,1,0,0,3,6,0,1,1,1
4551,176,2025-11-23,120,8,29,0,22,4,3,2,0,0,1,2,4,0,1,0,0
4552,177,2025-11-23,166,12,26,1,27,20,6,5,1,0,3,5,10,1,3,2,2
4553,177,2025-11-23,167,12,26,1,32,25,5,3,1,1,3,6,16,1,3,3,4
4554,177,2025-11-23,168,12,26,1,26,5,3,0,1,0,1,3,5,1,2,1,1
4555,177,2025-11-23,169,12,26,1,25,10,4,2,0,1,1,3,5,1,2,2,2
4556,177,2025-11-23,170,12,26,1,27,9,4,2,0,1,2,3,7,1,3,2,2
4557,177,2025-11-23,171,12,26,1,26,11,3,3,1,1,2,3,5,1,2,2,2
4558,177,2025-11-23,172,12,26,1,22,8,5,2,1,0,1,3,7,0,1,1,1
4559,177,2025-11-23,173,12,26,1,25,11,9,2,0,1,1,4,7,1,2,2,2
4560,177,2025-11-23,176,12,26,1,7,4,2,1,1,0,0,1,2,0,0,0,0
4561,177,2025-11-23,177,12,26,1,19,4,3,0,0,0,1,3,6,1,2,1,1
4562,177,2025-11-23,178,12,26,1,4,0,0,2,1,0,2,0,1,0,0,0,0
4563,177,2025-11-23,179,12,26,1,7,9,3,2,1,0,1,4,8,1,3,1,1
4564,177,2025-11-23,180,12,26,1,4,3,3,0,0,0,2,2,5,0,1,0,0
4565,177,2025-11-23,376,26,12,0,35,5,5,2,2,1,2,3,5,1,2,0,0
4566,177,2025-11-23,377,26,12,0,33,18,5,4,1,1,3,6,12,1,2,3,4
4567,177,2025-11-23,378,26,12,0,27,11,6,7,1,1,2,4,8,1,2,1,1
4568,177,2025-11-23,379,26,12,0,26,9,4,2,0,0,0,2,5,1,2,1,2
4569,177,2025-11-23,380,26,12,0,31,9,8,3,1,1,1,3,8,1,2,1,1
4570,177,2025-11-23,381,26,12,0,25,15,2,0,1,0,0,3,8,1,3,1,1
4571,177,2025-11-23,382,26,12,0,34,17,8,5,1,0,0,6,10,1,2,1,1
4572,177,2025-11-23,383,26,12,0,36,11,7,1,2,0,1,4,8,1,2,1,1
4573,177,2025-11-23,384,26,12,0,7,8,2,1,1,0,1,2,5,1,2,1,1
4574,177,2025-11-23,385,26,12,0,4,1,3,1,1,0,2,1,2,0,1,0,0
4575,177,2025-11-23,386,26,12,0,14,6,2,0,1,0,1,2,3,0,0,1,1
4576,177,2025-11-23,387,26,12,0,7,2,1,0,0,0,1,2,5,1,2,0,0
4577,177,2025-11-23,388,26,12,0,8,4,1,2,0,0,1,3,5,1,2,1,1
4578,177,2025-11-23,389,26,12,0,10,5,4,0,1,0,1,2,4,0,1,0,0
4579,177,2025-11-23,390,26,12,0,12,2,1,1,1,0,0,2,4,0,1,0,0
4580,178,2025-11-23,76,6,15,1,40,18,8,8,1,1,4,6,12,2,5,2,3
4581,178,2025-11-23,77,6,15,1,31,17,10,10,0,1,3,5,12,1,2,3,3
4582,178,2025-11-23,78,6,15,1,22,12,4,2,0,0,1,4,8,1,3,1,1
4583,178,2025-11-23,79,6,15,1,21,9,6,0,0,0,1,3,6,0,1,1,1
4584,178,2025-11-23,80,6,15,1,28,5,4,3,0,0,1,2,5,0,1,0,0
4585,178,2025-11-23,81,6,15,1,19,8,0,2,1,0,1,3,5,0,1,1,1
4586,178,2025-11-23,82,6,15,1,21,7,6,3,1,1,1,3,7,0,1,1,1
4587,178,2025-11-23,83,6,15,1,23,12,7,3,1,1,0,5,10,1,4,1,1
4588,178,2025-11-23,84,6,15,1,16,2,3,1,1,0,0,0,1,0,0,0,0
4589,178,2025-11-23,86,6,15,1,11,6,1,0,0,0,0,2,4,0,1,1,1
4590,178,2025-11-23,87,6,15,1,12,5,3,1,0,0,0,2,4,0,0,1,1
4591,178,2025-11-23,88,6,15,1,5,4,2,2,1,0,1,1,2,0,0,1,1
4592,178,2025-11-23,89,6,15,1,10,5,2,2,1,0,0,1,2,0,0,1,1
4593,178,2025-11-23,90,6,15,1,12,7,5,1,0,1,1,3,7,0,1,1,1
4594,178,2025-11-23,211,15,6,0,36,14,7,7,1,1,2,6,11,1,3,2,3
4595,178,2025-11-23,212,15,6,0,40,25,9,1,1,0,5,8,14,1,2,3,4
4596,178,2025-11-23,213,15,6,0,25,11,4,3,1,1,1,4,8,1,2,2,3
4597,178,2025-11-23,214,15,6,0,8,6,2,2,1,1,0,4,7,1,3,1,1
4598,178,2025-11-23,215,15,6,0,18,10,4,4,1,0,1,2,5,0,1,1,1
4599,178,2025-11-23,216,15,6,0,17,8,5,3,1,0,1,4,8,1,3,2,2
4600,178,2025-11-23,217,15,6,0,18,10,3,5,1,0,2,4,8,0,1,1,2
4601,178,2025-11-23,218,15,6,0,12,9,2,4,0,0,1,3,6,1,2,0,0
4602,178,2025-11-23,219,15,6,0,6,3,1,1,1,0,1,1,2,0,1,0,0
4603,178,2025-11-23,223,15,6,0,17,2,2,1,0,0,0,1,2,0,1,0,0
4604,178,2025-11-23,224,15,6,0,11,4,4,2,0,0,0,2,4,0,1,1,1
4605,179,2025-11-23,181,13,17,1,30,22,8,9,1,0,5,8,14,2,4,2,3
4606,179,2025-11-23,182,13,17,1,30,25,3,5,2,1,2,7,13,0,1,4,5
4607,179,2025-11-23,183,13,17,1,22,11,5,1,1,0,2,3,5,0,1,1,2
4608,179,2025-11-23,184,13,17,1,16,9,1,5,1,0,1,4,7,0,1,1,1
4609,179,2025-11-23,185,13,17,1,33,6,7,3,0,0,2,3,5,0,1,1,1
4610,179,2025-11-23,186,13,17,1,24,7,2,3,1,0,2,1,3,0,0,0,0
4611,179,2025-11-23,187,13,17,1,21,9,5,3,0,0,1,3,7,1,2,1,2
4612,179,2025-11-23,188,13,17,1,21,13,3,1,1,1,1,4,8,1,3,2,2
4613,179,2025-11-23,189,13,17,1,4,5,2,0,1,1,0,2,3,0,1,0,0
4614,179,2025-11-23,191,13,17,1,15,7,3,2,1,0,2,2,3,0,1,1,1
4615,179,2025-11-23,193,13,17,1,13,7,2,1,1,0,0,3,5,1,2,1,1
4616,179,2025-11-23,241,17,13,0,30,20,10,2,2,1,3,7,14,1,2,1,2
4617,179,2025-11-23,242,17,13,0,37,17,2,7,2,1,2,6,11,1,3,2,3
4618,179,2025-11-23,243,17,13,0,28,13,10,4,1,0,1,4,9,0,1,1,1
4619,179,2025-11-23,244,17,13,0,27,12,7,4,1,1,0,3,7,0,1,1,1
4620,179,2025-11-23,245,17,13,0,29,8,4,1,1,0,1,3,7,0,1,0,0
4621,179,2025-11-23,246,17,13,0,28,12,3,2,0,1,2,4,9,1,3,2,3
4622,179,2025-11-23,247,17,13,0,31,5,9,2,1,1,1,2,3,0,1,1,1
4623,179,2025-11-23,248,17,13,0,23,10,5,0,0,0,1,2,5,0,1,1,2
4624,179,2025-11-23,249,17,13,0,10,7,4,1,1,0,1,2,3,0,1,1,1
4625,179,2025-11-23,250,17,13,0,5,4,0,1,0,0,1,1,3,0,1,1,1
4626,179,2025-11-23,251,17,13,0,23,1,4,1,1,0,1,0,1,0,0,0,0
4627,179,2025-11-23,252,17,13,0,10,1,3,0,1,0,1,2,4,1,2,0,0
4628,179,2025-11-23,253,17,13,0,12,4,2,1,1,0,0,3,6,1,2,1,1
4629,179,2025-11-23,254,17,13,0,15,3,3,2,0,0,1,1,2,0,0,0,0
4630,179,2025-11-23,255,17,13,0,19,6,0,1,0,0,1,3,7,1,3,0,0
4631,180,2025-11-23,316,22,30,1,27,16,5,2,1,0,4,5,11,1,2,2,3
4632,180,2025-11-23,317,22,30,1,29,17,3,3,2,0,3,6,12,1,3,2,2
4633,180,2025-11-23,318,22,30,1,27,3,0,3,1,1,2,1,2,0,0,0,0
4634,180,2025-11-23,319,22,30,1,19,11,6,4,1,0,2,3,7,1,2,1,1
4635,180,2025-11-23,320,22,30,1,20,6,6,2,1,0,2,1,3,0,1,1,1
4636,180,2025-11-23,321,22,30,1,18,13,3,2,1,1,0,5,10,1,4,1,2
4637,180,2025-11-23,322,22,30,1,22,0,1,0,1,0,1,2,4,0,1,0,0
4638,180,2025-11-23,323,22,30,1,20,10,6,1,1,1,2,2,5,0,1,1,2
4639,180,2025-11-23,324,22,30,1,4,8,3,0,0,0,1,3,7,0,1,1,1
4640,180,2025-11-23,326,22,30,1,12,4,0,2,0,1,1,2,3,0,1,0,0
4641,180,2025-11-23,327,22,30,1,7,5,3,0,1,0,0,2,6,0,1,1,1
4642,180,2025-11-23,328,22,30,1,14,4,2,1,1,0,1,2,3,0,1,1,1
4643,180,2025-11-23,329,22,30,1,19,5,3,2,1,0,1,1,3,0,1,0,0
4644,180,2025-11-23,330,22,30,1,15,5,2,1,0,0,0,2,4,0,1,1,1
4645,180,2025-11-23,436,30,22,0,37,18,6,5,2,1,3,5,10,1,4,3,4
4646,180,2025-11-23,437,30,22,0,36,30,5,4,1,1,3,8,16,2,6,4,5
4647,180,2025-11-23,438,30,22,0,23,7,5,1,1,1,2,2,4,0,1,0,0
4648,180,2025-11-23,439,30,22,0,22,9,3,2,1,0,2,2,4,0,1,1,1
4649,180,2025-11-23,440,30,22,0,21,8,4,0,1,1,3,2,4,0,1,1,1
4650,180,2025-11-23,441,30,22,0,24,11,4,1,1,0,2,3,6,0,1,1,2
4651,180,2025-11-23,442,30,22,0,19,8,11,2,1,0,0,4,7,1,3,2,2
4652,180,2025-11-23,443,30,22,0,11,10,4,0,1,1,2,4,8,1,2,1,1
4653,180,2025-11-23,444,30,22,0,10,5,2,2,0,0,1,2,4,1,2,1,1
4654,180,2025-11-23,446,30,22,0,6,5,3,0,0,0,1,1,2,0,1,1,1
4655,180,2025-11-23,447,30,22,0,17,3,1,2,0,0,2,1,2,0,0,1,1
4656,180,2025-11-23,448,30,22,0,18,6,2,3,0,0,1,2,3,0,1,1,1
4657,180,2025-11-23,450,30,22,0,10,4,2,1,1,0,1,1,3,0,1,1,1
4658,181,2025-11-24,331,23,26,1,32,22,7,4,1,1,5,6,14,2,4,1,1
4659,181,2025-11-24,332,23,26,1,32,14,9,1,1,0,4,4,8,0,1,1,2
4660,181,2025-11-24,333,23,26,1,29,15,3,1,2,1,1,3,7,0,1,1,2
4661,181,2025-11-24,334,23,26,1,30,9,3,1,0,0,3,4,8,0,1,2,2
4662,181,2025-11-24,335,23,26,1,25,9,6,1,1,0,1,3,8,1,3,1,1
4663,181,2025-11-24,336,23,26,1,18,4,6,1,1,0,1,1,2,0,1,0,0
4664,181,2025-11-24,337,23,26,1,32,7,6,1,1,1,0,4,7,1,2,1,2
4665,181,2025-11-24,338,23,26,1,17,11,4,1,1,0,1,4,9,1,3,3,3
4666,181,2025-11-24,339,23,26,1,9,1,4,2,1,0,0,1,3,0,1,0,0
4667,181,2025-11-24,342,23,26,1,10,2,2,1,1,0,0,0,1,0,0,0,0
4668,181,2025-11-24,344,23,26,1,13,6,0,2,1,0,1,2,4,0,1,1,1
4669,181,2025-11-24,345,23,26,1,16,1,3,2,1,0,1,2,4,0,1,0,0
4670,181,2025-11-24,376,26,23,0,40,22,10,0,1,1,4,5,13,1,3,3,5
4671,181,2025-11-24,377,26,23,0,28,20,3,6,1,1,3,5,10,1,3,3,4
4672,181,2025-11-24,378,26,23,0,29,7,4,3,0,0,2,2,3,0,1,0,0
4673,181,2025-11-24,379,26,23,0,32,9,2,3,0,0,1,5,8,1,3,1,1
4674,181,2025-11-24,380,26,23,0,24,8,6,2,1,0,1,3,6,0,1,0,0
4675,181,2025-11-24,381,26,23,0,26,4,4,2,1,0,1,2,4,1,2,0,0
4676,181,2025-11-24,382,26,23,0,17,9,5,1,0,1,2,2,4,0,1,2,2
4677,181,2025-11-24,383,26,23,0,18,12,1,5,1,1,1,3,8,1,2,1,1
4678,181,2025-11-24,385,26,23,0,12,6,2,1,0,1,1,3,7,1,2,0,0
4679,181,2025-11-24,386,26,23,0,19,2,1,3,1,1,0,1,3,0,1,0,0
4680,181,2025-11-24,388,26,23,0,13,4,1,1,0,0,1,3,6,1,2,1,1
4681,181,2025-11-24,389,26,23,0,4,3,2,0,1,0,1,2,4,0,1,0,0
4682,181,2025-11-24,390,26,23,0,5,8,2,1,1,0,1,3,6,0,1,1,1
4683,182,2025-11-24,91,7,9,1,35,20,5,1,1,1,3,5,10,1,3,3,4
4684,182,2025-11-24,92,7,9,1,36,24,12,8,1,1,4,6,13,1,3,2,2
4685,182,2025-11-24,93,7,9,1,24,15,2,2,2,0,0,4,7,0,1,1,1
4686,182,2025-11-24,94,7,9,1,17,8,5,3,0,0,1,3,6,0,1,1,1
4687,182,2025-11-24,95,7,9,1,36,11,3,1,1,0,1,3,7,1,3,1,2
4688,182,2025-11-24,96,7,9,1,30,9,3,1,0,0,2,2,4,0,1,1,1
4689,182,2025-11-24,97,7,9,1,25,9,7,4,1,1,3,4,7,0,1,2,2
4690,182,2025-11-24,98,7,9,1,33,10,3,2,1,0,1,4,9,0,1,1,1
4691,182,2025-11-24,102,7,9,1,8,6,1,1,0,0,1,2,5,1,2,0,0
4692,182,2025-11-24,103,7,9,1,4,3,2,2,1,0,1,1,2,0,0,0,0
4693,182,2025-11-24,121,9,7,0,29,18,9,3,1,0,2,6,11,1,4,2,2
4694,182,2025-11-24,122,9,7,0,34,19,3,2,1,1,3,4,9,1,3,1,2
4695,182,2025-11-24,123,9,7,0,23,4,3,4,1,0,1,3,6,1,2,1,1
4696,182,2025-11-24,124,9,7,0,28,3,4,1,0,0,1,1,2,0,0,1,1
4697,182,2025-11-24,125,9,7,0,27,7,4,3,1,1,2,1,3,0,1,1,2
4698,182,2025-11-24,126,9,7,0,20,7,6,3,1,1,1,3,6,1,2,0,0
4699,182,2025-11-24,127,9,7,0,25,6,3,1,1,0,2,2,3,0,0,0,0
4700,182,2025-11-24,128,9,7,0,22,14,5,1,1,0,2,4,7,0,1,2,3
4701,182,2025-11-24,134,9,7,0,11,2,3,3,0,0,1,1,1,0,0,0,0
4702,182,2025-11-24,135,9,7,0,12,3,1,0,1,0,2,1,2,0,0,1,1
4703,183,2025-11-24,271,19,25,1,36,19,7,9,2,0,3,6,11,1,3,3,4
4704,183,2025-11-24,272,19,25,1,38,18,8,4,1,0,1,4,11,1,4,4,4
4705,183,2025-11-24,273,19,25,1,21,10,4,3,1,0,2,4,7,0,1,2,2
4706,183,2025-11-24,274,19,25,1,27,10,4,2,0,1,1,4,7,1,2,1,1
4707,183,2025-11-24,275,19,25,1,13,9,3,3,1,0,1,3,8,0,1,2,2
4708,183,2025-11-24,276,19,25,1,20,10,5,4,1,0,1,2,5,0,1,1,2
4709,183,2025-11-24,277,19,25,1,14,1,4,2,0,1,1,2,4,0,1,0,0
4710,183,2025-11-24,278,19,25,1,31,6,6,0,0,1,1,2,5,1,2,1,1
4711,183,2025-11-24,279,19,25,1,15,4,4,0,0,1,1,1,2,0,1,0,0
4712,183,2025-11-24,280,19,25,1,5,5,2,0,0,0,1,3,6,0,1,1,1
4713,183,2025-11-24,281,19,25,1,7,3,1,3,0,0,1,2,5,0,1,0,0
4714,183,2025-11-24,282,19,25,1,9,2,3,2,1,1,0,1,3,0,1,0,0
4715,183,2025-11-24,283,19,25,1,15,4,1,1,1,0,1,2,4,0,0,1,1
4716,183,2025-11-24,285,19,25,1,14,3,1,1,0,0,1,2,3,0,1,1,1
4717,183,2025-11-24,361,25,19,0,32,27,9,1,2,0,4,10,17,2,5,2,2
4718,183,2025-11-24,362,25,19,0,32,26,4,7,1,1,3,7,14,1,2,1,2
4719,183,2025-11-24,363,25,19,0,21,12,4,2,0,1,0,3,6,1,2,2,2
4720,183,2025-11-24,364,25,19,0,14,11,2,0,1,1,1,3,6,0,1,1,1
4721,183,2025-11-24,365,25,19,0,24,11,6,5,1,0,1,3,6,0,1,2,2
4722,183,2025-11-24,366,25,19,0,19,13,3,3,1,0,0,4,8,1,2,2,2
4723,183,2025-11-24,367,25,19,0,21,14,0,3,1,1,1,4,8,1,2,1,1
4724,183,2025-11-24,368,25,19,0,20,8,4,4,0,1,1,2,4,1,2,1,1
4725,183,2025-11-24,369,25,19,0,17,5,2,2,0,0,1,2,5,1,2,1,1
4726,183,2025-11-24,370,25,19,0,11,3,2,0,1,0,1,1,2,0,1,1,1
4727,183,2025-11-24,371,25,19,0,18,5,1,2,1,0,0,1,3,0,1,1,1
4728,183,2025-11-24,373,25,19,0,19,7,3,0,1,0,0,3,5,1,2,1,1
4729,183,2025-11-24,374,25,19,0,11,4,1,1,1,0,1,2,5,1,2,0,0
4730,184,2025-11-24,136,10,16,1,31,21,7,5,1,1,3,6,11,2,5,3,4
4731,184,2025-11-24,137,10,16,1,38,21,5,7,2,0,4,6,11,1,4,3,3
4732,184,2025-11-24,138,10,16,1,33,13,3,4,1,1,2,3,7,1,2,3,3
4733,184,2025-11-24,139,10,16,1,21,10,5,2,1,0,1,2,6,0,1,2,2
4734,184,2025-11-24,140,10,16,1,19,12,6,1,1,0,0,3,7,1,2,1,1
4735,184,2025-11-24,141,10,16,1,23,12,7,3,1,1,2,3,7,1,2,2,2
4736,184,2025-11-24,142,10,16,1,12,12,2,2,0,0,1,3,8,1,2,1,1
4737,184,2025-11-24,143,10,16,1,21,9,3,1,1,0,2,2,4,0,1,1,2
4738,184,2025-11-24,146,10,16,1,6,5,2,0,0,0,1,3,5,0,1,1,1
4739,184,2025-11-24,148,10,16,1,8,4,2,1,0,0,1,1,3,0,1,1,1
4740,184,2025-11-24,150,10,16,1,5,8,1,1,0,0,0,2,4,0,1,1,1
4741,184,2025-11-24,226,16,10,0,33,16,5,6,1,0,3,5,12,1,2,4,4
4742,184,2025-11-24,227,16,10,0,32,19,4,2,1,1,3,4,9,0,1,2,2
4743,184,2025-11-24,228,16,10,0,21,9,8,0,0,1,1,2,4,1,2,2,2
4744,184,2025-11-24,229,16,10,0,24,11,4,3,1,1,2,3,6,1,3,1,1
4745,184,2025-11-24,230,16,10,0,24,8,3,1,0,0,1,2,4,0,1,1,1
4746,184,2025-11-24,231,16,10,0,29,8,3,2,1,1,2,2,4,1,2,0,0
4747,184,2025-11-24,232,16,10,0,27,11,4,4,1,0,2,4,9,0,1,1,1
4748,184,2025-11-24,233,16,10,0,28,8,3,1,1,0,0,3,8,1,2,1,1
4749,184,2025-11-24,239,16,10,0,14,7,2,0,1,0,1,3,6,1,3,1,1
4750,185,2025-11-24,241,17,18,1,31,21,7,6,2,1,2,6,14,1,2,1,1
4751,185,2025-11-24,242,17,18,1,34,21,12,3,2,1,2,5,11,0,1,4,5
4752,185,2025-11-24,243,17,18,1,28,7,5,2,1,1,1,2,6,0,1,0,0
4753,185,2025-11-24,244,17,18,1,20,12,6,2,0,1,1,3,8,1,3,1,1
4754,185,2025-11-24,245,17,18,1,22,8,4,2,1,0,2,2,6,1,2,1,1
4755,185,2025-11-24,246,17,18,1,18,7,9,5,2,0,1,3,7,1,2,1,1
4756,185,2025-11-24,247,17,18,1,18,6,8,2,1,1,3,2,5,0,1,1,1
4757,185,2025-11-24,248,17,18,1,26,9,5,3,0,0,1,3,6,1,2,1,1
4758,185,2025-11-24,249,17,18,1,12,7,1,2,0,0,0,3,7,1,2,1,1
4759,185,2025-11-24,251,17,18,1,16,5,0,0,0,0,1,1,3,0,1,1,1
4760,185,2025-11-24,252,17,18,1,10,4,2,3,1,0,1,2,5,1,2,1,1
4761,185,2025-11-24,253,17,18,1,13,5,3,1,0,0,1,2,4,0,1,1,1
4762,185,2025-11-24,254,17,18,1,4,6,3,0,0,0,1,2,5,0,1,1,1
4763,185,2025-11-24,256,18,17,0,36,29,6,5,1,1,2,7,14,1,5,6,7
4764,185,2025-11-24,257,18,17,0,37,24,6,1,2,1,3,6,13,1,2,1,2
4765,185,2025-11-24,258,18,17,0,10,9,5,2,1,1,1,2,5,0,1,1,1
4766,185,2025-11-24,259,18,17,0,22,8,3,3,1,1,0,2,4,1,2,2,2
4767,185,2025-11-24,260,18,17,0,15,6,6,7,1,1,2,2,6,1,2,1,1
4768,185,2025-11-24,261,18,17,0,26,11,3,5,1,0,1,3,6,0,1,1,1
4769,185,2025-11-24,262,18,17,0,27,10,4,3,1,1,2,4,9,1,2,1,2
4770,185,2025-11-24,263,18,17,0,22,13,5,4,1,0,2,3,8,1,3,1,1
4771,185,2025-11-24,264,18,17,0,7,4,5,2,0,0,1,1,2,0,0,0,0
4772,185,2025-11-24,267,18,17,0,12,1,2,3,1,0,1,1,1,0,0,0,0
4773,185,2025-11-24,268,18,17,0,4,7,3,0,1,0,0,1,3,0,1,1,1
4774,185,2025-11-24,269,18,17,0,12,2,4,2,0,0,1,0,1,0,0,0,0
4775,185,2025-11-24,270,18,17,0,4,2,3,2,0,0,1,3,5,0,1,0,0
4776,186,2025-11-24,406,28,2,1,33,25,9,7,2,1,2,6,13,1,3,3,4
4777,186,2025-11-24,407,28,2,1,34,22,4,4,2,1,4,6,14,1,4,3,4
4778,186,2025-11-24,408,28,2,1,25,5,4,2,1,0,2,2,4,0,1,1,1
4779,186,2025-11-24,409,28,2,1,17,5,1,2,1,0,2,2,5,1,2,1,1
4780,186,2025-11-24,410,28,2,1,28,10,3,4,0,0,2,3,6,0,1,1,1
4781,186,2025-11-24,411,28,2,1,16,12,6,4,1,0,1,3,6,0,1,2,2
4782,186,2025-11-24,412,28,2,1,22,13,1,3,1,1,2,4,9,1,3,1,1
4783,186,2025-11-24,413,28,2,1,33,7,0,0,1,1,2,2,4,1,2,1,1
4784,186,2025-11-24,414,28,2,1,10,5,0,1,1,0,1,1,2,0,1,0,0
4785,186,2025-11-24,415,28,2,1,13,5,1,0,1,0,1,1,3,0,1,1,1
4786,186,2025-11-24,417,28,2,1,9,4,0,0,0,0,1,1,2,0,1,1,1
4787,186,2025-11-24,418,28,2,1,19,6,3,1,0,0,1,2,6,0,1,1,1
4788,186,2025-11-24,419,28,2,1,9,3,0,0,1,0,1,2,3,0,1,0,0
4789,186,2025-11-24,420,28,2,1,22,4,0,0,0,0,1,1,2,0,1,0,0
4790,186,2025-11-24,16,2,28,0,46,26,4,4,2,1,3,7,13,2,5,3,5
4791,186,2025-11-24,17,2,28,0,28,16,5,5,1,1,1,4,10,2,4,2,2
4792,186,2025-11-24,18,2,28,0,24,12,4,1,1,0,1,3,8,1,2,1,1
4793,186,2025-11-24,19,2,28,0,25,12,5,2,0,1,0,4,7,1,3,1,2
4794,186,2025-11-24,20,2,28,0,28,12,3,2,2,1,1,4,9,1,3,1,2
4795,186,2025-11-24,21,2,28,0,23,5,4,4,1,0,2,3,6,1,2,1,1
4796,186,2025-11-24,22,2,28,0,18,6,3,2,1,0,2,3,6,0,1,1,1
4797,186,2025-11-24,23,2,28,0,31,10,5,0,0,1,1,3,8,1,3,2,2
4798,186,2025-11-24,24,2,28,0,24,6,4,2,0,0,1,3,6,1,2,1,1
4799,186,2025-11-24,25,2,28,0,9,4,0,0,1,0,0,2,5,0,1,1,1
4800,186,2025-11-24,27,2,28,0,7,4,3,0,0,0,1,2,5,1,2,1,1
4801,186,2025-11-24,29,2,28,0,9,9,1,3,0,0,0,4,8,2,4,0,0
4802,186,2025-11-24,30,2,28,0,7,5,1,0,0,0,1,2,5,1,2,1,1
4803,187,2025-11-25,196,14,21,1,28,19,10,3,1,0,3,4,10,1,3,3,4
4804,187,2025-11-25,197,14,21,1,30,17,5,3,0,1,3,4,9,0,1,2,2
4805,187,2025-11-25,198,14,21,1,18,8,2,0,1,1,2,4,7,0,1,1,1
4806,187,2025-11-25,199,14,21,1,26,15,1,2,0,1,3,5,11,1,4,1,1
4807,187,2025-11-25,200,14,21,1,21,7,5,3,0,0,3,2,4,0,1,1,1
4808,187,2025-11-25,201,14,21,1,16,9,4,2,1,1,1,3,6,0,1,1,1
4809,187,2025-11-25,202,14,21,1,31,4,3,2,1,1,2,2,4,0,0,0,0
4810,187,2025-11-25,203,14,21,1,26,11,3,2,1,0,1,3,5,0,1,2,3
4811,187,2025-11-25,205,14,21,1,9,5,2,0,1,0,0,3,6,0,1,1,1
4812,187,2025-11-25,207,14,21,1,13,5,2,1,1,0,2,1,3,0,1,1,1
4813,187,2025-11-25,208,14,21,1,13,5,3,0,1,0,1,1,2,0,0,0,0
4814,187,2025-11-25,209,14,21,1,16,5,4,0,1,0,0,1,2,0,0,1,1
4815,187,2025-11-25,210,14,21,1,13,5,2,1,0,0,1,1,3,0,1,1,1
4816,187,2025-11-25,301,21,14,0,32,21,1,4,1,0,3,5,13,1,3,1,2
4817,187,2025-11-25,302,21,14,0,32,18,4,5,1,0,3,7,12,1,3,4,4
4818,187,2025-11-25,303,21,14,0,21,5,1,3,1,1,2,1,2,0,1,1,1
4819,187,2025-11-25,304,21,14,0,22,6,2,4,1,0,2,2,4,1,2,1,1
4820,187,2025-11-25,305,21,14,0,18,8,1,2,1,0,0,2,4,0,1,2,2
4821,187,2025-11-25,306,21,14,0,23,14,3,4,1,0,1,3,7,0,1,2,2
4822,187,2025-11-25,307,21,14,0,24,13,2,3,1,0,1,4,9,0,1,2,3
4823,187,2025-11-25,308,21,14,0,28,11,4,3,0,0,2,4,9,1,3,2,2
4824,187,2025-11-25,309,21,14,0,6,6,0,0,1,0,0,4,7,1,2,1,1
4825,187,2025-11-25,313,21,14,0,14,5,2,0,1,0,1,2,4,0,1,0,0
4826,187,2025-11-25,314,21,14,0,21,4,1,0,1,0,1,3,6,0,1,0,0
4827,187,2025-11-25,315,21,14,0,13,0,1,1,1,0,1,2,4,0,1,0,0
4828,188,2025-11-25,436,30,11,1,34,16,9,4,2,0,2,3,8,1,2,3,3
4829,188,2025-11-25,437,30,11,1,39,29,5,2,1,1,3,6,15,1,5,1,1
4830,188,2025-11-25,438,30,11,1,26,6,6,3,0,0,2,2,4,0,1,0,0
4831,188,2025-11-25,439,30,11,1,29,5,2,2,0,0,1,1,2,0,0,1,1
4832,188,2025-11-25,440,30,11,1,17,5,4,4,1,0,1,3,6,1,2,1,1
4833,188,2025-11-25,441,30,11,1,18,7,0,1,1,1,2,2,4,1,2,1,1
4834,188,2025-11-25,442,30,11,1,22,5,6,4,1,0,2,2,4,0,1,1,1
4835,188,2025-11-25,443,30,11,1,30,11,3,4,1,0,2,3,6,0,1,2,2
4836,188,2025-11-25,450,30,11,1,8,4,2,2,1,1,1,2,3,0,1,1,1
4837,188,2025-11-25,151,11,30,0,29,17,0,6,2,1,2,6,11,1,3,3,4
4838,188,2025-11-25,152,11,30,0,32,13,2,3,0,0,3,4,9,2,4,1,2
4839,188,2025-11-25,153,11,30,0,21,5,5,2,0,1,0,1,3,0,1,1,1
4840,188,2025-11-25,154,11,30,0,15,10,0,3,1,0,1,3,7,1,3,1,2
4841,188,2025-11-25,155,11,30,0,29,3,5,3,0,1,1,3,5,1,2,0,0
4842,188,2025-11-25,156,11,30,0,28,14,0,4,1,0,1,3,9,1,3,2,3
4843,188,2025-11-25,157,11,30,0,19,4,3,3,1,0,2,2,4,0,1,1,1
4844,188,2025-11-25,158,11,30,0,28,8,4,2,1,1,1,3,6,0,1,1,1
4845,188,2025-11-25,160,11,30,0,16,4,0,2,1,0,1,3,6,1,2,1,1
4846,188,2025-11-25,161,11,30,0,7,5,0,2,1,0,1,1,2,0,1,1,1
4847,188,2025-11-25,162,11,30,0,6,0,1,3,1,0,0,1,3,0,1,0,0
4848,188,2025-11-25,163,11,30,0,11,1,3,2,0,0,0,2,3,0,1,0,0
4849,188,2025-11-25,164,11,30,0,15,2,1,1,0,0,1,1,3,0,0,0,0
4850,189,2025-11-25,421,29,22,1,34,25,8,5,1,1,4,8,15,1,5,1,2
4851,189,2025-11-25,422,29,22,1,34,21,3,0,1,0,2,4,10,1,4,4,5
4852,189,2025-11-25,423,29,22,1,20,4,5,0,1,0,1,1,2,0,0,1,1
4853,189,2025-11-25,424,29,22,1,25,10,7,1,1,0,2,3,5,0,1,1,2
4854,189,2025-11-25,425,29,22,1,25,12,4,2,1,0,1,3,6,1,2,1,1
4855,189,2025-11-25,426,29,22,1,21,6,4,2,1,0,1,2,5,0,1,0,0
4856,189,2025-11-25,427,29,22,1,30,6,3,2,1,0,1,1,3,0,1,0,0
4857,189,2025-11-25,428,29,22,1,27,18,4,3,0,0,1,5,9,1,3,2,2
4858,189,2025-11-25,429,29,22,1,12,6,4,1,0,0,0,2,5,0,1,1,1
4859,189,2025-11-25,431,29,22,1,14,6,1,0,0,0,1,3,6,1,3,1,1
4860,189,2025-11-25,433,29,22,1,9,6,2,0,1,0,1,3,7,1,3,1,1
4861,189,2025-11-25,434,29,22,1,5,4,2,1,0,0,0,3,6,0,1,1,1
4862,189,2025-11-25,316,22,29,0,34,26,6,6,1,1,3,5,13,1,3,2,3
4863,189,2025-11-25,317,22,29,0,37,19,7,4,1,1,3,7,12,0,1,3,4
4864,189,2025-11-25,318,22,29,0,23,11,6,3,1,0,1,2,5,1,2,2,2
4865,189,2025-11-25,319,22,29,0,27,15,7,2,1,0,2,5,11,1,4,2,3
4866,189,2025-11-25,320,22,29,0,27,13,8,2,1,1,2,4,9,0,1,1,1
4867,189,2025-11-25,321,22,29,0,28,6,6,1,1,1,2,3,5,0,1,0,0
4868,189,2025-11-25,322,22,29,0,23,8,5,1,1,1,1,3,8,0,1,2,2
4869,189,2025-11-25,323,22,29,0,27,11,2,0,1,0,1,4,7,0,1,2,2
4870,189,2025-11-25,324,22,29,0,9,5,2,0,0,1,1,3,6,0,1,1,1
4871,189,2025-11-25,325,22,29,0,19,1,3,1,0,0,1,1,3,0,1,0,0
4872,189,2025-11-25,326,22,29,0,24,9,1,2,0,0,1,3,8,1,3,2,2
4873,189,2025-11-25,327,22,29,0,11,3,3,2,1,0,1,2,5,0,1,0,0
4874,189,2025-11-25,330,22,29,0,6,0,3,2,1,0,1,2,3,0,1,0,0
4875,190,2025-11-25,181,13,1,1,31,19,5,1,2,0,2,6,13,2,5,1,1
4876,190,2025-11-25,182,13,1,1,36,19,10,3,1,0,2,5,13,1,3,2,3
4877,190,2025-11-25,183,13,1,1,16,10,4,0,1,0,2,4,9,1,2,1,2
4878,190,2025-11-25,184,13,1,1,19,12,7,5,1,0,2,5,8,1,3,1,2
4879,190,2025-11-25,185,13,1,1,32,11,8,0,1,0,1,2,5,1,2,1,1
4880,190,2025-11-25,186,13,1,1,25,7,6,3,1,0,0,2,5,0,1,1,1
4881,190,2025-11-25,187,13,1,1,29,8,5,1,1,1,1,4,8,1,2,1,1
4882,190,2025-11-25,188,13,1,1,17,12,4,2,1,1,1,5,10,1,2,2,2
4883,190,2025-11-25,189,13,1,1,10,4,2,0,0,0,1,3,5,1,2,1,1
4884,190,2025-11-25,190,13,1,1,13,4,0,1,1,0,1,2,4,0,1,1,1
4885,190,2025-11-25,192,13,1,1,20,6,1,2,1,0,1,2,3,0,1,1,1
4886,190,2025-11-25,194,13,1,1,15,3,2,1,0,0,0,3,5,1,2,0,0
4887,190,2025-11-25,195,13,1,1,13,6,4,1,0,0,1,2,4,0,1,0,0
4888,190,2025-11-25,1,1,13,0,37,25,8,7,1,0,4,7,15,2,5,2,2
4889,190,2025-11-25,2,1,13,0,37,25,10,9,1,0,3,7,12,1,2,5,6
4890,190,2025-11-25,3,1,13,0,32,14,5,4,1,1,1,4,7,1,2,3,3
4891,190,2025-11-25,4,1,13,0,22,11,6,1,1,0,0,3,8,1,2,1,1
4892,190,2025-11-25,5,1,13,0,25,10,4,2,0,0,1,4,9,0,1,1,2
4893,190,2025-11-25,6,1,13,0,17,10,7,2,1,1,1,3,6,1,2,1,1
4894,190,2025-11-25,7,1,13,0,24,7,4,3,1,0,1,3,6,0,1,1,1
4895,190,2025-11-25,8,1,13,0,23,7,4,1,2,0,3,3,5,0,1,2,2
4896,190,2025-11-25,10,1,13,0,12,4,3,2,0,1,1,1,2,0,0,0,0
4897,190,2025-11-25,12,1,13,0,14,3,2,1,0,0,0,2,5,1,2,0,0
4898,190,2025-11-25,13,1,13,0,6,5,1,2,1,0,1,1,2,0,1,1,1
4899,191,2025-11-25,211,15,4,1,31,20,7,4,2,0,2,6,10,1,2,3,3
4900,191,2025-11-25,212,15,4,1,39,20,8,3,1,1,2,6,13,2,5,2,3
4901,191,2025-11-25,213,15,4,1,29,11,7,3,0,0,1,4,8,1,2,2,3
4902,191,2025-11-25,214,15,4,1,21,10,4,4,1,1,1,3,5,0,1,1,1
4903,191,2025-11-25,215,15,4,1,16,10,6,4,1,1,3,2,5,0,1,1,1
4904,191,2025-11-25,216,15,4,1,25,7,1,0,1,1,1,3,6,0,1,1,1
4905,191,2025-11-25,217,15,4,1,22,11,5,6,1,0,2,3,6,0,1,2,3
4906,191,2025-11-25,218,15,4,1,27,15,2,2,1,0,1,3,9,1,2,3,4
4907,191,2025-11-25,220,15,4,1,10,3,0,2,1,0,0,0,1,0,0,1,1
4908,191,2025-11-25,222,15,4,1,14,4,1,1,0,0,1,1,3,0,0,1,1
4909,191,2025-11-25,223,15,4,1,9,6,2,0,1,0,1,4,7,0,1,0,0
4910,191,2025-11-25,224,15,4,1,12,2,2,1,1,0,1,2,5,1,2,0,0
4911,191,2025-11-25,225,15,4,1,12,4,4,2,1,0,1,2,4,1,2,1,1
4912,191,2025-11-25,46,4,15,0,25,24,6,6,0,1,3,5,11,1,2,5,6
4913,191,2025-11-25,47,4,15,0,35,15,6,7,1,0,4,5,11,1,3,3,3
4914,191,2025-11-25,48,4,15,0,22,5,4,3,0,0,1,2,5,0,1,1,1
4915,191,2025-11-25,49,4,15,0,28,9,7,3,1,0,2,4,8,1,3,1,1
4916,191,2025-11-25,50,4,15,0,18,10,3,3,0,0,2,2,5,0,1,2,2
4917,191,2025-11-25,51,4,15,0,27,15,5,0,1,1,2,4,7,1,3,3,4
4918,191,2025-11-25,52,4,15,0,26,9,3,3,1,0,0,3,5,0,1,1,2
4919,191,2025-11-25,53,4,15,0,29,10,0,3,0,0,1,3,6,1,2,1,1
4920,191,2025-11-25,55,4,15,0,9,2,3,2,1,0,1,2,5,0,1,0,0
4921,191,2025-11-25,57,4,15,0,8,3,1,2,0,0,0,2,3,0,0,0,0
4922,191,2025-11-25,59,4,15,0,4,0,6,1,1,0,2,0,1,0,0,0,0
4923,191,2025-11-25,60,4,15,0,4,3,2,1,0,0,1,3,5,1,2,1,1
4924,192,2025-11-25,346,24,5,1,33,15,4,2,1,0,3,4,8,1,2,1,1
4925,192,2025-11-25,347,24,5,1,27,21,3,5,2,0,3,7,12,1,2,3,4
4926,192,2025-11-25,348,24,5,1,20,6,6,3,1,0,1,2,5,1,2,0,0
4927,192,2025-11-25,349,24,5,1,22,5,3,1,0,0,2,1,2,0,0,1,1
4928,192,2025-11-25,350,24,5,1,19,7,2,2,1,0,0,3,6,0,1,1,1
4929,192,2025-11-25,351,24,5,1,29,13,7,2,1,1,1,3,6,0,1,2,2
4930,192,2025-11-25,352,24,5,1,27,5,6,2,1,1,2,1,2,0,1,1,1
4931,192,2025-11-25,353,24,5,1,20,6,4,3,0,0,1,2,4,1,2,1,1
4932,192,2025-11-25,355,24,5,1,14,3,0,3,0,0,2,2,4,0,1,0,0
4933,192,2025-11-25,356,24,5,1,16,5,1,1,1,0,1,2,4,0,1,1,1
4934,192,2025-11-25,357,24,5,1,10,4,3,2,1,0,0,3,6,1,2,1,1
4935,192,2025-11-25,360,24,5,1,4,4,1,1,0,0,1,3,5,1,2,1,1
4936,192,2025-11-25,61,5,24,0,37,14,8,4,2,0,2,5,10,0,1,1,1
4937,192,2025-11-25,62,5,24,0,39,19,0,2,1,1,2,4,9,0,1,2,2
4938,192,2025-11-25,63,5,24,0,27,7,3,3,1,0,1,3,5,0,1,1,1
4939,192,2025-11-25,64,5,24,0,12,12,5,5,1,0,1,4,8,1,2,1,1
4940,192,2025-11-25,65,5,24,0,35,9,6,2,1,0,1,2,5,1,2,1,1
4941,192,2025-11-25,66,5,24,0,32,5,2,2,0,1,1,3,6,1,2,0,0
4942,192,2025-11-25,67,5,24,0,32,12,4,2,1,0,2,4,9,0,1,1,1
4943,192,2025-11-25,68,5,24,0,28,5,6,2,1,0,0,2,3,0,1,1,1
4944,192,2025-11-25,70,5,24,0,9,0,3,0,0,0,1,1,2,0,1,0,0
4945,192,2025-11-25,72,5,24,0,12,3,2,0,1,0,0,0,1,0,0,0,0
4946,192,2025-11-25,73,5,24,0,14,5,3,0,0,1,0,2,5,0,1,1,1
4947,192,2025-11-25,75,5,24,0,10,6,3,0,0,0,1,3,7,0,1,1,1
4948,193,2025-11-26,166,12,20,1,35,11,3,8,1,0,2,2,5,0,1,1,2
4949,193,2025-11-26,167,12,20,1,40,27,9,2,2,0,4,8,15,1,3,4,6
4950,193,2025-11-26,168,12,20,1,29,13,1,6,1,0,2,5,9,0,1,2,2
4951,193,2025-11-26,169,12,20,1,26,15,5,2,2,0,2,4,10,1,3,2,2
4952,193,2025-11-26,170,12,20,1,31,10,5,4,0,0,3,2,5,1,2,1,1
4953,193,2025-11-26,171,12,20,1,17,5,5,2,1,0,1,1,2,0,1,1,1
4954,193,2025-11-26,172,12,20,1,22,12,7,3,0,0,1,4,8,1,3,2,2
4955,193,2025-11-26,173,12,20,1,24,12,5,2,1,0,0,4,8,1,2,1,2
4956,193,2025-11-26,174,12,20,1,22,4,2,0,0,0,1,2,4,0,0,1,1
4957,193,2025-11-26,175,12,20,1,19,5,1,0,0,0,1,2,5,1,2,1,1
4958,193,2025-11-26,176,12,20,1,10,7,3,1,0,0,0,3,7,0,1,0,0
4959,193,2025-11-26,177,12,20,1,5,2,4,2,1,0,0,2,4,0,0,0,0
4960,193,2025-11-26,180,12,20,1,14,3,2,1,0,0,0,1,2,0,1,0,0
4961,193,2025-11-26,286,20,12,0,33,16,4,4,2,0,3,5,10,1,3,3,4
4962,193,2025-11-26,287,20,12,0,36,10,4,6,1,1,3,3,6,0,1,1,1
4963,193,2025-11-26,288,20,12,0,32,13,2,1,1,0,3,5,9,1,3,1,1
4964,193,2025-11-26,289,20,12,0,24,3,5,1,1,0,2,2,4,0,1,0,0
4965,193,2025-11-26,290,20,12,0,28,12,5,1,1,0,1,5,10,1,4,1,2
4966,193,2025-11-26,291,20,12,0,17,17,8,3,0,0,2,6,11,1,4,2,2
4967,193,2025-11-26,292,20,12,0,29,11,6,6,1,0,0,4,8,1,3,1,1
4968,193,2025-11-26,293,20,12,0,27,9,3,3,1,0,3,3,5,1,2,1,1
4969,193,2025-11-26,294,20,12,0,17,1,3,0,0,0,0,1,1,0,0,0,0
4970,193,2025-11-26,295,20,12,0,10,3,2,2,0,0,0,1,3,0,1,0,0
4971,193,2025-11-26,297,20,12,0,10,0,5,0,0,0,1,0,1,0,0,0,0
4972,193,2025-11-26,300,20,12,0,17,0,1,0,0,0,1,1,3,0,1,0,0
4973,194,2025-11-26,106,8,3,1,29,18,4,6,1,0,5,5,12,1,4,2,3
4974,194,2025-11-26,107,8,3,1,40,17,6,3,1,0,4,4,9,1,4,2,2
4975,194,2025-11-26,108,8,3,1,30,8,3,0,0,0,2,4,7,1,2,1,1
4976,194,2025-11-26,109,8,3,1,19,6,4,0,1,1,0,3,7,0,1,1,1
4977,194,2025-11-26,110,8,3,1,17,14,4,1,1,1,2,5,11,2,5,1,1
4978,194,2025-11-26,111,8,3,1,27,10,3,2,0,0,2,3,8,0,1,2,2
4979,194,2025-11-26,112,8,3,1,18,7,5,2,1,1,2,4,7,0,1,1,1
4980,194,2025-11-26,113,8,3,1,25,7,5,0,1,0,2,3,6,0,1,1,1
4981,194,2025-11-26,115,8,3,1,22,3,4,0,0,0,1,2,5,0,1,1,1
4982,194,2025-11-26,116,8,3,1,22,4,1,1,0,0,1,2,4,1,2,1,1
4983,194,2025-11-26,117,8,3,1,15,4,3,2,1,0,1,2,4,0,1,1,1
4984,194,2025-11-26,120,8,3,1,20,3,1,1,0,0,0,1,2,0,1,1,1
4985,194,2025-11-26,31,3,8,0,34,12,4,6,1,0,3,6,10,1,3,2,3
4986,194,2025-11-26,32,3,8,0,26,25,6,7,1,1,4,8,14,2,5,2,2
4987,194,2025-11-26,33,3,8,0,23,10,2,0,2,1,2,3,6,1,2,2,2
4988,194,2025-11-26,34,3,8,0,23,9,7,3,0,0,3,3,5,0,1,1,1
4989,194,2025-11-26,35,3,8,0,21,8,5,2,1,0,1,3,5,0,1,1,1
4990,194,2025-11-26,36,3,8,0,24,6,1,0,1,0,2,2,3,0,1,1,1
4991,194,2025-11-26,37,3,8,0,24,4,3,2,1,0,1,2,5,0,1,0,0
4992,194,2025-11-26,38,3,8,0,16,11,4,2,1,0,1,3,7,1,2,2,3
4993,194,2025-11-26,43,3,8,0,14,5,4,0,0,0,2,2,6,0,1,1,1
4994,194,2025-11-26,44,3,8,0,15,1,4,1,1,0,1,0,1,0,0,0,0
4995,195,2025-11-26,391,27,6,1,28,19,6,4,2,1,4,6,10,1,2,2,3
4996,195,2025-11-26,392,27,6,1,34,18,9,8,1,1,3,6,12,1,2,2,2
4997,195,2025-11-26,393,27,6,1,27,4,0,3,1,1,1,1,3,0,0,1,1
4998,195,2025-11-26,394,27,6,1,21,8,4,3,1,0,2,4,8,1,3,1,2
4999,195,2025-11-26,395,27,6,1,16,8,1,4,0,1,2,3,7,0,1,1,2
5000,195,2025-11-26,396,27,6,1,16,6,7,1,2,0,2,1,3,0,1,1,1
5001,195,2025-11-26,397,27,6,1,31,5,7,3,0,1,2,3,5,0,1,1,1
5002,195,2025-11-26,398,27,6,1,30,8,5,1,1,1,1,3,7,0,1,2,2
5003,195,2025-11-26,399,27,6,1,14,7,1,1,1,0,1,2,4,0,1,1,1
5004,195,2025-11-26,400,27,6,1,16,5,4,1,1,0,0,2,5,0,1,1,1
5005,195,2025-11-26,401,27,6,1,17,2,3,2,1,0,0,2,5,0,1,0,0
5006,195,2025-11-26,402,27,6,1,9,4,2,1,0,0,0,2,5,0,1,0,0
5007,195,2025-11-26,403,27,6,1,4,6,2,1,1,0,1,3,6,1,2,1,1
5008,195,2025-11-26,404,27,6,1,14,6,2,1,1,0,0,1,3,0,1,1,1
5009,195,2025-11-26,76,6,27,0,31,18,2,7,1,1,1,6,10,2,4,2,3
5010,195,2025-11-26,77,6,27,0,31,19,8,4,1,0,1,7,13,1,4,2,3
5011,195,2025-11-26,78,6,27,0,27,1,0,3,0,1,0,2,4,1,2,0,0
5012,195,2025-11-26,79,6,27,0,24,9,3,4,1,0,0,2,5,1,2,1,1
5013,195,2025-11-26,80,6,27,0,24,12,5,3,1,1,2,5,9,1,3,2,2
5014,195,2025-11-26,81,6,27,0,26,9,5,1,1,0,1,3,6,1,3,2,2
5015,195,2025-11-26,82,6,27,0,28,12,2,1,1,0,0,5,9,1,3,2,3
5016,195,2025-11-26,83,6,27,0,26,11,1,1,0,1,1,2,6,1,2,1,1
5017,195,2025-11-26,84,6,27,0,17,6,4,1,1,0,0,3,7,0,1,1,1
5018,195,2025-11-26,85,6,27,0,8,3,1,2,1,0,2,2,5,0,1,0,0
5019,195,2025-11-26,86,6,27,0,17,9,1,2,1,0,1,2,4,0,1,2,2
5020,195,2025-11-26,87,6,27,0,15,2,4,0,1,0,1,1,3,0,1,0,0
5021,195,2025-11-26,89,6,27,0,15,5,2,1,1,0,1,2,4,0,1,0,0
5022,195,2025-11-26,90,6,27,0,12,2,1,1,1,0,1,1,2,0,1,0,0
5023,196,2025-11-26,346,24,25,1,30,19,3,4,1,1,3,5,9,1,3,1,1
5024,196,2025-11-26,347,24,25,1,37,12,8,6,1,1,1,3,6,1,2,3,3
5025,196,2025-11-26,348,24,25,1,18,3,6,0,0,0,2,2,4,1,2,0,0
5026,196,2025-11-26,349,24,25,1,29,4,1,2,1,0,1,2,4,0,1,0,0
5027,196,2025-11-26,350,24,25,1,20,8,4,0,1,1,2,3,6,0,1,1,2
5028,196,2025-11-26,351,24,25,1,26,11,4,3,1,0,2,3,7,1,2,2,2
5029,196,2025-11-26,352,24,25,1,25,6,5,3,0,0,1,4,7,1,3,1,1
5030,196,2025-11-26,353,24,25,1,17,6,1,1,1,0,1,1,3,0,1,1,1
5031,196,2025-11-26,354,24,25,1,4,3,1,2,0,0,1,1,2,0,0,1,1
5032,196,2025-11-26,357,24,25,1,4,6,2,1,1,0,1,4,7,0,1,0,0
5033,196,2025-11-26,358,24,25,1,7,3,2,0,0,0,0,1,3,0,1,0,0
5034,196,2025-11-26,359,24,25,1,11,4,2,2,0,0,1,2,4,0,1,1,1
5035,196,2025-11-26,360,24,25,1,10,1,2,1,0,0,0,1,3,0,1,0,0
5036,196,2025-11-26,361,25,24,0,29,18,5,4,1,1,3,6,12,1,3,2,3
5037,196,2025-11-26,362,25,24,0,35,23,2,3,1,1,4,7,14,1,3,2,3
5038,196,2025-11-26,363,25,24,0,21,9,4,1,1,1,3,2,6,1,2,1,1
5039,196,2025-11-26,364,25,24,0,28,9,4,3,1,0,1,3,7,0,1,1,1
5040,196,2025-11-26,365,25,24,0,27,16,6,3,1,0,1,4,9,1,2,2,3
5041,196,2025-11-26,366,25,24,0,29,7,0,2,1,0,0,1,3,0,1,1,1
5042,196,2025-11-26,367,25,24,0,23,7,0,1,0,0,1,2,3,0,1,1,1
5043,196,2025-11-26,368,25,24,0,31,11,0,1,1,1,2,3,5,0,1,2,2
5044,196,2025-11-26,370,25,24,0,9,3,0,1,1,0,1,1,1,0,0,1,1
5045,196,2025-11-26,371,25,24,0,10,1,2,2,1,0,1,1,1,0,0,0,0
5046,196,2025-11-26,372,25,24,0,14,4,2,0,0,0,2,3,6,0,1,1,1
5047,196,2025-11-26,373,25,24,0,18,2,2,0,1,0,1,1,3,0,0,0,0
5048,196,2025-11-26,375,25,24,0,14,5,2,1,1,0,1,1,2,0,1,1,1
5049,197,2025-11-26,151,11,13,1,34,27,5,12,1,1,3,7,17,1,2,4,5
5050,197,2025-11-26,152,11,13,1,33,28,7,5,1,0,2,7,15,1,4,6,7
5051,197,2025-11-26,153,11,13,1,14,7,5,0,0,1,2,2,4,0,1,1,1
5052,197,2025-11-26,154,11,13,1,23,11,7,3,0,0,3,2,5,0,1,1,1
5053,197,2025-11-26,155,11,13,1,27,8,2,5,1,0,2,2,5,0,1,1,1
5054,197,2025-11-26,156,11,13,1,32,7,4,2,1,0,0,2,3,0,1,1,1
5055,197,2025-11-26,157,11,13,1,24,9,6,1,0,1,2,3,7,1,3,2,2
5056,197,2025-11-26,158,11,13,1,29,11,5,3,0,1,1,3,6,1,2,1,1
5057,197,2025-11-26,159,11,13,1,15,7,4,0,0,0,0,1,3,0,1,1,1
5058,197,2025-11-26,160,11,13,1,5,9,3,2,1,0,2,3,8,1,4,1,1
5059,197,2025-11-26,161,11,13,1,12,5,4,0,0,0,0,1,2,0,1,1,1
5060,197,2025-11-26,162,11,13,1,13,6,3,1,1,0,2,3,6,1,2,1,1
5061,197,2025-11-26,163,11,13,1,17,5,2,0,1,0,1,3,6,0,1,0,0
5062,197,2025-11-26,164,11,13,1,8,6,2,1,1,0,1,2,4,1,2,0,0
5063,197,2025-11-26,165,11,13,1,14,3,6,0,1,1,2,1,2,0,1,0,0
5064,197,2025-11-26,181,13,11,0,35,28,3,6,0,1,3,6,15,1,2,2,2
5065,197,2025-11-26,182,13,11,0,33,29,5,3,1,1,2,7,17,2,6,5,7
5066,197,2025-11-26,183,13,11,0,27,11,5,3,1,0,0,5,9,1,3,2,2
5067,197,2025-11-26,184,13,11,0,11,5,3,2,0,0,0,1,3,0,1,0,0
5068,197,2025-11-26,185,13,11,0,25,8,7,0,0,1,2,2,4,0,1,1,2
5069,197,2025-11-26,186,13,11,0,24,10,6,1,1,0,1,3,6,0,1,1,1
5070,197,2025-11-26,187,13,11,0,26,6,7,3,1,1,1,3,5,1,2,1,1
5071,197,2025-11-26,188,13,11,0,24,3,3,2,1,1,2,1,1,0,0,1,1
5072,197,2025-11-26,189,13,11,0,9,4,2,2,0,1,0,3,6,0,1,1,1
5073,197,2025-11-26,190,13,11,0,4,3,3,1,0,1,2,1,1,0,0,0,0
5074,197,2025-11-26,191,13,11,0,19,0,2,0,1,1,1,0,1,0,0,0,0
5075,197,2025-11-26,192,13,11,0,15,5,1,2,0,0,0,1,2,0,1,0,0
5076,197,2025-11-26,193,13,11,0,8,1,4,0,0,0,1,0,1,0,0,0,0
5077,197,2025-11-26,194,13,11,0,6,8,1,1,0,0,1,4,8,1,3,1,1
5078,198,2025-11-26,241,17,6,1,38,24,6,10,1,0,3,6,11,1,2,4,6
5079,198,2025-11-26,242,17,6,1,28,21,7,6,1,1,3,8,14,1,3,2,3
5080,198,2025-11-26,243,17,6,1,13,4,6,0,1,0,1,3,5,1,2,1,1
5081,198,2025-11-26,244,17,6,1,25,11,4,1,1,0,1,5,9,1,4,2,2
5082,198,2025-11-26,245,17,6,1,19,8,7,0,0,1,0,4,8,1,3,1,1
5083,198,2025-11-26,246,17,6,1,32,12,4,3,0,0,1,4,9,0,1,1,1
5084,198,2025-11-26,247,17,6,1,23,11,2,3,1,1,0,5,9,1,2,2,2
5085,198,2025-11-26,248,17,6,1,20,7,4,0,1,0,2,3,7,0,1,1,2
5086,198,2025-11-26,249,17,6,1,16,11,4,1,1,0,1,4,8,0,1,1,2
5087,198,2025-11-26,251,17,6,1,21,7,1,0,1,0,1,4,7,1,3,0,0
5088,198,2025-11-26,252,17,6,1,16,3,3,2,0,0,0,1,2,0,1,0,0
5089,198,2025-11-26,254,17,6,1,6,4,3,1,0,0,1,1,2,0,0,1,1
5090,198,2025-11-26,255,17,6,1,5,2,3,1,1,0,0,2,4,1,2,0,0
5091,198,2025-11-26,76,6,17,0,30,22,8,5,1,1,3,5,12,1,4,3,4
5092,198,2025-11-26,77,6,17,0,27,26,8,4,2,1,3,6,15,2,6,2,3
5093,198,2025-11-26,78,6,17,0,21,3,3,3,1,0,2,1,3,0,1,0,0
5094,198,2025-11-26,79,6,17,0,31,13,6,2,1,0,2,4,7,1,2,1,1
5095,198,2025-11-26,80,6,17,0,19,10,4,3,1,0,1,3,6,0,1,1,1
5096,198,2025-11-26,81,6,17,0,23,13,2,3,1,0,2,4,7,1,2,1,1
5097,198,2025-11-26,82,6,17,0,15,10,7,1,0,0,3,4,8,1,2,1,1
5098,198,2025-11-26,83,6,17,0,21,12,2,1,2,0,2,5,9,1,4,2,3
5099,198,2025-11-26,85,6,17,0,7,3,3,0,0,0,1,3,5,0,1,1,1
5100,198,2025-11-26,86,6,17,0,7,6,2,0,0,0,0,3,5,0,1,1,1
5101,198,2025-11-26,89,6,17,0,8,8,2,2,1,0,1,3,6,0,1,0,0
5102,198,2025-11-26,90,6,17,0,8,5,4,2,1,0,0,2,4,0,1,1,1
5103,199,2025-11-27,1,1,23,1,37,11,5,8,0,1,4,5,9,1,2,1,2
5104,199,2025-11-27,2,1,23,1,34,22,11,2,1,1,4,7,13,1,3,2,3
5105,199,2025-11-27,3,1,23,1,27,10,4,2,1,0,0,2,5,0,1,2,2
5106,199,2025-11-27,4,1,23,1,29,6,1,2,1,1,3,2,6,0,1,1,1
5107,199,2025-11-27,5,1,23,1,32,5,5,1,1,0,2,3,5,1,2,1,1
5108,199,2025-11-27,6,1,23,1,27,8,1,0,1,1,3,4,7,1,2,1,1
5109,199,2025-11-27,7,1,23,1,24,8,5,4,1,0,1,2,4,1,2,1,1
5110,199,2025-11-27,8,1,23,1,17,6,1,2,1,0,2,2,3,0,1,0,0
5111,199,2025-11-27,9,1,23,1,12,4,2,1,0,0,0,2,3,0,1,0,0
5112,199,2025-11-27,10,1,23,1,8,1,1,2,0,0,1,1,1,0,0,0,0
5113,199,2025-11-27,12,1,23,1,9,3,2,1,1,0,1,1,3,0,1,0,0
5114,199,2025-11-27,13,1,23,1,8,3,2,2,0,0,1,2,4,1,2,0,0
5115,199,2025-11-27,14,1,23,1,19,6,1,1,1,0,1,2,4,0,1,1,1
5116,199,2025-11-27,331,23,1,0,32,17,8,3,1,1,2,6,10,1,4,3,3
5117,199,2025-11-27,332,23,1,0,31,16,0,10,2,0,2,5,10,1,2,2,2
5118,199,2025-11-27,333,23,1,0,27,11,0,4,1,1,1,3,7,1,3,1,1
5119,199,2025-11-27,334,23,1,0,22,10,2,3,1,1,1,3,6,0,1,1,1
5120,199,2025-11-27,335,23,1,0,29,4,6,2,0,0,3,2,4,0,1,1,1
5121,199,2025-11-27,336,23,1,0,26,8,2,1,1,1,1,2,4,0,0,2,2
5122,199,2025-11-27,337,23,1,0,27,12,3,4,1,1,2,4,9,2,4,1,1
5123,199,2025-11-27,338,23,1,0,17,14,5,4,1,0,2,4,8,1,2,2,3
5124,199,2025-11-27,339,23,1,0,10,6,1,1,0,0,1,1,3,0,1,0,0
5125,199,2025-11-27,340,23,1,0,14,2,4,2,1,0,0,3,5,0,1,0,0
5126,199,2025-11-27,341,23,1,0,4,3,1,1,1,0,1,0,1,0,0,1,1
5127,199,2025-11-27,342,23,1,0,8,4,2,2,1,1,1,2,4,0,1,1,1
5128,199,2025-11-27,343,23,1,0,14,2,1,2,0,0,0,1,2,0,1,0,0
5129,199,2025-11-27,344,23,1,0,10,7,3,1,0,0,1,2,5,0,1,1,1
5130,200,2025-11-27,31,3,19,1,31,28,7,9,2,1,1,6,14,2,4,4,6
5131,200,2025-11-27,32,3,19,1,36,14,5,0,2,1,4,3,7,1,2,1,1
5132,200,2025-11-27,33,3,19,1,28,9,7,2,1,0,2,2,4,0,1,2,2
5133,200,2025-11-27,34,3,19,1,27,8,7,1,1,0,0,3,6,1,2,1,2
5134,200,2025-11-27,35,3,19,1,32,7,3,2,1,1,0,2,5,0,1,2,2
5135,200,2025-11-27,36,3,19,1,27,6,0,5,1,0,2,3,6,0,1,1,1
5136,200,2025-11-27,37,3,19,1,15,9,6,2,1,0,1,3,5,1,2,2,2
5137,200,2025-11-27,38,3,19,1,29,9,3,2,1,1,2,2,4,0,1,1,1
5138,200,2025-11-27,40,3,19,1,12,2,2,2,0,0,1,1,3,0,1,0,0
5139,200,2025-11-27,41,3,19,1,15,6,1,1,1,0,1,2,4,1,2,1,1
5140,200,2025-11-27,43,3,19,1,7,4,1,0,1,0,1,2,4,0,1,0,0
5141,200,2025-11-27,44,3,19,1,15,6,2,0,0,0,1,1,3,0,1,1,1
5142,200,2025-11-27,45,3,19,1,22,2,4,0,0,1,0,1,2,0,1,0,0
5143,200,2025-11-27,271,19,3,0,31,21,7,3,2,0,3,5,12,1,3,3,4
5144,200,2025-11-27,272,19,3,0,34,30,9,10,1,0,3,7,16,2,7,3,5
5145,200,2025-11-27,273,19,3,0,24,9,1,1,0,0,3,2,5,0,1,1,1
5146,200,2025-11-27,274,19,3,0,22,13,4,4,1,1,2,4,7,0,1,2,2
5147,200,2025-11-27,275,19,3,0,26,4,3,1,1,1,1,2,5,1,2,1,1
5148,200,2025-11-27,276,19,3,0,37,9,2,2,1,1,1,2,4,0,1,1,1
5149,200,2025-11-27,277,19,3,0,22,8,3,2,2,0,0,2,4,0,1,1,1
5150,200,2025-11-27,278,19,3,0,32,7,5,2,1,1,1,4,7,1,3,0,0
5151,200,2025-11-27,279,19,3,0,13,7,2,1,0,0,0,1,3,0,1,1,1
5152,200,2025-11-27,281,19,3,0,4,2,2,0,0,0,1,1,2,0,1,0,0
5153,200,2025-11-27,283,19,3,0,6,2,2,3,0,0,1,1,2,0,1,0,0
5154,200,2025-11-27,285,19,3,0,8,6,2,0,1,0,1,4,7,1,3,1,1
5155,201,2025-11-27,61,5,20,1,35,27,1,7,1,0,2,6,14,1,3,6,7
5156,201,2025-11-27,62,5,20,1,39,21,7,5,1,1,2,5,12,2,5,2,3
5157,201,2025-11-27,63,5,20,1,19,9,4,1,1,0,2,4,8,1,3,1,1
5158,201,2025-11-27,64,5,20,1,25,6,5,2,1,1,2,1,3,0,1,1,1
5159,201,2025-11-27,65,5,20,1,27,11,7,4,0,0,2,3,5,1,2,1,1
5160,201,2025-11-27,66,5,20,1,19,9,5,3,1,0,2,3,5,0,1,1,2
5161,201,2025-11-27,67,5,20,1,17,14,5,3,1,1,0,5,10,1,2,1,2
5162,201,2025-11-27,68,5,20,1,10,3,5,3,1,1,2,1,3,0,1,0,0
5163,201,2025-11-27,69,5,20,1,13,5,2,0,1,1,1,2,4,0,1,1,1
5164,201,2025-11-27,70,5,20,1,4,2,4,0,0,0,1,1,1,0,0,0,0
5165,201,2025-11-27,71,5,20,1,10,6,4,2,0,0,1,2,4,0,1,1,1
5166,201,2025-11-27,73,5,20,1,12,4,4,3,1,0,1,1,2,0,0,1,1
5167,201,2025-11-27,74,5,20,1,18,9,2,1,1,0,1,3,6,1,2,1,2
5168,201,2025-11-27,75,5,20,1,14,7,1,1,1,0,1,3,5,0,1,1,2
5169,201,2025-11-27,286,20,5,0,30,20,8,6,1,0,2,7,13,1,4,3,3
5170,201,2025-11-27,287,20,5,0,30,15,0,0,1,1,1,5,11,0,1,2,2
5171,201,2025-11-27,288,20,5,0,18,8,0,3,0,0,1,2,4,0,1,2,2
5172,201,2025-11-27,289,20,5,0,29,9,4,3,0,1,2,2,4,0,1,2,2
5173,201,2025-11-27,290,20,5,0,28,5,2,0,1,0,1,3,6,1,3,1,1
5174,201,2025-11-27,291,20,5,0,23,6,7,1,0,0,1,1,3,0,1,1,1
5175,201,2025-11-27,292,20,5,0,29,4,5,1,1,0,1,1,2,0,0,1,1
5176,201,2025-11-27,293,20,5,0,27,9,6,0,1,1,1,2,4,0,1,2,2
5177,201,2025-11-27,294,20,5,0,4,5,1,1,0,0,1,3,6,1,2,1,1
5178,201,2025-11-27,295,20,5,0,6,4,4,1,0,0,1,2,3,0,0,0,0
5179,201,2025-11-27,296,20,5,0,21,2,0,1,0,0,0,2,4,0,1,0,0
5180,201,2025-11-27,297,20,5,0,13,1,0,1,1,0,1,1,2,0,1,0,0
5181,201,2025-11-27,298,20,5,0,16,4,1,1,1,0,1,1,3,0,1,1,1
5182,201,2025-11-27,300,20,5,0,12,3,0,0,1,0,0,2,4,0,1,1,1
5183,202,2025-11-27,391,27,30,1,32,19,4,4,0,0,3,6,11,1,2,3,4
5184,202,2025-11-27,392,27,30,1,37,11,8,4,1,0,3,3,6,1,2,1,1
5185,202,2025-11-27,393,27,30,1,22,8,2,3,1,1,1,2,4,0,1,1,1
5186,202,2025-11-27,394,27,30,1,17,8,2,3,1,1,1,5,8,1,4,1,1
5187,202,2025-11-27,395,27,30,1,23,8,2,2,1,0,1,3,7,1,2,1,1
5188,202,2025-11-27,396,27,30,1,23,11,0,2,1,0,1,3,5,0,1,2,2
5189,202,2025-11-27,397,27,30,1,19,11,5,2,1,1,1,3,5,0,1,1,1
5190,202,2025-11-27,398,27,30,1,17,7,7,1,1,0,1,3,7,1,3,1,1
5191,202,2025-11-27,399,27,30,1,15,5,3,1,1,0,1,2,5,1,2,1,1
5192,202,2025-11-27,400,27,30,1,16,6,1,1,1,0,1,2,5,0,1,1,1
5193,202,2025-11-27,401,27,30,1,13,3,1,1,1,0,1,1,1,0,0,0,0
5194,202,2025-11-27,403,27,30,1,11,7,1,0,1,0,1,2,5,0,1,1,1
5195,202,2025-11-27,404,27,30,1,15,7,2,1,1,0,1,3,7,0,1,1,1
5196,202,2025-11-27,405,27,30,1,14,0,2,2,1,0,1,1,2,0,1,0,0
5197,202,2025-11-27,436,30,27,0,26,19,5,1,1,1,2,6,12,1,2,3,4
5198,202,2025-11-27,437,30,27,0,32,18,4,7,1,0,4,5,12,1,4,1,2
5199,202,2025-11-27,438,30,27,0,30,9,1,1,1,1,1,2,4,0,1,2,2
5200,202,2025-11-27,439,30,27,0,29,7,4,2,1,0,1,2,3,0,1,1,1
5201,202,2025-11-27,440,30,27,0,24,6,6,2,1,0,0,2,5,1,2,0,0
5202,202,2025-11-27,441,30,27,0,24,5,4,2,1,1,0,3,6,0,1,0,0
5203,202,2025-11-27,442,30,27,0,20,11,7,4,1,0,3,4,9,1,2,2,2
5204,202,2025-11-27,443,30,27,0,32,6,5,0,1,1,1,1,3,0,1,1,1
5205,202,2025-11-27,445,30,27,0,10,4,1,0,0,0,1,1,3,0,1,1,1
5206,202,2025-11-27,448,30,27,0,18,4,4,0,1,0,2,2,4,0,1,1,1
5207,202,2025-11-27,449,30,27,0,12,2,3,2,1,0,1,2,4,0,1,0,0
5208,202,2025-11-27,450,30,27,0,12,3,4,1,0,0,1,2,4,1,2,1,1
5209,203,2025-11-27,106,8,15,1,40,18,3,2,1,0,3,5,10,1,2,3,4
5210,203,2025-11-27,107,8,15,1,34,35,8,10,2,0,2,10,18,2,7,4,6
5211,203,2025-11-27,108,8,15,1,23,6,4,2,1,0,2,4,7,1,2,1,1
5212,203,2025-11-27,109,8,15,1,26,6,4,2,1,1,1,2,4,0,1,1,1
5213,203,2025-11-27,110,8,15,1,27,10,6,1,1,1,2,3,5,1,2,1,2
5214,203,2025-11-27,111,8,15,1,16,12,7,2,1,0,0,5,9,1,2,1,1
5215,203,2025-11-27,112,8,15,1,26,3,5,1,1,1,1,2,4,1,2,0,0
5216,203,2025-11-27,113,8,15,1,28,2,7,4,1,0,2,2,4,0,1,0,0
5217,203,2025-11-27,114,8,15,1,16,4,1,2,0,0,1,1,3,0,1,1,1
5218,203,2025-11-27,115,8,15,1,14,5,2,2,1,0,1,1,2,0,1,1,1
5219,203,2025-11-27,116,8,15,1,19,1,4,2,1,0,1,1,3,0,1,0,0
5220,203,2025-11-27,117,8,15,1,12,4,2,0,0,0,0,1,2,0,1,0,0
5221,203,2025-11-27,119,8,15,1,8,5,1,1,1,0,1,3,6,1,2,1,1
5222,203,2025-11-27,120,8,15,1,4,2,1,1,1,0,1,2,4,0,0,0,0
5223,203,2025-11-27,211,15,8,0,35,28,3,8,1,0,4,6,15,1,2,4,5
5224,203,2025-11-27,212,15,8,0,28,21,2,7,2,1,2,5,12,0,1,3,4
5225,203,2025-11-27,213,15,8,0,22,3,4,0,1,0,2,2,3,0,1,0,0
5226,203,2025-11-27,214,15,8,0,38,3,3,0,1,0,2,1,1,0,0,1,1
5227,203,2025-11-27,215,15,8,0,21,8,5,4,1,0,1,4,7,0,1,2,2
5228,203,2025-11-27,216,15,8,0,20,9,8,2,1,1,2,3,7,1,3,1,2
5229,203,2025-11-27,217,15,8,0,30,6,3,4,0,0,2,3,6,1,2,1,1
5230,203,2025-11-27,218,15,8,0,21,5,6,4,1,0,2,2,4,0,1,1,1
5231,203,2025-11-27,219,15,8,0,9,3,0,2,1,0,1,3,5,1,2,1,1
5232,203,2025-11-27,220,15,8,0,13,3,1,0,0,0,0,1,2,0,1,0,0
5233,203,2025-11-27,222,15,8,0,4,5,1,2,0,0,1,2,5,0,1,1,1
5234,203,2025-11-27,223,15,8,0,14,3,1,1,0,0,0,1,2,0,1,0,0
5235,203,2025-11-27,224,15,8,0,11,1,3,2,0,0,1,1,1,0,0,0,0
5236,204,2025-11-27,196,14,29,1,35,22,8,8,1,1,2,7,14,1,2,1,1
5237,204,2025-11-27,197,14,29,1,35,20,5,10,1,0,4,5,10,1,2,2,3
5238,204,2025-11-27,198,14,29,1,30,10,4,5,1,0,2,5,9,1,3,1,2
5239,204,2025-11-27,199,14,29,1,29,7,7,0,1,0,2,3,6,1,2,1,1
5240,204,2025-11-27,200,14,29,1,24,12,0,4,1,0,2,5,10,1,2,1,1
5241,204,2025-11-27,201,14,29,1,26,6,4,3,0,1,2,2,3,0,1,1,1
5242,204,2025-11-27,202,14,29,1,25,7,7,3,1,1,1,2,6,1,2,1,1
5243,204,2025-11-27,203,14,29,1,25,7,3,0,0,0,2,4,7,0,1,1,1
5244,204,2025-11-27,205,14,29,1,18,7,6,1,0,0,0,2,4,0,1,0,0
5245,204,2025-11-27,206,14,29,1,10,4,3,1,0,0,1,3,6,0,1,0,0
5246,204,2025-11-27,207,14,29,1,19,9,1,2,1,0,1,4,7,1,2,2,2
5247,204,2025-11-27,208,14,29,1,16,1,2,0,0,0,1,0,1,0,0,0,0
5248,204,2025-11-27,209,14,29,1,7,2,0,1,0,0,0,1,3,0,1,0,0
5249,204,2025-11-27,421,29,14,0,31,14,7,5,2,0,2,5,10,1,2,1,2
5250,204,2025-11-27,422,29,14,0,41,14,5,5,1,1,5,6,10,1,3,1,1
5251,204,2025-11-27,423,29,14,0,33,6,6,1,1,0,1,2,3,0,1,1,1
5252,204,2025-11-27,424,29,14,0,17,9,4,1,0,1,1,2,4,0,1,1,1
5253,204,2025-11-27,425,29,14,0,26,11,2,1,1,1,3,3,6,1,2,2,2
5254,204,2025-11-27,426,29,14,0,27,8,1,1,1,0,1,3,7,1,2,2,2
5255,204,2025-11-27,427,29,14,0,29,10,4,5,1,0,2,4,8,1,3,1,2
5256,204,2025-11-27,428,29,14,0,18,10,1,2,1,1,1,3,6,1,2,1,1
5257,204,2025-11-27,429,29,14,0,4,8,4,1,1,0,1,2,4,0,1,1,2
5258,204,2025-11-27,430,29,14,0,18,4,0,0,0,0,0,2,4,0,0,0,0
5259,204,2025-11-27,431,29,14,0,4,5,3,2,1,0,0,1,2,0,0,1,1
5260,204,2025-11-27,432,29,14,0,9,6,3,2,0,0,1,3,5,1,2,1,1
5261,204,2025-11-27,433,29,14,0,16,3,1,0,1,0,1,0,1,0,0,0,0
5262,204,2025-11-27,435,29,14,0,15,6,0,2,0,0,2,1,3,0,1,0,0
5263,205,2025-11-28,406,28,12,1,31,15,5,7,1,0,2,6,10,2,4,2,3
5264,205,2025-11-28,407,28,12,1,25,29,11,3,1,0,3,6,15,2,6,4,5
5265,205,2025-11-28,408,28,12,1,21,10,7,3,1,0,1,4,9,0,1,1,1
5266,205,2025-11-28,409,28,12,1,19,13,6,1,1,0,2,3,7,1,3,2,3
5267,205,2025-11-28,410,28,12,1,25,9,4,5,1,1,2,2,4,0,1,1,1
5268,205,2025-11-28,411,28,12,1,21,5,2,3,1,0,2,1,2,0,1,1,1
5269,205,2025-11-28,412,28,12,1,22,15,6,4,1,0,2,4,7,1,2,2,2
5270,205,2025-11-28,413,28,12,1,21,6,5,3,1,0,1,1,3,0,1,1,1
5271,205,2025-11-28,414,28,12,1,16,4,5,1,0,0,1,3,6,1,2,1,1
5272,205,2025-11-28,415,28,12,1,18,2,1,0,0,0,1,1,1,0,0,0,0
5273,205,2025-11-28,416,28,12,1,10,3,0,0,0,0,0,0,1,0,0,1,1
5274,205,2025-11-28,418,28,12,1,4,5,4,2,0,0,1,2,4,0,1,1,1
5275,205,2025-11-28,166,12,28,0,31,14,2,5,1,1,4,4,8,0,1,2,2
5276,205,2025-11-28,167,12,28,0,33,9,7,4,2,1,4,2,6,1,3,1,1
5277,205,2025-11-28,168,12,28,0,22,10,2,2,1,0,2,4,8,0,1,2,2
5278,205,2025-11-28,169,12,28,0,23,6,4,2,0,1,1,2,5,0,1,1,1
5279,205,2025-11-28,170,12,28,0,39,8,9,2,1,0,1,3,6,1,2,2,2
5280,205,2025-11-28,171,12,28,0,22,10,4,1,1,0,1,3,7,1,2,1,2
5281,205,2025-11-28,172,12,28,0,26,11,3,0,1,0,2,3,6,0,1,3,3
5282,205,2025-11-28,173,12,28,0,27,7,4,5,2,0,1,3,6,1,3,1,1
5283,205,2025-11-28,174,12,28,0,13,5,3,0,0,0,1,3,6,1,2,1,1
5284,205,2025-11-28,175,12,28,0,12,4,4,1,1,0,1,3,5,0,1,1,1
5285,205,2025-11-28,178,12,28,0,11,6,3,2,0,0,1,3,6,0,1,1,1
5286,205,2025-11-28,179,12,28,0,17,5,1,1,0,0,0,2,5,1,2,1,1
5287,205,2025-11-28,180,12,28,0,13,4,3,1,0,0,1,1,2,0,0,0,0
5288,206,2025-11-28,46,4,9,1,33,18,4,9,1,1,3,5,9,1,3,3,4
5289,206,2025-11-28,47,4,9,1,38,19,8,0,1,1,4,5,11,1,4,3,4
5290,206,2025-11-28,48,4,9,1,19,11,4,2,1,0,1,3,6,1,2,2,3
5291,206,2025-11-28,49,4,9,1,25,3,4,3,0,0,2,0,1,0,0,0,0
5292,206,2025-11-28,50,4,9,1,28,4,3,3,0,0,2,1,2,0,1,1,1
5293,206,2025-11-28,51,4,9,1,18,12,1,1,1,1,1,4,7,1,3,1,1
5294,206,2025-11-28,52,4,9,1,20,9,2,2,1,1,1,3,6,0,1,2,2
5295,206,2025-11-28,53,4,9,1,23,7,4,5,1,1,1,4,7,0,1,0,0
5296,206,2025-11-28,54,4,9,1,10,5,3,1,0,0,1,3,6,1,2,1,1
5297,206,2025-11-28,55,4,9,1,13,0,3,1,0,0,1,2,4,1,2,0,0
5298,206,2025-11-28,56,4,9,1,4,2,3,0,1,0,0,0,1,0,0,0,0
5299,206,2025-11-28,57,4,9,1,11,6,1,2,0,0,1,3,5,0,1,1,1
5300,206,2025-11-28,58,4,9,1,19,4,3,2,0,0,0,3,5,1,2,1,1
5301,206,2025-11-28,59,4,9,1,4,4,2,2,0,0,1,2,5,0,1,0,0
5302,206,2025-11-28,121,9,4,0,28,12,2,3,2,0,3,3,6,0,1,2,2
5303,206,2025-11-28,122,9,4,0,31,29,6,7,1,0,2,6,14,2,6,2,3
5304,206,2025-11-28,123,9,4,0,29,4,2,2,2,0,1,3,6,1,2,1,1
5305,206,2025-11-28,124,9,4,0,32,7,2,3,1,1,1,2,5,1,2,0,0
5306,206,2025-11-28,125,9,4,0,24,11,6,4,1,1,2,3,6,1,2,1,1
5307,206,2025-11-28,126,9,4,0,19,10,1,4,0,0,1,4,8,1,2,1,2
5308,206,2025-11-28,127,9,4,0,24,10,3,0,1,0,1,3,7,1,2,1,1
5309,206,2025-11-28,128,9,4,0,27,8,5,1,1,1,2,2,6,0,1,1,1
5310,206,2025-11-28,130,9,4,0,11,6,2,1,1,0,2,1,3,0,1,1,1
5311,206,2025-11-28,132,9,4,0,22,4,1,0,0,0,1,2,4,1,2,1,1
5312,206,2025-11-28,133,9,4,0,9,5,2,3,0,0,0,3,6,1,2,1,1
5313,207,2025-11-28,226,16,10,1,34,16,4,2,2,1,0,4,9,0,1,1,2
5314,207,2025-11-28,227,16,10,1,28,16,7,2,1,1,4,4,9,1,3,1,2
5315,207,2025-11-28,228,16,10,1,26,4,3,3,1,0,1,3,5,0,1,1,1
5316,207,2025-11-28,229,16,10,1,22,7,2,1,1,1,1,1,3,0,0,1,1
5317,207,2025-11-28,230,16,10,1,29,4,2,0,1,0,0,1,3,0,1,1,1
5318,207,2025-11-28,231,16,10,1,32,5,4,3,1,0,2,1,2,0,1,1,1
5319,207,2025-11-28,232,16,10,1,22,4,1,1,1,0,3,3,5,1,2,0,0
5320,207,2025-11-28,233,16,10,1,24,6,3,2,1,0,0,2,3,0,1,1,1
5321,207,2025-11-28,234,16,10,1,13,6,1,2,1,0,0,3,6,1,3,1,1
5322,207,2025-11-28,235,16,10,1,17,5,0,0,0,0,1,3,6,1,2,1,1
5323,207,2025-11-28,237,16,10,1,12,6,0,0,1,0,1,2,3,0,1,1,1
5324,207,2025-11-28,136,10,16,0,32,8,6,3,1,1,3,5,8,1,2,1,2
5325,207,2025-11-28,137,10,16,0,34,24,5,3,2,1,3,5,11,1,3,2,2
5326,207,2025-11-28,138,10,16,0,19,8,4,1,0,1,2,3,5,0,1,1,2
5327,207,2025-11-28,139,10,16,0,27,10,5,1,0,0,2,4,8,0,1,1,1
5328,207,2025-11-28,140,10,16,0,25,11,6,2,1,0,1,5,8,1,2,1,1
5329,207,2025-11-28,141,10,16,0,24,6,4,1,0,0,1,3,6,0,1,1,1
5330,207,2025-11-28,142,10,16,0,27,12,4,3,1,0,1,3,7,1,3,2,2
5331,207,2025-11-28,143,10,16,0,23,13,5,5,1,1,0,4,7,1,3,2,3
5332,207,2025-11-28,144,10,16,0,7,4,3,0,1,0,1,1,2,0,0,0,0
5333,207,2025-11-28,146,10,16,0,15,2,1,2,1,0,1,1,3,0,1,0,0
5334,207,2025-11-28,148,10,16,0,15,4,3,1,1,0,0,2,4,0,1,0,0
5335,208,2025-11-28,256,18,7,1,31,29,7,3,0,0,4,9,16,1,4,3,4
5336,208,2025-11-28,257,18,7,1,30,21,4,1,1,1,4,5,12,1,3,3,3
5337,208,2025-11-28,258,18,7,1,13,7,1,4,1,0,2,2,4,0,1,2,2
5338,208,2025-11-28,259,18,7,1,21,10,4,2,1,1,2,3,5,1,2,2,2
5339,208,2025-11-28,260,18,7,1,29,6,6,3,0,0,2,1,3,0,1,1,1
5340,208,2025-11-28,261,18,7,1,29,4,4,4,1,1,1,1,2,0,0,1,1
5341,208,2025-11-28,262,18,7,1,22,7,2,2,1,1,1,2,4,0,1,1,1
5342,208,2025-11-28,263,18,7,1,26,7,4,3,1,0,2,2,5,0,1,1,1
5343,208,2025-11-28,264,18,7,1,4,6,1,2,0,0,1,2,4,1,2,1,1
5344,208,2025-11-28,265,18,7,1,4,3,4,1,1,0,1,1,1,0,0,1,1
5345,208,2025-11-28,266,18,7,1,4,2,4,1,0,0,1,2,3,0,1,0,0
5346,208,2025-11-28,267,18,7,1,7,3,1,3,1,0,1,2,4,0,1,1,1
5347,208,2025-11-28,268,18,7,1,11,7,2,2,1,0,2,2,4,0,1,1,1
5348,208,2025-11-28,269,18,7,1,12,0,3,0,1,0,0,0,1,0,0,0,0
5349,208,2025-11-28,270,18,7,1,13,4,2,1,1,0,1,3,5,0,1,0,0
5350,208,2025-11-28,91,7,18,0,29,10,3,3,1,1,3,4,7,0,1,2,2
5351,208,2025-11-28,92,7,18,0,34,33,10,11,1,1,3,8,20,1,2,4,6
5352,208,2025-11-28,93,7,18,0,19,5,8,4,1,0,2,1,3,0,0,0,0
5353,208,2025-11-28,94,7,18,0,32,5,2,3,1,0,2,1,2,0,1,1,1
5354,208,2025-11-28,95,7,18,0,26,10,4,1,0,1,2,5,9,1,3,1,1
5355,208,2025-11-28,96,7,18,0,17,8,6,6,1,1,3,2,4,0,1,2,2
5356,208,2025-11-28,97,7,18,0,18,7,3,3,1,0,1,2,5,1,2,1,1
5357,208,2025-11-28,98,7,18,0,31,9,3,2,1,0,0,3,7,1,2,0,0
5358,208,2025-11-28,101,7,18,0,15,0,3,1,1,0,1,2,4,0,0,0,0
5359,208,2025-11-28,102,7,18,0,13,4,0,1,1,0,1,2,3,0,0,0,0
5360,208,2025-11-28,103,7,18,0,21,2,4,1,0,0,1,1,2,0,0,0,0
5361,208,2025-11-28,104,7,18,0,9,3,2,0,0,0,0,2,4,1,2,1,1
5362,208,2025-11-28,105,7,18,0,15,3,3,0,1,0,0,2,5,1,2,0,0
5363,209,2025-11-28,316,22,26,1,25,19,5,4,1,0,2,5,11,2,4,3,4
5364,209,2025-11-28,317,22,26,1,39,30,3,6,1,2,2,7,14,1,5,3,4
5365,209,2025-11-28,318,22,26,1,25,7,7,2,2,0,1,1,3,0,0,1,1
5366,209,2025-11-28,319,22,26,1,23,9,8,0,1,0,1,3,7,1,2,2,2
5367,209,2025-11-28,320,22,26,1,28,13,6,2,1,0,0,2,6,1,2,2,2
5368,209,2025-11-28,321,22,26,1,20,7,2,5,1,0,2,2,5,1,2,1,1
5369,209,2025-11-28,322,22,26,1,26,6,5,3,1,0,1,1,3,0,1,1,1
5370,209,2025-11-28,323,22,26,1,23,10,6,4,1,0,0,3,8,1,3,1,2
5371,209,2025-11-28,324,22,26,1,13,3,2,1,0,0,0,1,3,0,1,1,1
5372,209,2025-11-28,325,22,26,1,12,6,2,0,0,0,1,3,6,1,2,1,1
5373,209,2025-11-28,326,22,26,1,11,6,0,2,0,0,0,2,4,0,1,1,1
5374,209,2025-11-28,327,22,26,1,12,3,1,2,0,1,0,1,2,0,0,0,0
5375,209,2025-11-28,328,22,26,1,9,5,2,1,1,0,1,3,6,1,2,0,0
5376,209,2025-11-28,329,22,26,1,10,6,0,0,0,0,1,2,5,1,2,1,1
5377,209,2025-11-28,376,26,22,0,35,25,9,5,2,0,1,6,14,2,4,3,5
5378,209,2025-11-28,377,26,22,0,34,25,11,9,1,1,2,8,16,1,3,4,6
5379,209,2025-11-28,378,26,22,0,28,1,5,5,1,0,1,1,2,0,1,0,0
5380,209,2025-11-28,379,26,22,0,15,13,3,1,2,0,1,4,7,1,3,2,3
5381,209,2025-11-28,380,26,22,0,35,9,6,3,1,0,2,2,4,0,1,1,1
5382,209,2025-11-28,381,26,22,0,18,6,3,2,1,0,2,3,6,0,1,1,1
5383,209,2025-11-28,382,26,22,0,26,5,3,2,1,1,1,2,5,0,1,1,1
5384,209,2025-11-28,383,26,22,0,19,5,6,2,1,0,1,2,4,0,1,0,0
5385,209,2025-11-28,384,26,22,0,13,6,1,1,0,0,1,2,5,1,2,1,1
5386,209,2025-11-28,386,26,22,0,12,4,2,2,1,0,0,1,3,0,1,1,1
5387,209,2025-11-28,387,26,22,0,6,3,4,0,1,0,0,2,4,0,1,1,1
5388,209,2025-11-28,388,26,22,0,14,0,1,1,1,0,1,1,2,0,0,0,0
5389,209,2025-11-28,390,26,22,0,14,4,2,3,1,0,1,2,3,0,1,0,0
5390,210,2025-11-28,16,2,21,1,29,23,8,0,0,0,4,6,11,1,2,5,6
5391,210,2025-11-28,17,2,21,1,32,20,8,4,1,1,1,5,10,2,4,3,5
5392,210,2025-11-28,18,2,21,1,20,13,2,0,0,0,2,4,8,1,3,1,1
5393,210,2025-11-28,19,2,21,1,31,11,3,1,2,0,2,5,9,1,4,1,1
5394,210,2025-11-28,20,2,21,1,12,13,4,3,1,1,2,4,10,1,3,1,1
5395,210,2025-11-28,21,2,21,1,28,12,5,3,1,0,2,6,10,2,4,1,1
5396,210,2025-11-28,22,2,21,1,30,12,5,3,0,1,1,3,7,1,2,1,1
5397,210,2025-11-28,23,2,21,1,22,5,5,5,0,1,0,2,4,1,2,1,1
5398,210,2025-11-28,25,2,21,1,8,4,2,1,0,0,2,3,6,0,1,1,1
5399,210,2025-11-28,27,2,21,1,12,1,2,1,1,0,0,2,4,0,1,0,0
5400,210,2025-11-28,28,2,21,1,7,5,1,0,1,1,0,3,6,0,1,1,1
5401,210,2025-11-28,301,21,2,0,34,16,8,5,1,1,3,3,8,2,4,1,2
5402,210,2025-11-28,302,21,2,0,32,17,5,6,2,1,1,3,8,1,2,3,3
5403,210,2025-11-28,303,21,2,0,28,5,5,3,1,1,2,2,3,0,1,1,1
5404,210,2025-11-28,304,21,2,0,26,13,3,2,1,0,2,3,8,1,2,1,2
5405,210,2025-11-28,305,21,2,0,29,8,6,1,0,0,0,4,7,1,2,1,1
5406,210,2025-11-28,306,21,2,0,23,7,0,2,1,0,1,2,5,0,1,2,2
5407,210,2025-11-28,307,21,2,0,19,13,6,5,1,0,2,4,10,1,4,1,1
5408,210,2025-11-28,308,21,2,0,32,9,7,2,1,0,1,3,6,1,2,1,2
5409,210,2025-11-28,310,21,2,0,4,3,1,1,0,0,0,1,2,0,1,0,0
5410,210,2025-11-28,311,21,2,0,4,3,1,2,0,0,1,3,5,0,1,0,0
5411,210,2025-11-28,312,21,2,0,14,0,3,1,1,0,0,2,4,1,2,0,0
5412,210,2025-11-28,313,21,2,0,15,0,0,0,1,0,1,1,1,0,0,0,0
5413,210,2025-11-28,314,21,2,0,16,4,3,0,0,0,1,2,5,0,1,1,1
5414,210,2025-11-28,315,21,2,0,17,2,4,0,1,0,0,2,4,1,2,0,0
5415,211,2025-12-01,106,8,14,1,39,10,5,6,2,1,4,3,6,1,2,1,2
5416,211,2025-12-01,107,8,14,1,28,22,7,2,1,1,3,6,12,1,4,1,1
5417,211,2025-12-01,108,8,14,1,28,4,4,2,1,0,2,1,2,0,1,1,1
5418,211,2025-12-01,109,8,14,1,18,12,2,3,1,0,0,3,6,1,2,2,2
5419,211,2025-12-01,110,8,14,1,26,9,6,0,0,0,0,3,5,0,1,1,1
5420,211,2025-12-01,111,8,14,1,15,9,6,1,1,1,3,2,4,0,1,2,2
5421,211,2025-12-01,112,8,14,1,27,8,4,4,0,0,1,3,5,1,2,2,2
5422,211,2025-12-01,113,8,14,1,28,10,4,1,1,1,2,5,9,1,3,1,2
5423,211,2025-12-01,114,8,14,1,9,2,4,0,1,0,0,3,5,1,2,0,0
5424,211,2025-12-01,116,8,14,1,18,5,4,1,1,0,1,1,2,0,1,1,1
5425,211,2025-12-01,117,8,14,1,9,9,1,0,0,0,0,2,6,0,1,2,2
5426,211,2025-12-01,119,8,14,1,21,2,2,3,1,0,1,1,3,0,0,0,0
5427,211,2025-12-01,120,8,14,1,18,4,2,2,0,0,2,3,6,1,2,0,0
5428,211,2025-12-01,196,14,8,0,36,23,1,0,3,0,4,6,15,1,3,4,5
5429,211,2025-12-01,197,14,8,0,38,19,3,0,1,1,1,6,13,2,6,1,1
5430,211,2025-12-01,198,14,8,0,22,3,9,3,0,1,3,1,2,0,1,0,0
5431,211,2025-12-01,199,14,8,0,26,9,6,2,0,0,1,3,6,1,2,1,1
5432,211,2025-12-01,200,14,8,0,24,7,2,3,0,1,1,2,4,0,0,1,1
5433,211,2025-12-01,201,14,8,0,21,11,7,3,1,0,1,5,8,1,2,1,2
5434,211,2025-12-01,202,14,8,0,19,5,3,2,0,1,1,1,2,0,1,1,1
5435,211,2025-12-01,203,14,8,0,29,10,6,2,1,1,2,4,8,1,2,2,2
5436,211,2025-12-01,204,14,8,0,15,0,1,2,1,0,2,1,2,0,1,0,0
5437,211,2025-12-01,205,14,8,0,5,4,3,2,0,0,0,2,4,0,1,0,0
5438,211,2025-12-01,206,14,8,0,11,5,1,2,0,0,1,1,2,0,1,0,0
5439,211,2025-12-01,207,14,8,0,12,7,1,2,0,0,0,3,7,0,1,1,1
5440,211,2025-12-01,208,14,8,0,10,6,1,1,0,0,1,2,4,0,1,1,1
5441,211,2025-12-01,209,14,8,0,10,3,1,1,1,0,0,2,4,0,1,1,1
5442,212,2025-12-01,151,11,19,1,35,13,6,1,1,1,3,3,6,1,2,1,1
5443,212,2025-12-01,152,11,19,1,32,21,4,5,2,1,3,5,14,2,5,3,4
5444,212,2025-12-01,153,11,19,1,17,10,7,3,0,0,0,3,8,1,3,2,2
5445,212,2025-12-01,154,11,19,1,31,11,6,0,1,1,2,2,6,0,1,1,2
5446,212,2025-12-01,155,11,19,1,24,9,7,1,2,0,1,4,8,1,2,2,2
5447,212,2025-12-01,156,11,19,1,13,9,3,0,1,0,1,2,4,1,2,1,2
5448,212,2025-12-01,157,11,19,1,18,10,2,2,1,0,3,4,9,2,4,1,1
5449,212,2025-12-01,158,11,19,1,27,10,0,1,1,0,3,3,8,1,2,1,1
5450,212,2025-12-01,160,11,19,1,4,4,3,1,0,0,0,3,6,1,2,1,1
5451,212,2025-12-01,161,11,19,1,5,6,2,3,0,0,0,3,6,0,1,1,1
5452,212,2025-12-01,162,11,19,1,10,8,0,2,1,0,0,2,4,0,1,2,2
5453,212,2025-12-01,165,11,19,1,25,3,1,0,1,1,0,2,4,1,2,0,0
5454,212,2025-12-01,271,19,11,0,33,23,10,5,1,1,3,4,11,1,2,1,2
5455,212,2025-12-01,272,19,11,0,35,21,7,3,1,1,4,5,10,1,2,3,4
5456,212,2025-12-01,273,19,11,0,22,8,3,2,1,0,1,2,5,1,2,0,0
5457,212,2025-12-01,274,19,11,0,24,10,4,0,1,0,2,3,5,0,1,2,2
5458,212,2025-12-01,275,19,11,0,18,10,2,2,1,0,1,4,9,0,1,1,1
5459,212,2025-12-01,276,19,11,0,21,15,7,2,1,1,1,4,9,0,1,1,1
5460,212,2025-12-01,277,19,11,0,23,9,9,7,0,0,2,3,5,0,1,1,2
5461,212,2025-12-01,278,19,11,0,18,6,0,1,1,0,1,3,6,1,2,0,0
5462,212,2025-12-01,279,19,11,0,17,3,2,2,0,0,1,1,2,0,1,1,1
5463,212,2025-12-01,283,19,11,0,12,5,2,0,0,0,1,2,4,0,0,1,1
5464,212,2025-12-01,285,19,11,0,6,7,2,1,0,0,0,1,3,0,0,0,0
5465,213,2025-12-01,46,4,17,1,31,17,2,6,2,1,3,5,10,0,1,3,4
5466,213,2025-12-01,47,4,17,1,30,28,9,4,1,1,3,7,14,1,2,5,6
5467,213,2025-12-01,48,4,17,1,22,8,6,2,1,1,1,2,4,0,1,1,1
5468,213,2025-12-01,49,4,17,1,32,9,3,1,1,0,0,3,7,1,3,1,1
5469,213,2025-12-01,50,4,17,1,26,11,3,1,1,1,1,3,6,1,2,1,1
5470,213,2025-12-01,51,4,17,1,21,13,7,3,1,1,2,5,10,0,1,2,2
5471,213,2025-12-01,52,4,17,1,28,4,3,0,1,0,2,1,2,0,1,0,0
5472,213,2025-12-01,53,4,17,1,26,12,5,4,1,0,2,4,7,0,1,2,2
5473,213,2025-12-01,54,4,17,1,14,9,3,1,0,0,1,3,8,1,3,2,2
5474,213,2025-12-01,55,4,17,1,16,4,3,2,0,0,1,3,6,1,2,0,0
5475,213,2025-12-01,56,4,17,1,18,4,2,1,1,1,1,1,2,0,0,1,1
5476,213,2025-12-01,57,4,17,1,8,5,3,1,1,0,1,2,4,0,1,1,1
5477,213,2025-12-01,58,4,17,1,18,4,4,2,0,0,0,2,3,0,1,1,1
5478,213,2025-12-01,60,4,17,1,14,0,3,2,0,0,1,1,1,0,0,0,0
5479,213,2025-12-01,241,17,4,0,29,19,9,5,1,1,5,4,10,1,3,2,2
5480,213,2025-12-01,242,17,4,0,36,23,8,7,1,1,4,6,12,1,4,4,5
5481,213,2025-12-01,243,17,4,0,29,5,4,3,1,1,2,1,3,0,1,1,1
5482,213,2025-12-01,244,17,4,0,23,7,3,2,0,0,1,3,7,1,3,1,1
5483,213,2025-12-01,245,17,4,0,33,7,2,3,1,0,1,3,6,0,1,1,1
5484,213,2025-12-01,246,17,4,0,31,13,5,3,0,0,2,2,6,0,1,1,1
5485,213,2025-12-01,247,17,4,0,21,10,0,0,1,1,1,4,7,0,1,1,1
5486,213,2025-12-01,248,17,4,0,19,8,4,3,1,0,2,4,7,1,2,1,1
5487,213,2025-12-01,250,17,4,0,18,5,2,0,1,0,1,1,2,0,1,1,1
5488,213,2025-12-01,251,17,4,0,8,5,3,0,1,0,0,1,2,0,0,1,1
5489,213,2025-12-01,253,17,4,0,19,5,1,0,0,0,2,2,4,0,1,1,1
5490,213,2025-12-01,254,17,4,0,12,6,1,1,1,0,1,3,7,1,2,1,1
5491,213,2025-12-01,255,17,4,0,11,5,2,0,1,0,1,1,2,0,1,1,1
5492,214,2025-12-01,301,21,26,1,29,13,5,6,1,1,4,4,9,1,2,2,2
5493,214,2025-12-01,302,21,26,1,31,19,9,0,1,0,3,4,9,1,4,1,1
5494,214,2025-12-01,303,21,26,1,19,12,5,3,1,0,1,3,8,1,3,3,3
5495,214,2025-12-01,304,21,26,1,12,7,6,4,1,0,1,3,7,1,3,1,1
5496,214,2025-12-01,305,21,26,1,27,11,4,1,0,1,1,2,5,0,1,1,1
5497,214,2025-12-01,306,21,26,1,25,11,3,5,1,0,1,2,6,1,3,1,1
5498,214,2025-12-01,307,21,26,1,24,15,1,3,0,0,1,5,9,1,2,2,2
5499,214,2025-12-01,308,21,26,1,26,13,3,0,0,1,2,3,6,0,1,1,2
5500,214,2025-12-01,309,21,26,1,9,4,2,0,0,0,0,3,5,1,2,0,0
5501,214,2025-12-01,312,21,26,1,11,5,2,0,1,0,1,2,4,0,1,1,1
5502,214,2025-12-01,313,21,26,1,11,1,2,1,0,0,1,1,3,0,1,0,0
5503,214,2025-12-01,314,21,26,1,10,8,0,2,0,0,0,2,4,1,2,1,1
5504,214,2025-12-01,315,21,26,1,13,4,4,1,1,0,1,2,4,0,1,0,0
5505,214,2025-12-01,376,26,21,0,31,20,4,1,1,1,2,6,10,1,3,2,2
5506,214,2025-12-01,377,26,21,0,26,24,2,7,2,1,3,5,11,1,3,5,6
5507,214,2025-12-01,378,26,21,0,22,9,2,5,1,0,2,3,6,1,2,1,1
5508,214,2025-12-01,379,26,21,0,32,5,4,6,1,0,1,2,6,0,1,0,0
5509,214,2025-12-01,380,26,21,0,16,11,6,2,1,0,1,2,5,1,2,2,2
5510,214,2025-12-01,381,26,21,0,25,5,4,3,1,0,2,2,4,0,1,1,1
5511,214,2025-12-01,382,26,21,0,25,11,3,3,1,1,0,2,5,1,2,2,3
5512,214,2025-12-01,383,26,21,0,24,10,5,3,0,1,2,4,7,1,2,2,2
5513,214,2025-12-01,384,26,21,0,11,8,0,2,1,0,0,4,8,1,3,1,1
5514,214,2025-12-01,385,26,21,0,6,6,4,0,1,0,1,2,3,0,1,0,0
5515,214,2025-12-01,386,26,21,0,13,8,3,0,0,0,0,3,6,1,2,2,2
5516,214,2025-12-01,387,26,21,0,10,4,1,1,1,0,1,1,3,0,1,0,0
5517,214,2025-12-01,390,26,21,0,17,2,2,0,1,0,0,2,3,0,0,0,0
5518,215,2025-12-01,331,23,15,1,35,25,7,1,0,1,3,8,14,2,5,4,6
5519,215,2025-12-01,332,23,15,1,25,22,9,6,1,0,3,5,10,1,2,2,2
5520,215,2025-12-01,333,23,15,1,24,6,0,2,1,1,3,2,5,1,2,1,1
5521,215,2025-12-01,334,23,15,1,31,12,3,4,1,1,3,5,10,1,4,1,2
5522,215,2025-12-01,335,23,15,1,26,8,6,2,1,0,0,3,6,1,2,1,2
5523,215,2025-12-01,336,23,15,1,34,9,3,2,1,0,1,3,6,1,2,1,1
5524,215,2025-12-01,337,23,15,1,23,11,7,2,1,0,1,3,5,0,1,2,2
5525,215,2025-12-01,338,23,15,1,26,13,5,1,1,0,2,5,9,1,2,2,2
5526,215,2025-12-01,342,23,15,1,17,6,3,1,0,0,1,2,4,0,1,1,1
5527,215,2025-12-01,343,23,15,1,4,5,3,2,1,0,0,1,2,0,0,1,1
5528,215,2025-12-01,344,23,15,1,17,5,2,1,1,0,1,1,2,0,1,1,1
5529,215,2025-12-01,211,15,23,0,24,18,4,4,1,0,2,5,10,1,4,2,2
5530,215,2025-12-01,212,15,23,0,35,4,6,10,1,0,2,2,5,1,2,1,1
5531,215,2025-12-01,213,15,23,0,24,3,5,1,0,0,2,2,5,0,1,1,1
5532,215,2025-12-01,214,15,23,0,23,3,4,0,2,0,0,0,1,0,0,1,1
5533,215,2025-12-01,215,15,23,0,30,4,2,1,0,0,1,3,6,0,1,1,1
5534,215,2025-12-01,216,15,23,0,35,7,6,1,0,0,1,2,6,1,2,1,1
5535,215,2025-12-01,217,15,23,0,29,7,1,5,1,1,1,2,5,0,1,1,1
5536,215,2025-12-01,218,15,23,0,15,11,3,0,1,0,2,3,6,1,2,2,2
5537,215,2025-12-01,219,15,23,0,11,3,1,0,0,0,1,1,3,0,0,1,1
5538,215,2025-12-01,220,15,23,0,12,3,3,0,1,0,0,1,2,0,1,1,1
5539,215,2025-12-01,221,15,23,0,4,3,2,0,1,1,0,2,4,0,1,0,0
5540,215,2025-12-01,222,15,23,0,18,3,1,0,0,0,1,2,4,0,1,0,0
5541,215,2025-12-01,223,15,23,0,11,7,5,1,0,0,1,1,3,0,1,1,1
5542,215,2025-12-01,224,15,23,0,11,3,2,0,1,0,0,2,3,0,1,0,0
5543,216,2025-12-01,316,22,13,1,36,34,8,8,1,0,1,10,20,1,4,3,4
5544,216,2025-12-01,317,22,13,1,31,9,0,2,1,0,3,4,8,1,3,1,1
5545,216,2025-12-01,318,22,13,1,28,17,5,3,0,0,2,5,11,1,4,3,4
5546,216,2025-12-01,319,22,13,1,25,9,4,1,1,1,1,4,8,0,1,0,0
5547,216,2025-12-01,320,22,13,1,20,17,8,2,1,0,1,4,9,0,1,1,1
5548,216,2025-12-01,321,22,13,1,30,17,0,2,1,0,1,3,8,1,2,1,2
5549,216,2025-12-01,322,22,13,1,21,11,5,4,1,0,2,4,8,0,1,1,1
5550,216,2025-12-01,323,22,13,1,29,18,3,3,1,0,1,6,12,1,3,1,1
5551,216,2025-12-01,324,22,13,1,21,8,1,0,1,0,0,3,8,1,3,1,1
5552,216,2025-12-01,325,22,13,1,13,3,1,2,0,0,1,2,4,1,2,1,1
5553,216,2025-12-01,328,22,13,1,12,2,2,0,1,0,1,1,3,0,1,0,0
5554,216,2025-12-01,329,22,13,1,6,4,3,1,1,1,1,2,4,0,1,0,0
5555,216,2025-12-01,181,13,22,0,26,26,6,8,1,1,3,6,15,1,4,4,4
5556,216,2025-12-01,182,13,22,0,37,15,2,3,2,1,3,5,9,1,2,2,2
5557,216,2025-12-01,183,13,22,0,23,5,3,3,1,0,1,2,3,0,1,1,1
5558,216,2025-12-01,184,13,22,0,18,10,0,3,1,0,2,4,8,1,2,1,1
5559,216,2025-12-01,185,13,22,0,21,11,7,4,0,0,2,4,7,0,1,1,1
5560,216,2025-12-01,186,13,22,0,17,10,4,3,2,0,2,2,5,0,1,1,1
5561,216,2025-12-01,187,13,22,0,27,9,4,2,1,0,2,3,7,1,2,1,1
5562,216,2025-12-01,188,13,22,0,26,5,1,2,0,1,1,1,3,0,1,1,1
5563,216,2025-12-01,189,13,22,0,19,0,2,1,1,0,1,1,2,0,1,0,0
5564,216,2025-12-01,190,13,22,0,11,3,1,2,0,0,1,1,2,0,1,1,1
5565,216,2025-12-01,191,13,22,0,14,2,0,1,1,1,1,1,1,0,0,0,0
5566,216,2025-12-01,194,13,22,0,12,2,1,1,0,0,1,1,3,0,0,0,0
5567,216,2025-12-01,195,13,22,0,9,7,3,1,0,0,0,2,4,1,2,1,1
5568,217,2025-12-02,16,2,12,1,31,29,9,9,1,0,3,7,17,2,5,2,3
5569,217,2025-12-02,17,2,12,1,39,23,4,6,1,0,3,6,13,2,4,4,5
5570,217,2025-12-02,18,2,12,1,17,12,4,0,1,0,1,3,7,1,3,2,2
5571,217,2025-12-02,19,2,12,1,24,6,5,2,0,0,3,3,6,1,2,1,1
5572,217,2025-12-02,20,2,12,1,10,14,1,3,0,1,1,3,7,0,1,2,3
5573,217,2025-12-02,21,2,12,1,36,9,7,3,0,0,1,3,6,0,1,1,1
5574,217,2025-12-02,22,2,12,1,25,10,3,3,1,0,2,3,5,0,1,2,2
5575,217,2025-12-02,23,2,12,1,21,11,7,3,1,1,1,3,6,1,2,1,1
5576,217,2025-12-02,24,2,12,1,4,5,1,1,0,0,1,2,4,0,1,1,1
5577,217,2025-12-02,27,2,12,1,15,7,5,1,0,0,0,4,7,1,2,1,1
5578,217,2025-12-02,29,2,12,1,14,4,2,2,0,0,0,3,6,0,1,1,1
5579,217,2025-12-02,30,2,12,1,19,4,3,2,1,1,1,1,2,0,1,1,1
5580,217,2025-12-02,166,12,2,0,28,20,3,3,1,1,3,6,13,2,5,4,5
5581,217,2025-12-02,167,12,2,0,28,4,2,8,1,0,5,2,3,0,1,1,1
5582,217,2025-12-02,168,12,2,0,29,5,4,3,1,1,2,3,6,0,1,1,1
5583,217,2025-12-02,169,12,2,0,28,5,6,2,1,1,2,3,6,1,2,0,0
5584,217,2025-12-02,170,12,2,0,20,3,5,2,1,0,2,2,4,0,1,1,1
5585,217,2025-12-02,171,12,2,0,21,14,7,1,0,0,2,3,8,1,3,2,2
5586,217,2025-12-02,172,12,2,0,18,4,1,3,1,0,1,2,5,1,2,1,1
5587,217,2025-12-02,173,12,2,0,28,10,4,1,1,1,1,3,7,0,1,2,2
5588,217,2025-12-02,174,12,2,0,10,1,0,0,0,0,1,0,1,0,0,0,0
5589,217,2025-12-02,175,12,2,0,11,5,0,2,0,0,0,1,2,0,0,1,1
5590,217,2025-12-02,176,12,2,0,4,6,3,0,1,0,1,3,5,1,2,1,1
5591,217,2025-12-02,177,12,2,0,11,4,3,1,1,0,1,3,6,0,1,1,1
5592,217,2025-12-02,178,12,2,0,4,3,1,2,1,0,1,2,3,0,0,0,0
5593,217,2025-12-02,179,12,2,0,18,2,2,0,1,0,1,2,4,0,1,0,0
5594,218,2025-12-02,256,18,1,1,34,18,10,4,2,1,3,4,9,1,2,1,2
5595,218,2025-12-02,257,18,1,1,32,16,8,4,1,1,1,6,11,0,1,2,3
5596,218,2025-12-02,258,18,1,1,23,3,8,2,0,0,1,1,3,0,1,1,1
5597,218,2025-12-02,259,18,1,1,30,14,5,1,1,1,2,5,11,2,4,2,3
5598,218,2025-12-02,260,18,1,1,25,6,7,3,1,0,1,2,3,0,1,1,1
5599,218,2025-12-02,261,18,1,1,21,10,6,1,1,0,2,2,6,0,1,2,2
5600,218,2025-12-02,262,18,1,1,34,6,0,4,1,0,3,4,7,1,2,1,1
5601,218,2025-12-02,263,18,1,1,25,9,3,0,1,0,2,2,4,0,1,2,2
5602,218,2025-12-02,265,18,1,1,12,4,2,1,0,0,0,2,6,1,2,1,1
5603,218,2025-12-02,266,18,1,1,11,9,3,1,1,0,0,3,6,0,1,1,2
5604,218,2025-12-02,267,18,1,1,18,6,1,1,1,0,0,2,6,1,3,1,1
5605,218,2025-12-02,268,18,1,1,13,1,6,0,1,0,0,1,1,0,0,0,0
5606,218,2025-12-02,270,18,1,1,14,1,3,2,1,0,1,1,2,0,1,0,0
5607,218,2025-12-02,1,1,18,0,29,31,11,9,1,1,3,9,17,1,2,5,7
5608,218,2025-12-02,2,1,18,0,31,21,7,7,1,1,2,7,13,0,1,1,2
5609,218,2025-12-02,3,1,18,0,31,9,7,1,1,1,2,4,7,1,2,1,1
5610,218,2025-12-02,4,1,18,0,21,11,7,1,1,1,0,4,9,1,2,1,1
5611,218,2025-12-02,5,1,18,0,20,10,6,3,2,0,1,4,9,1,2,1,1
5612,218,2025-12-02,6,1,18,0,21,7,2,3,1,1,1,1,3,0,0,1,1
5613,218,2025-12-02,7,1,18,0,31,8,1,2,1,0,2,2,5,0,1,1,1
5614,218,2025-12-02,8,1,18,0,22,9,3,2,1,1,3,3,7,1,3,1,1
5615,218,2025-12-02,11,1,18,0,10,7,1,0,0,0,2,1,3,0,1,1,1
5616,218,2025-12-02,13,1,18,0,17,5,2,0,1,0,0,2,4,1,2,1,1
5617,218,2025-12-02,14,1,18,0,7,2,0,1,1,0,1,1,1,0,0,0,0
5618,219,2025-12-02,361,25,10,1,32,29,2,4,1,1,2,7,16,2,5,4,5
5619,219,2025-12-02,362,25,10,1,34,21,8,5,0,1,3,5,12,0,1,3,4
5620,219,2025-12-02,363,25,10,1,22,10,9,1,1,1,1,5,9,1,2,1,1
5621,219,2025-12-02,364,25,10,1,15,11,3,0,1,0,1,5,9,1,2,1,1
5622,219,2025-12-02,365,25,10,1,22,9,4,3,0,0,1,2,5,1,2,1,1
5623,219,2025-12-02,366,25,10,1,25,3,1,2,1,1,0,2,5,1,2,0,0
5624,219,2025-12-02,367,25,10,1,28,8,4,2,0,0,1,2,4,1,2,1,1
5625,219,2025-12-02,368,25,10,1,22,8,3,1,1,0,1,2,4,1,2,1,2
5626,219,2025-12-02,369,25,10,1,7,4,0,2,1,0,1,2,4,0,1,1,1
5627,219,2025-12-02,370,25,10,1,18,3,2,0,0,0,1,1,3,0,1,0,0
5628,219,2025-12-02,371,25,10,1,14,3,0,1,1,0,0,1,3,0,1,1,1
5629,219,2025-12-02,372,25,10,1,5,1,0,0,1,1,1,0,1,0,0,0,0
5630,219,2025-12-02,374,25,10,1,6,6,0,1,1,0,0,3,7,1,3,0,0
5631,219,2025-12-02,375,25,10,1,15,2,4,1,1,0,0,2,4,0,1,0,0
5632,219,2025-12-02,136,10,25,0,33,23,1,4,1,1,3,7,15,2,6,4,5
5633,219,2025-12-02,137,10,25,0,26,17,8,3,0,1,4,6,12,1,4,2,2
5634,219,2025-12-02,138,10,25,0,29,11,6,3,1,0,2,3,8,0,1,1,2
5635,219,2025-12-02,139,10,25,0,20,6,5,2,1,1,2,3,5,1,2,1,1
5636,219,2025-12-02,140,10,25,0,22,6,4,2,0,1,1,3,5,1,2,1,1
5637,219,2025-12-02,141,10,25,0,19,8,4,6,1,1,3,2,5,0,1,1,1
5638,219,2025-12-02,142,10,25,0,20,4,7,4,1,1,2,1,3,0,1,1,1
5639,219,2025-12-02,143,10,25,0,24,12,6,3,1,1,1,3,8,1,2,2,2
5640,219,2025-12-02,144,10,25,0,4,5,1,2,1,0,1,2,4,0,1,1,1
5641,219,2025-12-02,146,10,25,0,16,4,2,0,0,1,2,2,3,0,1,0,0
5642,219,2025-12-02,148,10,25,0,18,6,1,2,1,0,0,2,5,0,1,1,1
5643,219,2025-12-02,149,10,25,0,18,2,2,0,0,0,1,2,3,0,1,0,0
5644,220,2025-12-02,61,5,29,1,36,26,3,8,1,1,3,6,13,1,4,4,5
5645,220,2025-12-02,62,5,29,1,33,26,3,5,1,0,3,9,15,2,7,4,6
5646,220,2025-12-02,63,5,29,1,23,13,3,2,1,0,1,2,6,1,2,1,1
5647,220,2025-12-02,64,5,29,1,29,10,4,0,1,0,1,5,9,1,2,1,1
5648,220,2025-12-02,65,5,29,1,29,12,2,2,1,0,1,4,8,1,3,1,1
5649,220,2025-12-02,66,5,29,1,23,10,6,2,0,0,0,4,8,1,3,1,1
5650,220,2025-12-02,67,5,29,1,16,6,4,1,1,0,2,2,4,0,1,1,1
5651,220,2025-12-02,68,5,29,1,31,12,7,3,1,1,2,5,9,1,3,2,2
5652,220,2025-12-02,69,5,29,1,15,4,3,0,1,0,1,2,3,0,1,1,1
5653,220,2025-12-02,70,5,29,1,18,7,1,2,0,0,1,2,5,0,1,1,1
5654,220,2025-12-02,72,5,29,1,12,2,2,0,1,0,1,2,4,0,1,0,0
5655,220,2025-12-02,73,5,29,1,16,6,4,0,1,0,1,3,5,0,1,1,1
5656,220,2025-12-02,74,5,29,1,13,7,3,1,0,1,1,2,4,0,1,1,1
5657,220,2025-12-02,421,29,5,0,38,13,4,4,0,1,3,6,10,0,1,1,2
5658,220,2025-12-02,422,29,5,0,45,19,2,3,1,0,4,5,9,0,1,1,1
5659,220,2025-12-02,423,29,5,0,12,4,7,1,0,0,2,3,5,1,2,0,0
5660,220,2025-12-02,424,29,5,0,24,0,4,0,1,0,1,0,1,0,0,0,0
5661,220,2025-12-02,425,29,5,0,13,8,8,1,1,0,2,3,6,0,1,1,1
5662,220,2025-12-02,426,29,5,0,27,8,5,1,2,1,0,3,7,1,2,2,2
5663,220,2025-12-02,427,29,5,0,24,8,6,0,1,0,2,4,7,0,1,1,1
5664,220,2025-12-02,428,29,5,0,29,10,3,0,1,0,1,5,9,0,1,1,1
5665,220,2025-12-02,429,29,5,0,6,0,2,2,1,0,0,2,3,0,0,0,0
5666,220,2025-12-02,430,29,5,0,12,3,1,1,0,0,0,2,4,0,1,1,1
5667,220,2025-12-02,432,29,5,0,17,1,0,2,1,0,0,1,3,0,0,0,0
5668,220,2025-12-02,435,29,5,0,9,5,2,0,0,0,1,1,3,0,0,1,1
5669,221,2025-12-02,121,9,30,1,31,18,8,3,1,1,3,4,9,1,3,3,4
5670,221,2025-12-02,122,9,30,1,36,20,4,3,2,1,2,5,12,1,4,3,4
5671,221,2025-12-02,123,9,30,1,27,9,0,1,1,0,2,3,7,0,1,1,1
5672,221,2025-12-02,124,9,30,1,22,9,7,3,1,0,1,3,7,0,1,1,1
5673,221,2025-12-02,125,9,30,1,33,4,1,4,0,0,0,2,6,0,1,1,1
5674,221,2025-12-02,126,9,30,1,28,7,4,3,1,0,1,1,3,0,1,2,2
5675,221,2025-12-02,127,9,30,1,33,11,4,2,1,0,2,4,7,1,2,2,2
5676,221,2025-12-02,128,9,30,1,23,11,3,3,0,0,2,2,5,0,1,2,3
5677,221,2025-12-02,130,9,30,1,7,1,0,0,1,0,0,2,4,0,1,0,0
5678,221,2025-12-02,133,9,30,1,7,6,1,1,0,0,0,2,3,0,1,1,1
5679,221,2025-12-02,134,9,30,1,11,7,1,1,0,0,1,3,6,0,1,1,1
5680,221,2025-12-02,135,9,30,1,9,1,1,2,0,0,1,0,1,0,0,0,0
5681,221,2025-12-02,436,30,9,0,30,25,4,5,1,1,3,5,12,1,2,2,3
5682,221,2025-12-02,437,30,9,0,29,21,6,2,1,1,2,6,11,0,1,2,3
5683,221,2025-12-02,438,30,9,0,31,9,3,4,1,1,1,5,8,0,1,1,2
5684,221,2025-12-02,439,30,9,0,30,7,4,1,1,0,1,2,4,1,2,1,2
5685,221,2025-12-02,440,30,9,0,26,8,3,2,1,1,2,4,8,1,3,1,1
5686,221,2025-12-02,441,30,9,0,20,13,5,1,1,1,2,4,8,1,2,1,1
5687,221,2025-12-02,442,30,9,0,23,7,4,1,1,1,2,2,5,0,1,1,1
5688,221,2025-12-02,443,30,9,0,27,9,5,3,1,1,0,4,7,1,2,1,1
5689,221,2025-12-02,444,30,9,0,12,2,3,2,1,0,0,2,4,0,1,0,0
5690,221,2025-12-02,445,30,9,0,17,4,1,2,0,0,1,2,5,0,1,1,1
5691,221,2025-12-02,446,30,9,0,11,1,0,1,1,0,1,1,3,0,1,0,0
5692,221,2025-12-02,447,30,9,0,14,5,1,1,1,0,1,1,2,0,1,1,1
5693,221,2025-12-02,449,30,9,0,19,6,3,0,1,0,2,2,4,1,2,1,1
5694,221,2025-12-02,450,30,9,0,4,6,2,0,1,0,1,2,3,0,0,1,1
5695,222,2025-12-02,226,16,24,1,32,20,7,3,1,0,2,5,11,1,2,4,5
5696,222,2025-12-02,227,16,24,1,31,21,3,8,1,1,2,4,10,1,3,2,3
5697,222,2025-12-02,228,16,24,1,26,6,5,2,1,1,0,2,6,0,1,1,1
5698,222,2025-12-02,229,16,24,1,30,10,5,3,0,0,2,3,6,0,1,1,1
5699,222,2025-12-02,230,16,24,1,19,8,2,0,1,0,1,2,4,0,1,1,1
5700,222,2025-12-02,231,16,24,1,13,16,2,4,1,0,1,6,12,2,5,1,1
5701,222,2025-12-02,232,16,24,1,26,11,5,3,1,1,3,3,5,0,1,1,1
5702,222,2025-12-02,233,16,24,1,32,3,3,0,0,1,2,1,2,0,0,0,0
5703,222,2025-12-02,235,16,24,1,17,5,2,1,1,0,0,3,6,0,1,1,1
5704,222,2025-12-02,237,16,24,1,14,3,2,2,0,0,1,1,3,0,1,1,1
5705,222,2025-12-02,238,16,24,1,11,8,3,0,1,0,0,4,8,1,3,1,1
5706,222,2025-12-02,240,16,24,1,5,7,1,2,0,0,1,1,3,0,0,1,2
5707,222,2025-12-02,346,24,16,0,28,19,11,4,1,1,3,4,11,1,3,1,2
5708,222,2025-12-02,347,24,16,0,34,21,7,9,0,0,2,5,12,0,1,4,5
5709,222,2025-12-02,348,24,16,0,27,9,5,3,1,0,1,3,6,0,1,1,1
5710,222,2025-12-02,349,24,16,0,17,12,5,2,1,0,2,5,9,0,1,1,2
5711,222,2025-12-02,350,24,16,0,21,10,2,3,1,0,2,2,6,0,1,1,1
5712,222,2025-12-02,351,24,16,0,28,7,7,2,1,0,2,3,6,0,1,1,1
5713,222,2025-12-02,352,24,16,0,24,11,5,4,1,0,2,2,5,0,1,1,1
5714,222,2025-12-02,353,24,16,0,29,8,5,3,1,1,2,4,8,1,2,2,2
5715,222,2025-12-02,354,24,16,0,10,8,2,1,0,0,1,2,5,0,1,1,1
5716,222,2025-12-02,356,24,16,0,9,4,1,1,0,0,1,2,4,0,1,1,1
5717,222,2025-12-02,359,24,16,0,15,6,1,1,0,0,1,3,7,1,3,1,1
5718,222,2025-12-02,360,24,16,0,15,7,3,0,0,0,0,3,6,0,1,0,0
5719,223,2025-12-03,391,27,28,1,29,26,5,6,1,0,4,6,12,1,3,4,5
5720,223,2025-12-03,392,27,28,1,20,22,2,0,1,1,3,6,10,2,4,3,5
5721,223,2025-12-03,393,27,28,1,22,13,3,3,1,0,1,3,7,1,3,3,3
5722,223,2025-12-03,394,27,28,1,21,6,2,3,1,0,0,2,4,0,1,1,1
5723,223,2025-12-03,395,27,28,1,22,12,6,3,0,0,1,4,7,1,2,2,3
5724,223,2025-12-03,396,27,28,1,25,6,2,1,1,1,0,3,6,0,1,1,1
5725,223,2025-12-03,397,27,28,1,19,11,6,1,1,0,1,3,9,1,4,2,2
5726,223,2025-12-03,398,27,28,1,28,14,5,3,0,0,1,5,10,0,1,1,1
5727,223,2025-12-03,399,27,28,1,11,7,2,2,1,0,1,2,6,1,2,1,1
5728,223,2025-12-03,400,27,28,1,9,2,3,2,1,0,0,0,1,0,0,0,0
5729,223,2025-12-03,402,27,28,1,4,1,2,1,1,0,0,1,3,0,1,0,0
5730,223,2025-12-03,404,27,28,1,18,4,3,1,0,0,0,2,4,0,1,0,0
5731,223,2025-12-03,406,28,27,0,36,24,8,8,1,1,1,7,15,1,3,3,4
5732,223,2025-12-03,407,28,27,0,31,21,7,6,1,1,5,5,12,1,4,3,4
5733,223,2025-12-03,408,28,27,0,28,7,3,3,1,1,2,3,6,0,1,1,1
5734,223,2025-12-03,409,28,27,0,26,7,1,2,1,0,2,3,5,0,1,1,1
5735,223,2025-12-03,410,28,27,0,24,8,2,0,1,1,3,3,8,1,2,1,2
5736,223,2025-12-03,411,28,27,0,11,13,6,0,1,1,1,3,6,0,1,1,1
5737,223,2025-12-03,412,28,27,0,30,7,5,2,1,1,1,3,6,1,3,1,2
5738,223,2025-12-03,413,28,27,0,34,7,1,2,1,0,3,2,3,0,0,1,1
5739,223,2025-12-03,415,28,27,0,4,1,0,1,0,0,1,2,4,1,2,0,0
5740,223,2025-12-03,416,28,27,0,26,3,0,0,1,0,0,1,3,0,0,0,0
5741,223,2025-12-03,417,28,27,0,4,5,3,0,0,0,0,2,5,1,2,1,1
5742,223,2025-12-03,418,28,27,0,7,5,1,0,1,0,1,2,4,0,1,1,1
5743,223,2025-12-03,419,28,27,0,12,3,2,2,1,0,1,0,1,0,0,0,0
5744,224,2025-12-03,31,3,20,1,39,26,8,4,2,0,2,5,14,2,5,2,3
5745,224,2025-12-03,32,3,20,1,26,16,9,0,0,1,1,5,11,0,1,1,2
5746,224,2025-12-03,33,3,20,1,17,7,3,2,1,0,1,3,5,1,2,1,1
5747,224,2025-12-03,34,3,20,1,19,14,5,0,1,0,1,5,11,0,1,1,1
5748,224,2025-12-03,35,3,20,1,23,8,7,2,1,1,1,2,5,1,2,1,2
5749,224,2025-12-03,36,3,20,1,22,10,6,0,1,0,2,3,8,1,3,2,2
5750,224,2025-12-03,37,3,20,1,24,9,2,2,1,0,2,2,4,0,1,1,1
5751,224,2025-12-03,38,3,20,1,24,6,9,1,1,1,1,3,7,1,2,0,0
5752,224,2025-12-03,40,3,20,1,8,7,0,0,0,0,1,2,5,0,1,1,1
5753,224,2025-12-03,41,3,20,1,18,5,1,1,0,0,1,1,3,0,1,1,1
5754,224,2025-12-03,42,3,20,1,12,2,2,1,0,0,1,2,4,0,1,0,0
5755,224,2025-12-03,43,3,20,1,22,4,1,1,0,0,0,3,6,1,2,0,0
5756,224,2025-12-03,286,20,3,0,34,27,8,8,1,1,2,7,15,2,6,2,3
5757,224,2025-12-03,287,20,3,0,31,23,7,4,1,0,3,7,13,1,3,3,4
5758,224,2025-12-03,288,20,3,0,27,5,4,3,1,1,2,2,5,0,1,1,1
5759,224,2025-12-03,289,20,3,0,24,7,6,1,1,0,1,3,7,1,3,1,1
5760,224,2025-12-03,290,20,3,0,19,11,3,1,2,0,1,3,7,1,2,1,1
5761,224,2025-12-03,291,20,3,0,32,9,3,1,2,0,1,2,4,0,1,1,2
5762,224,2025-12-03,292,20,3,0,24,8,4,2,0,1,1,3,6,1,2,1,2
5763,224,2025-12-03,293,20,3,0,23,15,3,1,1,1,1,4,7,1,2,3,3
5764,224,2025-12-03,294,20,3,0,12,3,7,1,1,0,1,2,5,1,2,1,1
5765,224,2025-12-03,295,20,3,0,15,6,1,2,0,0,1,2,4,1,2,1,1
5766,224,2025-12-03,296,20,3,0,15,6,3,1,0,0,1,2,4,0,1,1,1
5767,224,2025-12-03,297,20,3,0,13,6,2,1,0,1,1,3,5,0,1,1,1
5768,224,2025-12-03,298,20,3,0,12,4,2,2,2,0,0,3,5,1,2,1,1
5769,224,2025-12-03,299,20,3,0,4,5,3,0,1,0,1,1,3,0,0,0,0
5770,224,2025-12-03,300,20,3,0,6,7,1,2,0,1,2,2,4,1,2,1,1
5771,225,2025-12-03,76,6,7,1,38,16,8,6,1,0,2,7,12,0,1,1,1
5772,225,2025-12-03,77,6,7,1,35,19,5,1,1,1,1,6,11,1,3,2,3
5773,225,2025-12-03,78,6,7,1,15,3,0,3,1,0,1,2,3,0,1,1,1
5774,225,2025-12-03,79,6,7,1,29,14,3,0,1,0,1,4,8,1,3,1,1
5775,225,2025-12-03,80,6,7,1,29,8,2,1,2,0,1,3,8,1,2,1,1
5776,225,2025-12-03,81,6,7,1,21,10,3,3,1,0,1,2,5,1,2,1,1
5777,225,2025-12-03,82,6,7,1,25,12,1,3,2,1,1,6,10,0,1,2,3
5778,225,2025-12-03,83,6,7,1,28,8,5,0,1,0,2,4,8,0,1,1,1
5779,225,2025-12-03,84,6,7,1,5,3,1,2,0,0,0,3,5,1,2,0,0
5780,225,2025-12-03,86,6,7,1,19,2,3,1,1,0,0,2,5,0,1,0,0
5781,225,2025-12-03,87,6,7,1,4,4,0,2,1,0,1,2,5,0,1,0,0
5782,225,2025-12-03,89,6,7,1,14,4,1,1,0,0,0,3,5,0,1,0,0
5783,225,2025-12-03,90,6,7,1,14,5,3,0,1,0,1,2,4,0,1,1,1
5784,225,2025-12-03,91,7,6,0,35,16,7,2,2,1,0,5,11,1,3,2,3
5785,225,2025-12-03,92,7,6,0,29,27,10,5,1,1,3,6,13,1,4,4,6
5786,225,2025-12-03,93,7,6,0,23,6,8,2,2,0,2,3,5,0,1,0,0
5787,225,2025-12-03,94,7,6,0,26,13,5,3,0,1,1,4,8,1,3,2,2
5788,225,2025-12-03,95,7,6,0,25,9,4,1,0,0,2,2,4,0,1,1,1
5789,225,2025-12-03,96,7,6,0,24,12,2,2,0,0,2,4,7,0,1,1,1
5790,225,2025-12-03,97,7,6,0,27,8,3,2,1,1,1,4,8,1,2,2,2
5791,225,2025-12-03,98,7,6,0,20,12,4,2,1,1,2,3,8,1,2,2,2
5792,225,2025-12-03,101,7,6,0,4,2,2,1,0,1,1,1,2,0,1,0,0
5793,225,2025-12-03,102,7,6,0,12,7,2,0,1,1,1,3,5,1,2,0,0
5794,226,2025-12-03,421,29,12,1,32,34,2,5,2,0,3,8,18,2,6,2,3
5795,226,2025-12-03,422,29,12,1,29,21,11,5,1,0,3,6,14,2,6,2,3
5796,226,2025-12-03,423,29,12,1,21,13,7,3,0,1,1,4,9,1,3,1,1
5797,226,2025-12-03,424,29,12,1,27,8,0,0,1,0,1,2,5,1,2,1,2
5798,226,2025-12-03,425,29,12,1,25,9,4,4,1,1,1,3,7,1,3,1,2
5799,226,2025-12-03,426,29,12,1,27,12,4,4,0,1,2,4,8,1,2,2,2
5800,226,2025-12-03,427,29,12,1,22,14,7,2,1,1,1,5,9,0,1,2,3
5801,226,2025-12-03,428,29,12,1,20,5,3,3,0,0,0,3,6,0,1,0,0
5802,226,2025-12-03,429,29,12,1,23,3,1,1,0,1,2,3,5,1,2,1,1
5803,226,2025-12-03,430,29,12,1,8,5,3,0,1,0,1,2,5,0,1,1,1
5804,226,2025-12-03,431,29,12,1,17,6,3,0,0,0,1,1,3,0,1,1,1
5805,226,2025-12-03,432,29,12,1,5,5,1,2,0,0,1,2,5,1,2,1,1
5806,226,2025-12-03,433,29,12,1,16,4,1,2,0,0,1,2,5,0,1,1,1
5807,226,2025-12-03,434,29,12,1,5,5,4,0,1,0,1,2,5,0,1,1,1
5808,226,2025-12-03,166,12,29,0,25,15,5,3,1,1,2,6,11,1,3,2,3
5809,226,2025-12-03,167,12,29,0,34,27,7,8,2,1,1,7,15,2,4,2,2
5810,226,2025-12-03,168,12,29,0,25,10,4,3,1,0,1,3,8,1,3,1,2
5811,226,2025-12-03,169,12,29,0,19,9,3,1,1,0,2,2,5,0,1,1,1
5812,226,2025-12-03,170,12,29,0,19,3,4,1,1,0,1,1,2,0,0,1,1
5813,226,2025-12-03,171,12,29,0,29,12,4,2,1,0,0,3,6,1,2,1,1
5814,226,2025-12-03,172,12,29,0,22,11,6,5,0,0,1,3,5,0,1,1,1
5815,226,2025-12-03,173,12,29,0,31,13,7,4,1,0,1,5,10,1,2,2,2
5816,226,2025-12-03,175,12,29,0,16,6,2,4,0,0,2,2,5,0,1,0,0
5817,226,2025-12-03,177,12,29,0,20,6,2,0,0,0,1,2,4,1,2,1,1
5818,226,2025-12-03,178,12,29,0,11,6,3,2,0,0,1,3,6,0,1,0,0
5819,226,2025-12-03,179,12,29,0,11,8,1,1,1,0,0,4,8,0,1,0,0
5820,227,2025-12-03,91,7,26,1,30,32,10,6,1,0,3,8,18,3,7,3,3
5821,227,2025-12-03,92,7,26,1,30,23,6,0,1,0,5,7,12,1,2,4,5
5822,227,2025-12-03,93,7,26,1,30,8,3,4,0,1,1,3,5,1,2,1,1
5823,227,2025-12-03,94,7,26,1,23,6,2,2,0,0,1,1,3,0,1,0,0
5824,227,2025-12-03,95,7,26,1,25,11,4,1,1,0,1,4,8,0,1,3,3
5825,227,2025-12-03,96,7,26,1,37,1,9,5,1,0,2,0,1,0,0,0,0
5826,227,2025-12-03,97,7,26,1,24,8,6,1,1,0,2,2,4,1,2,2,2
5827,227,2025-12-03,98,7,26,1,26,6,6,3,0,0,0,2,4,1,2,1,1
5828,227,2025-12-03,100,7,26,1,5,6,2,0,0,0,0,2,4,0,1,1,1
5829,227,2025-12-03,101,7,26,1,5,5,3,1,1,0,1,1,2,0,0,1,1
5830,227,2025-12-03,102,7,26,1,11,6,1,2,1,1,1,3,5,0,1,1,1
5831,227,2025-12-03,103,7,26,1,14,5,2,2,1,0,1,3,6,0,1,1,1
5832,227,2025-12-03,104,7,26,1,4,4,1,1,0,0,1,3,5,1,2,1,1
5833,227,2025-12-03,376,26,7,0,27,22,9,5,2,1,3,6,11,1,2,4,5
5834,227,2025-12-03,377,26,7,0,33,20,6,3,1,0,4,5,12,1,2,2,2
5835,227,2025-12-03,378,26,7,0,26,12,0,5,1,1,2,4,8,1,3,1,1
5836,227,2025-12-03,379,26,7,0,27,12,6,2,1,1,1,5,10,1,2,3,3
5837,227,2025-12-03,380,26,7,0,23,15,2,1,1,0,1,4,9,0,1,2,3
5838,227,2025-12-03,381,26,7,0,23,14,5,5,0,0,2,3,8,1,3,1,2
5839,227,2025-12-03,382,26,7,0,24,6,6,0,0,1,0,2,6,0,1,0,0
5840,227,2025-12-03,383,26,7,0,26,2,5,2,1,0,2,0,1,0,0,0,0
5841,227,2025-12-03,385,26,7,0,8,3,0,0,1,0,1,2,4,0,1,0,0
5842,227,2025-12-03,386,26,7,0,12,2,1,0,1,0,0,2,4,0,1,0,0
5843,228,2025-12-03,196,14,6,1,29,22,8,8,1,2,2,6,14,2,6,2,3
5844,228,2025-12-03,197,14,6,1,31,31,4,6,2,0,4,8,18,1,4,6,8
5845,228,2025-12-03,198,14,6,1,30,8,4,5,1,0,1,2,4,0,1,2,2
5846,228,2025-12-03,199,14,6,1,28,12,4,3,0,1,2,4,9,1,3,1,1
5847,228,2025-12-03,200,14,6,1,13,12,4,3,1,0,1,4,7,1,3,1,1
5848,228,2025-12-03,201,14,6,1,26,6,3,2,1,1,1,3,6,1,3,0,0
5849,228,2025-12-03,202,14,6,1,27,6,6,3,0,1,2,3,7,1,3,0,0
5850,228,2025-12-03,203,14,6,1,24,8,1,2,1,0,2,4,7,1,2,1,1
5851,228,2025-12-03,204,14,6,1,14,3,3,0,1,0,1,2,5,0,1,1,1
5852,228,2025-12-03,206,14,6,1,12,4,2,0,0,0,0,3,6,1,3,1,1
5853,228,2025-12-03,208,14,6,1,15,3,3,1,1,0,1,3,5,0,1,1,1
5854,228,2025-12-03,209,14,6,1,15,4,0,2,1,0,1,3,6,0,1,1,1
5855,228,2025-12-03,76,6,14,0,36,18,7,3,1,1,4,5,9,1,2,2,3
5856,228,2025-12-03,77,6,14,0,33,22,8,4,2,1,2,5,11,1,2,1,1
5857,228,2025-12-03,78,6,14,0,24,7,7,5,1,1,1,3,7,1,2,1,1
5858,228,2025-12-03,79,6,14,0,26,9,6,2,1,1,1,4,8,1,2,2,2
5859,228,2025-12-03,80,6,14,0,24,9,3,4,1,0,1,2,4,0,1,2,2
5860,228,2025-12-03,81,6,14,0,17,12,5,4,0,1,2,3,6,0,1,1,1
5861,228,2025-12-03,82,6,14,0,27,5,3,2,1,1,2,2,6,1,2,1,1
5862,228,2025-12-03,83,6,14,0,27,6,4,4,1,1,1,2,4,0,0,1,1
5863,228,2025-12-03,84,6,14,0,4,6,2,1,0,0,1,3,7,1,2,1,1
5864,228,2025-12-03,85,6,14,0,8,6,1,1,0,0,1,2,4,1,2,1,1
5865,228,2025-12-03,86,6,14,0,13,4,0,1,1,0,1,3,6,1,2,0,0
5866,228,2025-12-03,87,6,14,0,15,4,1,1,0,0,0,1,2,0,1,1,1
5867,228,2025-12-03,89,6,14,0,12,5,0,0,1,0,1,3,5,1,2,1,1
5868,228,2025-12-03,90,6,14,0,4,4,0,1,0,0,1,2,5,1,2,1,1
5869,229,2025-12-04,61,5,20,1,37,21,10,6,2,1,3,4,10,0,1,4,5
5870,229,2025-12-04,62,5,20,1,32,13,4,4,2,0,5,4,8,0,1,1,1
5871,229,2025-12-04,63,5,20,1,25,10,7,2,1,0,1,4,8,2,4,2,2
5872,229,2025-12-04,64,5,20,1,25,9,5,0,2,0,2,3,6,0,1,1,1
5873,229,2025-12-04,65,5,20,1,28,5,7,5,1,0,1,2,4,0,1,1,1
5874,229,2025-12-04,66,5,20,1,20,3,4,1,1,0,1,2,5,0,1,1,1
5875,229,2025-12-04,67,5,20,1,20,7,2,2,0,1,3,4,7,1,3,1,1
5876,229,2025-12-04,68,5,20,1,26,10,2,2,1,1,1,4,9,1,2,1,2
5877,229,2025-12-04,69,5,20,1,12,4,4,2,0,0,1,1,3,0,1,0,0
5878,229,2025-12-04,70,5,20,1,18,4,2,1,1,0,0,2,5,1,2,1,1
5879,229,2025-12-04,71,5,20,1,5,3,2,1,1,0,0,2,5,1,2,1,1
5880,229,2025-12-04,72,5,20,1,16,5,3,0,1,0,1,2,5,1,2,0,0
5881,229,2025-12-04,73,5,20,1,29,8,2,1,1,0,1,3,6,0,1,1,1
5882,229,2025-12-04,74,5,20,1,19,3,2,0,0,0,1,3,5,0,1,0,0
5883,229,2025-12-04,75,5,20,1,12,6,2,0,0,0,1,3,7,0,1,1,1
5884,229,2025-12-04,286,20,5,0,42,22,4,4,1,0,3,6,11,1,2,2,3
5885,229,2025-12-04,287,20,5,0,32,12,2,0,1,0,2,5,10,2,4,1,1
5886,229,2025-12-04,288,20,5,0,19,8,0,2,1,1,2,4,8,1,3,1,1
5887,229,2025-12-04,289,20,5,0,18,9,5,2,1,0,0,3,8,1,2,1,1
5888,229,2025-12-04,290,20,5,0,29,10,4,1,0,1,2,3,8,1,3,1,1
5889,229,2025-12-04,291,20,5,0,22,8,7,2,0,0,1,3,8,1,2,1,1
5890,229,2025-12-04,292,20,5,0,26,7,5,1,0,0,2,2,4,0,1,1,1
5891,229,2025-12-04,293,20,5,0,18,5,5,2,1,1,2,3,6,0,1,1,1
5892,229,2025-12-04,294,20,5,0,14,2,0,0,0,0,1,0,1,0,0,0,0
5893,229,2025-12-04,298,20,5,0,14,3,0,1,1,0,1,1,2,0,1,0,0
5894,229,2025-12-04,299,20,5,0,6,3,2,0,0,0,0,2,5,0,1,0,0
5895,229,2025-12-04,300,20,5,0,12,5,0,0,1,0,2,1,3,0,1,0,0
5896,230,2025-12-04,301,21,22,1,30,17,3,8,1,1,0,6,12,2,4,3,4
5897,230,2025-12-04,302,21,22,1,34,19,9,4,2,1,2,4,10,2,4,2,3
5898,230,2025-12-04,303,21,22,1,28,11,2,1,0,0,2,4,8,1,3,1,1
5899,230,2025-12-04,304,21,22,1,25,15,6,1,0,0,1,6,11,1,4,1,1
5900,230,2025-12-04,305,21,22,1,26,6,4,3,0,0,0,4,7,1,2,1,1
5901,230,2025-12-04,306,21,22,1,17,11,1,2,1,0,1,3,7,0,1,1,1
5902,230,2025-12-04,307,21,22,1,22,13,8,3,1,0,3,5,9,1,3,1,1
5903,230,2025-12-04,308,21,22,1,31,14,6,2,1,1,2,5,10,1,2,1,1
5904,230,2025-12-04,309,21,22,1,14,7,3,2,0,0,0,4,7,1,2,1,2
5905,230,2025-12-04,310,21,22,1,16,5,2,1,1,0,1,3,6,1,2,1,1
5906,230,2025-12-04,311,21,22,1,15,8,0,0,0,0,0,4,8,1,3,1,1
5907,230,2025-12-04,312,21,22,1,20,8,3,1,1,0,0,4,7,1,2,1,1
5908,230,2025-12-04,314,21,22,1,11,3,1,2,0,0,1,1,3,0,1,0,0
5909,230,2025-12-04,315,21,22,1,8,3,2,2,1,0,1,2,3,0,1,1,1
5910,230,2025-12-04,316,22,21,0,33,23,8,6,2,0,3,6,14,1,3,3,5
5911,230,2025-12-04,317,22,21,0,35,26,5,4,2,1,3,5,12,2,4,3,4
5912,230,2025-12-04,318,22,21,0,28,10,5,0,0,1,2,2,6,0,1,1,1
5913,230,2025-12-04,319,22,21,0,31,11,4,0,1,1,2,4,8,1,3,1,1
5914,230,2025-12-04,320,22,21,0,23,9,4,2,0,0,1,3,7,1,2,2,2
5915,230,2025-12-04,321,22,21,0,21,15,3,3,1,1,1,6,11,1,3,3,3
5916,230,2025-12-04,322,22,21,0,19,8,5,1,1,1,0,2,4,0,1,2,2
5917,230,2025-12-04,323,22,21,0,24,5,4,1,1,0,2,1,3,0,0,1,1
5918,230,2025-12-04,326,22,21,0,14,6,2,0,0,0,1,2,5,0,1,1,1
5919,230,2025-12-04,327,22,21,0,5,3,3,1,0,0,1,2,3,0,1,1,1
5920,230,2025-12-04,328,22,21,0,20,8,3,0,1,0,1,2,5,0,1,1,1
5921,230,2025-12-04,330,22,21,0,13,5,1,1,1,0,1,1,2,0,0,0,0
5922,231,2025-12-04,31,3,18,1,35,32,8,5,1,1,2,7,15,1,2,4,5
5923,231,2025-12-04,32,3,18,1,29,24,8,5,2,1,3,6,14,1,4,2,3
5924,231,2025-12-04,33,3,18,1,34,7,2,2,1,1,0,1,3,0,1,1,1
5925,231,2025-12-04,34,3,18,1,32,7,3,3,1,0,2,2,3,0,1,1,1
5926,231,2025-12-04,35,3,18,1,19,9,3,1,1,1,2,3,6,0,1,1,1
5927,231,2025-12-04,36,3,18,1,35,10,3,3,1,1,0,4,9,1,2,2,2
5928,231,2025-12-04,37,3,18,1,34,7,5,0,2,0,1,2,6,1,2,1,1
5929,231,2025-12-04,38,3,18,1,31,5,4,1,1,0,2,2,4,0,1,1,1
5930,231,2025-12-04,39,3,18,1,10,7,4,2,1,0,1,3,5,1,2,1,1
5931,231,2025-12-04,40,3,18,1,11,7,1,1,1,0,0,3,7,1,3,0,0
5932,231,2025-12-04,41,3,18,1,7,6,2,2,0,0,0,3,6,1,2,1,1
5933,231,2025-12-04,42,3,18,1,8,3,1,1,0,0,0,1,3,0,1,0,0
5934,231,2025-12-04,43,3,18,1,10,7,2,1,0,0,0,2,6,0,1,0,0
5935,231,2025-12-04,44,3,18,1,8,8,1,1,0,0,1,2,5,1,2,1,1
5936,231,2025-12-04,256,18,3,0,25,23,6,3,2,0,2,7,13,1,4,4,5
5937,231,2025-12-04,257,18,3,0,34,20,12,5,1,1,2,6,11,1,5,4,5
5938,231,2025-12-04,258,18,3,0,22,5,1,2,1,1,1,2,4,0,1,0,0
5939,231,2025-12-04,259,18,3,0,28,6,5,3,1,0,2,2,6,1,2,1,1
5940,231,2025-12-04,260,18,3,0,26,10,5,3,1,0,1,3,6,0,1,1,2
5941,231,2025-12-04,261,18,3,0,15,11,8,0,1,0,2,3,6,1,2,2,2
5942,231,2025-12-04,262,18,3,0,31,8,3,2,1,0,2,4,7,0,1,1,1
5943,231,2025-12-04,263,18,3,0,24,12,1,5,1,0,1,4,7,1,2,2,2
5944,231,2025-12-04,265,18,3,0,10,4,3,1,0,0,0,1,2,0,1,1,1
5945,231,2025-12-04,266,18,3,0,6,3,3,1,0,0,1,2,3,0,0,0,0
5946,231,2025-12-04,267,18,3,0,10,5,3,3,1,0,1,3,6,1,2,1,1
5947,231,2025-12-04,270,18,3,0,18,1,2,1,0,0,1,1,2,0,1,0,0
5948,232,2025-12-04,241,17,24,1,44,25,2,5,2,0,3,8,14,1,3,3,4
5949,232,2025-12-04,242,17,24,1,40,11,9,6,1,1,3,4,8,1,3,1,1
5950,232,2025-12-04,243,17,24,1,23,7,5,1,1,0,1,3,6,1,2,2,2
5951,232,2025-12-04,244,17,24,1,30,10,4,4,0,0,1,4,7,1,2,2,2
5952,232,2025-12-04,245,17,24,1,22,7,2,1,1,0,1,4,7,1,3,1,1
5953,232,2025-12-04,246,17,24,1,25,12,4,3,1,1,2,4,7,0,1,2,2
5954,232,2025-12-04,247,17,24,1,24,7,1,2,0,0,2,3,6,1,2,1,1
5955,232,2025-12-04,248,17,24,1,24,8,1,4,1,0,1,3,5,0,1,1,1
5956,232,2025-12-04,250,17,24,1,13,7,0,1,1,0,1,2,3,0,1,1,1
5957,232,2025-12-04,251,17,24,1,13,5,1,1,1,0,1,2,6,1,2,0,0
5958,232,2025-12-04,254,17,24,1,13,4,3,1,0,0,1,1,2,0,1,1,1
5959,232,2025-12-04,255,17,24,1,11,4,0,2,0,0,1,2,4,0,1,1,1
5960,232,2025-12-04,346,24,17,0,33,16,5,7,0,1,2,4,11,1,2,1,2
5961,232,2025-12-04,347,24,17,0,35,26,6,6,1,1,3,6,12,1,5,3,4
5962,232,2025-12-04,348,24,17,0,27,6,0,3,1,0,0,3,7,0,1,1,1
5963,232,2025-12-04,349,24,17,0,21,10,4,3,1,1,0,3,5,1,2,2,2
5964,232,2025-12-04,350,24,17,0,24,15,5,3,1,0,1,4,8,0,1,2,3
5965,232,2025-12-04,351,24,17,0,23,6,2,1,1,0,1,3,6,0,1,1,1
5966,232,2025-12-04,352,24,17,0,28,11,4,1,1,0,1,3,6,1,2,1,1
5967,232,2025-12-04,353,24,17,0,26,9,4,3,2,1,2,3,6,1,3,2,2
5968,232,2025-12-04,354,24,17,0,11,5,1,1,0,0,1,1,2,0,0,1,1
5969,232,2025-12-04,355,24,17,0,14,5,3,2,1,0,2,3,6,1,2,1,1
5970,232,2025-12-04,357,24,17,0,6,6,4,0,1,0,1,3,6,1,2,1,1
5971,232,2025-12-04,358,24,17,0,18,3,3,1,0,0,1,2,4,0,1,0,0
5972,232,2025-12-04,359,24,17,0,16,5,4,0,1,0,0,3,6,1,3,1,1
5973,232,2025-12-04,360,24,17,0,8,3,2,1,0,0,0,2,3,0,1,0,0
5974,233,2025-12-04,121,9,1,1,27,13,2,2,2,1,3,5,9,1,2,1,2
5975,233,2025-12-04,122,9,1,1,36,14,9,6,1,1,3,5,9,1,4,1,2
5976,233,2025-12-04,123,9,1,1,20,3,6,2,1,0,0,1,2,0,0,0,0
5977,233,2025-12-04,124,9,1,1,24,3,1,2,1,0,1,2,4,0,1,0,0
5978,233,2025-12-04,125,9,1,1,20,13,0,2,1,1,1,5,9,1,2,2,2
5979,233,2025-12-04,126,9,1,1,32,8,7,3,0,0,1,3,8,1,2,1,1
5980,233,2025-12-04,127,9,1,1,24,7,4,3,1,0,0,2,4,0,1,2,2
5981,233,2025-12-04,128,9,1,1,26,7,6,3,1,1,2,2,4,1,2,1,1
5982,233,2025-12-04,129,9,1,1,18,6,2,0,0,0,1,2,5,1,2,1,1
5983,233,2025-12-04,130,9,1,1,19,2,3,1,0,0,0,1,3,0,1,0,0
5984,233,2025-12-04,132,9,1,1,8,4,2,2,1,0,0,1,2,0,1,1,1
5985,233,2025-12-04,133,9,1,1,13,5,3,0,0,0,1,2,4,0,1,0,0
5986,233,2025-12-04,135,9,1,1,12,2,4,1,1,0,2,2,4,0,1,0,0
5987,233,2025-12-04,1,1,9,0,34,31,5,9,1,1,3,9,17,3,6,3,4
5988,233,2025-12-04,2,1,9,0,27,23,7,3,1,0,4,5,14,2,5,1,1
5989,233,2025-12-04,3,1,9,0,22,11,3,0,0,0,1,3,6,0,1,2,3
5990,233,2025-12-04,4,1,9,0,20,7,3,0,1,1,2,3,7,1,3,1,1
5991,233,2025-12-04,5,1,9,0,17,11,7,4,2,0,1,4,7,1,2,1,2
5992,233,2025-12-04,6,1,9,0,29,6,2,0,1,0,1,3,6,0,1,1,1
5993,233,2025-12-04,7,1,9,0,23,11,4,3,0,0,2,4,9,1,2,1,1
5994,233,2025-12-04,8,1,9,0,30,13,3,4,0,0,1,4,7,0,1,2,2
5995,233,2025-12-04,9,1,9,0,6,4,1,0,1,0,2,2,3,0,1,1,1
5996,233,2025-12-04,10,1,9,0,14,4,2,0,0,0,1,3,6,1,3,1,1
5997,233,2025-12-04,12,1,9,0,19,1,2,1,1,0,1,1,2,0,1,0,0
5998,233,2025-12-04,14,1,9,0,16,7,1,0,0,0,1,2,4,0,1,0,0
5999,233,2025-12-04,15,1,9,0,21,4,0,1,1,0,1,2,3,0,1,1,1
6000,234,2025-12-04,226,16,15,1,30,27,5,2,1,1,4,7,15,1,4,5,7
6001,234,2025-12-04,227,16,15,1,29,16,2,6,1,1,3,4,10,1,2,1,2
6002,234,2025-12-04,228,16,15,1,25,12,4,2,0,0,2,3,6,0,1,1,2
6003,234,2025-12-04,229,16,15,1,24,9,5,2,0,0,2,4,7,0,1,1,1
6004,234,2025-12-04,230,16,15,1,24,5,4,3,0,1,0,2,3,0,1,1,1
6005,234,2025-12-04,231,16,15,1,23,4,5,4,1,0,2,1,2,0,1,1,1
6006,234,2025-12-04,232,16,15,1,31,10,6,3,0,1,1,2,5,1,2,1,2
6007,234,2025-12-04,233,16,15,1,22,7,6,1,1,0,2,2,4,1,2,2,2
6008,234,2025-12-04,234,16,15,1,11,3,3,2,0,0,1,1,1,0,0,0,0
6009,234,2025-12-04,235,16,15,1,16,4,5,1,0,0,1,2,4,1,2,1,1
6010,234,2025-12-04,236,16,15,1,15,4,3,0,1,0,1,1,2,0,1,1,1
6011,234,2025-12-04,237,16,15,1,19,3,2,1,1,0,1,0,1,0,0,1,1
6012,234,2025-12-04,238,16,15,1,27,3,2,0,0,1,1,2,4,0,1,0,0
6013,234,2025-12-04,239,16,15,1,13,4,2,0,0,0,1,2,4,1,2,0,0
6014,234,2025-12-04,240,16,15,1,10,4,2,1,1,0,0,2,4,0,1,1,1
6015,234,2025-12-04,211,15,16,0,31,32,5,7,3,0,4,8,17,1,5,6,7
6016,234,2025-12-04,212,15,16,0,31,20,4,5,1,1,1,7,13,1,2,2,2
6017,234,2025-12-04,213,15,16,0,12,4,5,2,1,1,2,2,4,0,1,0,0
6018,234,2025-12-04,214,15,16,0,37,11,3,0,1,0,2,4,8,1,2,2,2
6019,234,2025-12-04,215,15,16,0,16,9,4,3,0,1,2,3,8,1,3,1,1
6020,234,2025-12-04,216,15,16,0,32,13,4,4,2,0,2,4,8,1,2,1,2
6021,234,2025-12-04,217,15,16,0,18,11,4,2,1,0,1,3,6,0,1,1,1
6022,234,2025-12-04,218,15,16,0,20,11,5,2,1,0,0,4,9,1,3,2,2
6023,234,2025-12-04,219,15,16,0,15,0,2,1,1,0,0,2,4,0,1,0,0
6024,234,2025-12-04,220,15,16,0,4,0,1,1,0,0,1,0,1,0,0,0,0
6025,234,2025-12-04,222,15,16,0,9,4,2,2,0,1,0,2,4,0,1,1,1
6026,234,2025-12-04,225,15,16,0,12,4,3,0,0,0,1,2,5,0,1,0,0
6027,235,2025-12-05,136,10,4,1,31,28,9,5,1,1,2,9,17,1,5,5,7
6028,235,2025-12-05,137,10,4,1,35,25,7,7,1,1,4,9,15,1,3,4,5
6029,235,2025-12-05,138,10,4,1,23,16,5,1,1,0,1,4,8,1,3,2,3
6030,235,2025-12-05,139,10,4,1,33,11,4,1,0,1,2,4,7,0,1,2,2
6031,235,2025-12-05,140,10,4,1,24,6,2,2,0,0,2,3,6,1,2,1,1
6032,235,2025-12-05,141,10,4,1,17,7,2,3,1,0,2,1,3,0,1,1,1
6033,235,2025-12-05,142,10,4,1,21,5,8,3,2,0,1,2,4,1,2,0,0
6034,235,2025-12-05,143,10,4,1,30,6,3,2,1,0,2,4,7,1,3,1,1
6035,235,2025-12-05,145,10,4,1,14,4,1,2,0,0,1,2,5,0,1,1,1
6036,235,2025-12-05,146,10,4,1,11,7,2,1,0,1,1,3,6,1,2,0,0
6037,235,2025-12-05,148,10,4,1,14,3,1,2,1,0,1,1,2,0,0,1,1
6038,235,2025-12-05,149,10,4,1,10,5,3,2,1,0,1,1,3,0,1,0,0
6039,235,2025-12-05,46,4,10,0,42,24,6,1,1,1,2,6,12,2,5,3,4
6040,235,2025-12-05,47,4,10,0,24,25,3,5,1,0,2,7,14,2,5,3,4
6041,235,2025-12-05,48,4,10,0,22,7,8,1,1,1,2,2,4,1,2,1,1
6042,235,2025-12-05,49,4,10,0,20,11,3,2,1,0,1,5,9,1,2,1,1
6043,235,2025-12-05,50,4,10,0,29,10,3,1,1,1,1,3,8,0,1,1,1
6044,235,2025-12-05,51,4,10,0,27,7,3,4,1,0,2,3,5,0,1,1,1
6045,235,2025-12-05,52,4,10,0,24,4,5,5,1,1,0,3,6,0,1,1,1
6046,235,2025-12-05,53,4,10,0,22,7,3,4,0,0,2,3,6,0,1,1,1
6047,235,2025-12-05,54,4,10,0,4,6,3,1,1,0,1,2,4,0,1,1,1
6048,235,2025-12-05,55,4,10,0,20,3,1,0,0,0,0,2,5,1,2,0,0
6049,235,2025-12-05,56,4,10,0,17,4,2,1,0,0,1,2,4,0,1,0,0
6050,235,2025-12-05,57,4,10,0,11,3,2,1,1,0,1,1,1,0,0,0,0
6051,235,2025-12-05,58,4,10,0,19,0,0,4,0,0,2,1,3,0,1,0,0
6052,235,2025-12-05,59,4,10,0,12,2,2,0,0,0,0,3,5,1,2,0,0
6053,235,2025-12-05,60,4,10,0,16,4,0,1,1,0,0,1,3,0,1,1,1
6054,236,2025-12-05,271,19,2,1,35,15,0,3,1,1,2,5,10,2,4,1,1
6055,236,2025-12-05,272,19,2,1,31,19,2,2,1,0,3,5,12,1,4,2,3
6056,236,2025-12-05,273,19,2,1,22,3,0,1,1,0,1,0,1,0,0,0,0
6057,236,2025-12-05,274,19,2,1,21,7,5,3,1,0,1,3,5,0,1,1,1
6058,236,2025-12-05,275,19,2,1,15,11,3,2,0,1,1,3,7,0,1,1,1
6059,236,2025-12-05,276,19,2,1,21,13,10,2,1,1,1,6,10,1,3,1,1
6060,236,2025-12-05,277,19,2,1,15,16,6,3,0,1,0,4,9,1,4,2,3
6061,236,2025-12-05,278,19,2,1,24,8,6,2,1,1,0,3,5,1,2,1,1
6062,236,2025-12-05,279,19,2,1,13,6,2,1,1,0,1,1,3,0,1,1,1
6063,236,2025-12-05,281,19,2,1,15,4,3,1,0,0,1,2,3,0,1,0,0
6064,236,2025-12-05,282,19,2,1,17,2,4,0,0,0,0,2,4,0,1,0,0
6065,236,2025-12-05,283,19,2,1,8,2,3,0,0,0,1,2,4,1,2,0,0
6066,236,2025-12-05,285,19,2,1,20,0,0,1,0,0,0,1,1,0,0,0,0
6067,236,2025-12-05,16,2,19,0,40,32,6,8,1,1,4,7,16,2,7,6,8
6068,236,2025-12-05,17,2,19,0,35,22,10,6,1,1,3,6,12,0,1,1,2
6069,236,2025-12-05,18,2,19,0,30,14,6,1,0,1,1,3,8,1,2,1,1
6070,236,2025-12-05,19,2,19,0,21,12,2,4,1,0,3,4,8,1,3,2,2
6071,236,2025-12-05,20,2,19,0,28,10,6,3,0,1,2,3,9,1,4,1,2
6072,236,2025-12-05,21,2,19,0,26,15,6,2,1,0,1,3,8,1,4,1,2
6073,236,2025-12-05,22,2,19,0,19,12,4,2,1,0,1,4,10,1,3,1,2
6074,236,2025-12-05,23,2,19,0,16,9,9,0,1,0,2,4,7,1,2,1,1
6075,236,2025-12-05,25,2,19,0,10,7,3,2,1,0,1,3,6,1,2,1,1
6076,236,2025-12-05,28,2,19,0,4,1,2,2,0,0,1,2,3,0,0,0,0
6077,236,2025-12-05,30,2,19,0,4,4,3,2,1,0,1,3,6,0,1,0,0
6078,237,2025-12-05,436,30,13,1,34,27,7,6,2,1,3,7,14,2,5,1,2
6079,237,2025-12-05,437,30,13,1,39,23,6,0,1,0,3,5,11,1,4,3,4
6080,237,2025-12-05,438,30,13,1,22,11,6,5,0,0,2,3,5,0,1,2,2
6081,237,2025-12-05,439,30,13,1,20,12,6,2,1,1,1,6,10,1,3,2,3
6082,237,2025-12-05,440,30,13,1,25,10,1,3,1,0,1,4,9,0,1,1,2
6083,237,2025-12-05,441,30,13,1,25,12,7,3,1,1,1,3,7,1,3,2,3
6084,237,2025-12-05,442,30,13,1,21,10,4,1,1,0,2,2,5,0,1,2,2
6085,237,2025-12-05,443,30,13,1,14,16,6,4,1,1,1,4,8,1,2,2,2
6086,237,2025-12-05,448,30,13,1,12,5,4,1,0,0,1,3,6,1,3,1,1
6087,237,2025-12-05,449,30,13,1,12,5,4,3,0,0,0,2,4,1,2,1,1
6088,237,2025-12-05,450,30,13,1,6,7,4,3,1,0,2,3,6,0,1,1,1
6089,237,2025-12-05,181,13,30,0,33,21,4,5,1,0,3,6,10,2,4,1,1
6090,237,2025-12-05,182,13,30,0,33,14,1,5,1,1,3,5,9,1,3,2,3
6091,237,2025-12-05,183,13,30,0,22,6,6,2,1,0,2,2,3,0,0,1,1
6092,237,2025-12-05,184,13,30,0,15,9,1,4,0,1,1,2,6,1,2,1,1
6093,237,2025-12-05,185,13,30,0,21,7,0,0,1,1,1,3,7,0,1,1,1
6094,237,2025-12-05,186,13,30,0,19,6,6,3,1,0,2,2,5,1,2,1,1
6095,237,2025-12-05,187,13,30,0,21,12,5,2,0,1,1,4,10,1,4,1,1
6096,237,2025-12-05,188,13,30,0,13,9,1,2,1,0,1,2,5,1,2,1,1
6097,237,2025-12-05,189,13,30,0,13,5,1,1,0,1,1,2,5,1,2,1,1
6098,237,2025-12-05,190,13,30,0,15,2,2,1,0,0,1,2,5,0,1,0,0
6099,237,2025-12-05,191,13,30,0,4,1,1,1,0,0,1,2,4,0,1,0,0
6100,237,2025-12-05,192,13,30,0,13,5,2,0,0,0,1,3,6,0,1,1,1
6101,237,2025-12-05,194,13,30,0,11,6,3,1,1,0,0,1,3,0,1,1,1
6102,237,2025-12-05,195,13,30,0,10,1,2,3,0,0,1,2,4,0,1,0,0
6103,238,2025-12-05,151,11,25,1,32,15,11,3,1,1,0,4,11,2,5,1,2
6104,238,2025-12-05,152,11,25,1,32,16,5,6,1,1,4,6,11,1,3,2,3
6105,238,2025-12-05,153,11,25,1,18,7,0,1,1,0,1,3,5,0,1,0,0
6106,238,2025-12-05,154,11,25,1,21,6,2,3,1,1,1,3,5,0,1,1,1
6107,238,2025-12-05,155,11,25,1,22,8,2,0,1,0,1,3,8,1,3,1,2
6108,238,2025-12-05,156,11,25,1,25,11,5,6,1,0,2,4,8,1,3,1,2
6109,238,2025-12-05,157,11,25,1,17,8,3,1,1,0,2,3,7,1,3,1,1
6110,238,2025-12-05,158,11,25,1,30,3,4,3,0,1,1,0,1,0,0,1,1
6111,238,2025-12-05,160,11,25,1,4,2,1,0,0,0,2,1,3,0,1,0,0
6112,238,2025-12-05,162,11,25,1,7,4,1,1,0,0,0,1,2,0,1,1,1
6113,238,2025-12-05,163,11,25,1,15,2,1,1,0,0,1,1,3,0,1,0,0
6114,238,2025-12-05,361,25,11,0,28,15,2,4,1,0,1,4,8,1,2,3,4
6115,238,2025-12-05,362,25,11,0,31,25,5,7,2,1,4,7,12,1,2,2,2
6116,238,2025-12-05,363,25,11,0,19,14,6,2,1,0,1,4,8,0,1,2,2
6117,238,2025-12-05,364,25,11,0,21,6,4,4,1,0,1,4,7,1,2,1,1
6118,238,2025-12-05,365,25,11,0,33,14,5,2,1,0,1,4,7,1,2,2,3
6119,238,2025-12-05,366,25,11,0,24,10,4,4,0,0,2,4,8,1,3,1,1
6120,238,2025-12-05,367,25,11,0,12,10,5,4,1,1,2,2,5,0,1,1,2
6121,238,2025-12-05,368,25,11,0,16,13,4,5,1,0,1,3,7,1,2,1,1
6122,238,2025-12-05,369,25,11,0,6,3,3,3,1,0,1,2,4,0,1,1,1
6123,238,2025-12-05,372,25,11,0,9,2,3,1,0,0,1,1,1,0,0,0,0
6124,238,2025-12-05,373,25,11,0,4,5,0,1,1,0,1,3,5,0,1,1,1
6125,238,2025-12-05,374,25,11,0,7,7,3,1,0,0,0,1,3,0,1,1,1
6126,239,2025-12-05,391,27,28,1,29,29,7,6,1,1,2,9,18,3,7,3,4
6127,239,2025-12-05,392,27,28,1,35,20,12,5,2,1,2,5,11,1,2,1,1
6128,239,2025-12-05,393,27,28,1,32,10,4,3,1,0,2,2,5,0,1,1,1
6129,239,2025-12-05,394,27,28,1,32,9,5,2,1,0,2,2,5,1,2,1,2
6130,239,2025-12-05,395,27,28,1,19,12,7,4,1,1,2,5,10,1,4,2,2
6131,239,2025-12-05,396,27,28,1,32,11,3,3,1,1,1,3,8,0,1,2,3
6132,239,2025-12-05,397,27,28,1,11,7,4,2,0,0,2,3,6,0,1,1,1
6133,239,2025-12-05,398,27,28,1,23,5,1,4,1,1,2,2,4,0,1,1,1
6134,239,2025-12-05,399,27,28,1,13,5,3,1,0,0,1,2,4,1,2,1,1
6135,239,2025-12-05,400,27,28,1,11,1,1,1,1,0,1,0,1,0,0,0,0
6136,239,2025-12-05,401,27,28,1,7,6,3,1,0,0,0,1,3,0,1,1,1
6137,239,2025-12-05,402,27,28,1,17,2,2,2,0,0,0,1,2,0,0,0,0
6138,239,2025-12-05,403,27,28,1,11,5,1,1,1,0,1,2,6,1,2,1,1
6139,239,2025-12-05,404,27,28,1,17,5,1,2,1,0,1,2,4,1,2,1,1
6140,239,2025-12-05,405,27,28,1,19,5,1,1,0,0,0,2,3,0,0,0,0
6141,239,2025-12-05,406,28,27,0,36,20,7,4,1,1,1,4,10,1,3,4,4
6142,239,2025-12-05,407,28,27,0,34,19,7,0,1,2,3,5,12,1,2,3,4
6143,239,2025-12-05,408,28,27,0,16,13,7,1,1,0,1,3,6,1,2,1,2
6144,239,2025-12-05,409,28,27,0,31,4,0,4,1,0,2,2,5,0,1,1,1
6145,239,2025-12-05,410,28,27,0,17,9,1,3,1,0,1,3,5,0,1,1,1
6146,239,2025-12-05,411,28,27,0,24,6,4,2,1,1,1,2,5,0,1,1,1
6147,239,2025-12-05,412,28,27,0,26,10,4,0,1,0,1,3,5,0,1,2,2
6148,239,2025-12-05,413,28,27,0,20,7,1,2,1,0,1,2,5,0,1,2,2
6149,239,2025-12-05,415,28,27,0,10,2,2,2,0,0,1,2,4,0,1,0,0
6150,239,2025-12-05,417,28,27,0,11,2,2,2,1,0,0,2,4,0,1,0,0
6151,239,2025-12-05,419,28,27,0,12,2,1,2,1,0,1,3,5,1,2,0,0
6152,239,2025-12-05,420,28,27,0,19,6,1,1,1,0,1,2,3,0,1,1,1
6153,240,2025-12-05,331,23,8,1,37,32,8,7,1,1,3,8,18,3,8,4,4
6154,240,2025-12-05,332,23,8,1,38,20,2,8,1,0,3,6,12,2,4,3,4
6155,240,2025-12-05,333,23,8,1,22,12,0,3,2,0,2,4,10,2,4,1,1
6156,240,2025-12-05,334,23,8,1,27,7,5,1,1,0,2,1,3,0,1,1,1
6157,240,2025-12-05,335,23,8,1,19,8,0,1,1,0,2,3,6,1,2,1,1
6158,240,2025-12-05,336,23,8,1,26,8,2,4,1,1,1,2,4,1,2,1,1
6159,240,2025-12-05,337,23,8,1,22,6,5,0,1,1,3,2,4,0,1,1,1
6160,240,2025-12-05,338,23,8,1,23,12,3,3,0,0,1,3,7,1,2,1,1
6161,240,2025-12-05,339,23,8,1,12,0,1,3,1,0,1,1,1,0,0,0,0
6162,240,2025-12-05,340,23,8,1,14,2,1,2,0,0,1,3,5,0,1,0,0
6163,240,2025-12-05,341,23,8,1,13,2,2,1,1,0,1,2,5,0,1,0,0
6164,240,2025-12-05,342,23,8,1,19,0,2,1,0,0,0,1,1,0,0,0,0
6165,240,2025-12-05,343,23,8,1,22,4,1,1,0,0,1,2,3,0,1,1,1
6166,240,2025-12-05,344,23,8,1,12,7,2,3,1,1,0,3,7,1,3,1,1
6167,240,2025-12-05,345,23,8,1,21,4,1,1,0,0,1,3,6,0,1,0,0
6168,240,2025-12-05,106,8,23,0,35,20,9,3,1,1,5,7,13,1,4,2,3
6169,240,2025-12-05,107,8,23,0,35,15,5,3,1,1,3,6,11,1,2,2,2
6170,240,2025-12-05,108,8,23,0,26,10,2,2,1,1,2,3,6,1,2,2,2
6171,240,2025-12-05,109,8,23,0,14,5,3,2,0,0,2,3,6,1,3,0,0
6172,240,2025-12-05,110,8,23,0,36,6,1,3,2,0,1,2,5,0,1,1,1
6173,240,2025-12-05,111,8,23,0,17,12,4,0,1,1,2,3,8,1,2,2,2
6174,240,2025-12-05,112,8,23,0,18,8,3,1,1,0,2,3,6,0,1,1,1
6175,240,2025-12-05,113,8,23,0,18,4,3,3,0,0,2,1,2,0,0,1,1
6176,240,2025-12-05,114,8,23,0,4,6,2,0,0,0,1,2,5,1,2,1,1
6177,240,2025-12-05,115,8,23,0,11,2,3,0,0,0,1,1,2,0,1,0,0
6178,240,2025-12-05,116,8,23,0,21,8,1,2,0,0,0,3,8,1,2,0,0
6179,240,2025-12-05,118,8,23,0,11,1,0,1,1,0,0,1,1,0,0,0,0
6180,240,2025-12-05,119,8,23,0,9,0,3,1,1,0,0,1,2,0,1,0,0
6181,240,2025-12-05,120,8,23,0,16,0,0,1,1,0,2,2,3,0,0,0,0
6182,241,2025-12-06,196,14,21,1,41,28,7,6,2,0,2,7,15,1,2,4,5
6183,241,2025-12-06,197,14,21,1,31,21,4,4,2,1,4,7,12,1,3,1,1
6184,241,2025-12-06,198,14,21,1,24,8,4,3,1,0,2,2,4,0,1,1,2
6185,241,2025-12-06,199,14,21,1,26,11,2,4,1,0,0,3,8,1,2,1,1
6186,241,2025-12-06,200,14,21,1,22,7,6,5,1,0,1,4,7,0,1,0,0
6187,241,2025-12-06,201,14,21,1,24,6,4,1,1,0,1,3,5,0,1,1,1
6188,241,2025-12-06,202,14,21,1,19,12,5,1,1,0,2,5,9,1,2,1,1
6189,241,2025-12-06,203,14,21,1,19,9,0,2,1,1,1,2,4,0,1,2,2
6190,241,2025-12-06,204,14,21,1,8,3,2,0,1,0,1,2,4,0,1,1,1
6191,241,2025-12-06,205,14,21,1,16,0,2,2,1,0,0,2,4,0,1,0,0
6192,241,2025-12-06,206,14,21,1,21,6,2,0,0,0,2,2,4,0,1,1,1
6193,241,2025-12-06,207,14,21,1,9,0,2,0,0,0,1,0,1,0,0,0,0
6194,241,2025-12-06,208,14,21,1,10,5,2,1,0,0,1,3,5,0,1,0,0
6195,241,2025-12-06,209,14,21,1,13,8,1,1,0,1,1,3,8,1,3,1,2
6196,241,2025-12-06,210,14,21,1,4,2,2,1,1,1,1,1,3,0,1,0,0
6197,241,2025-12-06,301,21,14,0,30,18,5,6,1,0,2,5,12,1,3,1,2
6198,241,2025-12-06,302,21,14,0,30,25,10,2,1,1,1,6,14,1,4,4,5
6199,241,2025-12-06,303,21,14,0,27,10,1,5,1,1,2,2,5,0,1,1,1
6200,241,2025-12-06,304,21,14,0,20,10,3,3,2,0,2,3,7,1,2,1,1
6201,241,2025-12-06,305,21,14,0,31,12,4,1,1,0,1,4,7,1,2,1,1
6202,241,2025-12-06,306,21,14,0,26,10,4,2,1,0,2,4,8,1,2,1,1
6203,241,2025-12-06,307,21,14,0,22,11,6,1,1,0,2,4,9,1,3,1,1
6204,241,2025-12-06,308,21,14,0,26,4,1,3,0,0,2,1,2,0,0,1,1
6205,241,2025-12-06,309,21,14,0,14,1,0,1,1,0,1,0,1,0,0,0,0
6206,241,2025-12-06,310,21,14,0,15,4,1,2,1,0,0,2,6,1,2,1,1
6207,241,2025-12-06,311,21,14,0,13,2,4,0,0,0,1,1,3,0,1,0,0
6208,241,2025-12-06,313,21,14,0,11,7,4,0,1,0,2,2,3,0,1,2,2
6209,241,2025-12-06,314,21,14,0,4,4,1,0,1,0,1,3,6,1,2,1,1
6210,241,2025-12-06,315,21,14,0,8,1,0,1,1,0,1,0,1,0,0,0,0
6211,242,2025-12-06,376,26,2,1,33,36,10,6,1,1,1,10,17,1,3,5,6
6212,242,2025-12-06,377,26,2,1,34,16,6,2,2,0,0,6,12,1,2,1,1
6213,242,2025-12-06,378,26,2,1,26,5,3,2,1,0,0,1,3,0,1,1,1
6214,242,2025-12-06,379,26,2,1,26,16,7,3,0,1,2,5,10,1,2,1,2
6215,242,2025-12-06,380,26,2,1,12,5,4,2,1,0,2,2,5,1,2,1,1
6216,242,2025-12-06,381,26,2,1,21,1,4,3,1,0,1,1,1,0,0,0,0
6217,242,2025-12-06,382,26,2,1,26,5,5,1,1,0,2,2,5,0,1,1,1
6218,242,2025-12-06,383,26,2,1,14,0,4,0,1,1,1,1,3,0,1,0,0
6219,242,2025-12-06,384,26,2,1,13,2,4,2,1,0,0,0,1,0,0,0,0
6220,242,2025-12-06,387,26,2,1,8,8,3,0,0,0,1,4,7,1,3,2,2
6221,242,2025-12-06,389,26,2,1,11,2,1,1,1,0,1,0,1,0,0,0,0
6222,242,2025-12-06,390,26,2,1,9,8,2,1,0,0,1,4,7,0,1,1,1
6223,242,2025-12-06,16,2,26,0,30,24,7,4,1,1,4,7,14,1,2,4,5
6224,242,2025-12-06,17,2,26,0,34,9,2,5,1,1,2,4,8,1,3,2,2
6225,242,2025-12-06,18,2,26,0,20,4,8,4,2,1,2,1,2,0,0,0,0
6226,242,2025-12-06,19,2,26,0,27,6,6,0,1,1,2,3,7,1,2,1,1
6227,242,2025-12-06,20,2,26,0,27,12,2,1,1,0,1,4,9,1,3,2,2
6228,242,2025-12-06,21,2,26,0,26,8,4,1,1,1,1,4,7,0,1,1,1
6229,242,2025-12-06,22,2,26,0,32,14,1,2,1,1,1,5,9,1,3,3,3
6230,242,2025-12-06,23,2,26,0,23,6,2,4,0,1,2,1,3,0,1,0,0
6231,242,2025-12-06,25,2,26,0,20,7,2,0,1,0,1,3,7,1,3,1,2
6232,242,2025-12-06,28,2,26,0,6,4,2,1,1,0,1,3,5,1,2,1,1
6233,242,2025-12-06,29,2,26,0,23,8,2,2,1,0,1,2,4,0,1,1,1
6234,243,2025-12-06,316,22,29,1,35,14,9,0,2,0,6,4,8,1,3,2,3
6235,243,2025-12-06,317,22,29,1,38,29,4,2,0,1,4,8,15,1,2,2,2
6236,243,2025-12-06,318,22,29,1,15,10,4,2,1,1,1,4,8,0,1,2,2
6237,243,2025-12-06,319,22,29,1,24,15,5,3,1,0,2,4,11,1,3,1,2
6238,243,2025-12-06,320,22,29,1,22,10,7,1,1,1,1,5,9,1,3,2,2
6239,243,2025-12-06,321,22,29,1,26,5,5,2,1,0,2,2,3,0,1,0,0
6240,243,2025-12-06,322,22,29,1,21,8,5,2,1,1,1,3,7,1,2,1,1
6241,243,2025-12-06,323,22,29,1,21,7,4,5,1,0,2,2,4,0,1,1,1
6242,243,2025-12-06,325,22,29,1,11,1,2,1,1,0,0,1,2,0,1,0,0
6243,243,2025-12-06,326,22,29,1,20,2,1,2,1,0,1,2,4,1,2,0,0
6244,243,2025-12-06,328,22,29,1,14,2,3,1,0,0,1,2,4,0,1,0,0
6245,243,2025-12-06,329,22,29,1,10,6,2,1,0,0,0,3,6,0,1,0,0
6246,243,2025-12-06,330,22,29,1,9,5,0,0,1,0,2,3,6,0,1,1,1
6247,243,2025-12-06,421,29,22,0,35,21,7,7,1,1,2,6,14,2,5,2,3
6248,243,2025-12-06,422,29,22,0,36,17,5,3,1,1,3,6,11,1,2,1,2
6249,243,2025-12-06,423,29,22,0,21,12,5,5,0,1,2,5,9,0,1,2,2
6250,243,2025-12-06,424,29,22,0,23,8,6,4,1,1,1,3,7,1,2,2,2
6251,243,2025-12-06,425,29,22,0,25,14,6,2,1,0,3,4,9,1,3,2,2
6252,243,2025-12-06,426,29,22,0,25,10,5,5,1,0,2,4,7,0,1,1,1
6253,243,2025-12-06,427,29,22,0,19,5,4,0,0,0,1,2,4,0,1,0,0
6254,243,2025-12-06,428,29,22,0,29,11,3,2,1,0,2,2,5,0,1,1,2
6255,243,2025-12-06,429,29,22,0,7,11,5,0,0,1,0,4,7,1,3,1,1
6256,243,2025-12-06,430,29,22,0,4,2,3,1,1,0,1,2,5,1,2,0,0
6257,243,2025-12-06,431,29,22,0,10,3,1,2,0,0,0,1,3,0,1,0,0
6258,243,2025-12-06,432,29,22,0,11,5,4,2,0,0,0,1,3,0,0,1,1
6259,244,2025-12-06,436,30,6,1,42,30,2,6,1,1,1,7,15,1,3,1,2
6260,244,2025-12-06,437,30,6,1,32,25,2,9,2,0,3,6,12,1,4,2,3
6261,244,2025-12-06,438,30,6,1,25,15,2,3,0,0,3,4,9,1,3,1,1
6262,244,2025-12-06,439,30,6,1,18,7,6,2,1,0,1,1,3,0,1,1,1
6263,244,2025-12-06,440,30,6,1,21,13,2,3,1,0,1,6,10,0,1,1,1
6264,244,2025-12-06,441,30,6,1,20,6,4,1,2,1,1,3,7,0,1,1,1
6265,244,2025-12-06,442,30,6,1,20,10,4,2,0,1,2,2,5,0,1,1,2
6266,244,2025-12-06,443,30,6,1,25,4,4,3,1,0,0,1,3,0,1,1,1
6267,244,2025-12-06,444,30,6,1,14,4,2,1,1,0,0,3,6,1,2,0,0
6268,244,2025-12-06,445,30,6,1,14,5,4,1,0,0,2,2,4,0,0,1,1
6269,244,2025-12-06,446,30,6,1,16,2,2,2,1,1,1,2,3,0,1,0,0
6270,244,2025-12-06,447,30,6,1,4,3,2,1,1,0,1,0,1,0,0,1,1
6271,244,2025-12-06,448,30,6,1,12,4,2,2,0,0,1,1,2,0,1,1,1
6272,244,2025-12-06,450,30,6,1,8,0,4,2,1,0,0,0,1,0,0,0,0
6273,244,2025-12-06,76,6,30,0,33,26,3,0,2,1,3,9,16,2,7,4,6
6274,244,2025-12-06,77,6,30,0,32,19,3,7,1,1,5,5,11,1,2,2,3
6275,244,2025-12-06,78,6,30,0,26,8,0,2,1,0,1,2,4,0,1,1,2
6276,244,2025-12-06,79,6,30,0,26,11,3,0,1,0,2,3,5,1,2,1,1
6277,244,2025-12-06,80,6,30,0,23,7,1,0,1,0,1,2,6,1,2,1,1
6278,244,2025-12-06,81,6,30,0,22,10,4,3,1,1,3,3,6,1,2,1,1
6279,244,2025-12-06,82,6,30,0,27,10,9,2,1,0,2,4,8,1,3,1,1
6280,244,2025-12-06,83,6,30,0,21,6,7,2,1,0,0,3,7,0,1,1,1
6281,244,2025-12-06,84,6,30,0,13,1,1,0,0,0,0,1,1,0,0,0,0
6282,244,2025-12-06,85,6,30,0,16,4,1,0,1,0,0,1,3,0,1,0,0
6283,244,2025-12-06,86,6,30,0,7,2,5,3,0,0,0,0,1,0,0,0,0
6284,244,2025-12-06,87,6,30,0,14,3,3,2,0,0,0,2,3,0,1,0,0
6285,244,2025-12-06,88,6,30,0,27,6,4,1,0,0,1,2,5,1,2,1,1
6286,244,2025-12-06,90,6,30,0,9,2,3,1,1,1,1,2,4,0,1,0,0
6287,245,2025-12-06,31,3,1,1,33,21,4,4,0,1,3,4,11,1,3,3,3
6288,245,2025-12-06,32,3,1,1,33,17,5,6,1,1,2,6,11,0,1,2,2
6289,245,2025-12-06,33,3,1,1,28,10,3,2,1,0,2,5,9,1,2,2,2
6290,245,2025-12-06,34,3,1,1,24,15,6,3,1,0,2,4,7,1,2,3,4
6291,245,2025-12-06,35,3,1,1,32,7,2,1,0,0,2,1,3,0,0,1,1
6292,245,2025-12-06,36,3,1,1,24,14,2,3,1,0,1,4,7,1,2,1,1
6293,245,2025-12-06,37,3,1,1,21,7,0,0,1,0,3,3,6,1,3,1,1
6294,245,2025-12-06,38,3,1,1,17,10,7,4,0,0,2,3,6,0,1,1,1
6295,245,2025-12-06,39,3,1,1,12,4,0,1,1,1,1,3,6,0,1,0,0
6296,245,2025-12-06,40,3,1,1,10,4,2,0,0,0,1,1,2,0,0,1,1
6297,245,2025-12-06,41,3,1,1,9,1,1,0,0,0,2,0,1,0,0,0,0
6298,245,2025-12-06,42,3,1,1,12,4,3,0,1,0,1,3,5,0,1,1,1
6299,245,2025-12-06,43,3,1,1,14,4,1,1,0,0,2,2,5,1,2,0,0
6300,245,2025-12-06,44,3,1,1,8,2,2,0,1,1,0,1,3,0,1,0,0
6301,245,2025-12-06,45,3,1,1,15,3,1,0,1,0,1,2,5,1,2,0,0
6302,245,2025-12-06,1,1,3,0,31,40,8,4,1,1,4,9,19,1,2,7,8
6303,245,2025-12-06,2,1,3,0,29,12,5,0,1,1,2,4,9,1,3,2,3
6304,245,2025-12-06,3,1,3,0,18,10,2,1,0,1,1,3,6,0,1,2,2
6305,245,2025-12-06,4,1,3,0,33,12,5,4,0,0,2,3,8,0,1,2,3
6306,245,2025-12-06,5,1,3,0,26,9,3,3,0,1,1,3,6,1,2,1,1
6307,245,2025-12-06,6,1,3,0,21,10,6,3,1,0,0,4,8,1,2,1,1
6308,245,2025-12-06,7,1,3,0,25,11,1,3,1,0,1,4,9,0,1,1,1
6309,245,2025-12-06,8,1,3,0,22,6,0,2,0,0,1,3,7,0,1,1,1
6310,245,2025-12-06,9,1,3,0,13,4,3,1,0,1,1,2,4,0,1,1,1
6311,245,2025-12-06,10,1,3,0,5,7,0,1,1,0,0,3,6,1,2,2,2
6312,245,2025-12-06,11,1,3,0,4,6,3,0,1,0,0,2,4,0,1,1,1
6313,245,2025-12-06,12,1,3,0,11,3,4,1,1,0,1,1,2,0,0,0,0
6314,245,2025-12-06,13,1,3,0,5,5,1,0,0,0,1,2,3,0,1,1,1
6315,245,2025-12-06,14,1,3,0,9,5,1,1,1,1,2,2,3,0,1,1,1
6316,245,2025-12-06,15,1,3,0,11,4,1,1,0,0,1,3,6,0,1,0,0
6317,246,2025-12-06,91,7,12,1,29,21,8,8,1,1,2,6,13,2,5,3,3
6318,246,2025-12-06,92,7,12,1,28,23,6,6,1,0,2,7,15,1,4,1,1
6319,246,2025-12-06,93,7,12,1,21,6,10,5,1,1,1,2,4,0,1,1,1
6320,246,2025-12-06,94,7,12,1,25,11,7,4,1,0,2,4,7,1,3,1,1
6321,246,2025-12-06,95,7,12,1,27,6,3,3,0,1,1,2,3,0,0,1,1
6322,246,2025-12-06,96,7,12,1,18,9,5,5,1,0,1,2,4,0,1,1,2
6323,246,2025-12-06,97,7,12,1,22,6,6,3,1,0,2,4,7,1,3,1,1
6324,246,2025-12-06,98,7,12,1,25,8,6,3,1,0,1,3,5,0,1,1,1
6325,246,2025-12-06,99,7,12,1,15,3,2,0,1,0,1,2,4,0,1,0,0
6326,246,2025-12-06,100,7,12,1,28,5,3,2,1,0,0,1,2,0,1,0,0
6327,246,2025-12-06,102,7,12,1,11,9,2,3,0,0,2,3,7,1,2,1,2
6328,246,2025-12-06,103,7,12,1,13,1,4,3,1,0,1,0,1,0,0,0,0
6329,246,2025-12-06,104,7,12,1,8,4,4,4,1,0,1,1,3,0,1,0,0
6330,246,2025-12-06,105,7,12,1,17,4,2,1,0,0,0,3,6,0,1,1,1
6331,246,2025-12-06,166,12,7,0,31,21,6,5,0,1,3,5,10,1,2,4,5
6332,246,2025-12-06,167,12,7,0,34,27,11,7,2,0,1,7,16,2,5,5,6
6333,246,2025-12-06,168,12,7,0,17,10,3,1,1,0,2,2,5,0,1,1,1
6334,246,2025-12-06,169,12,7,0,17,7,3,4,0,1,2,4,7,0,1,2,2
6335,246,2025-12-06,170,12,7,0,26,9,5,4,1,0,2,3,5,0,1,1,2
6336,246,2025-12-06,171,12,7,0,22,9,6,3,1,0,1,3,8,1,2,1,2
6337,246,2025-12-06,172,12,7,0,22,9,8,0,1,0,1,3,7,0,1,1,1
6338,246,2025-12-06,173,12,7,0,33,8,4,3,1,0,1,4,7,1,2,1,1
6339,246,2025-12-06,175,12,7,0,9,4,0,1,0,0,1,2,5,0,1,0,0
6340,246,2025-12-06,176,12,7,0,12,5,0,0,1,0,1,1,3,0,0,1,1
6341,246,2025-12-06,177,12,7,0,11,4,4,3,1,0,1,1,2,0,0,1,1
6342,246,2025-12-06,179,12,7,0,4,4,4,0,1,0,1,2,4,0,1,1,1
6343,247,2025-12-07,391,27,10,1,30,15,4,10,0,1,3,4,11,1,2,2,3
6344,247,2025-12-07,392,27,10,1,32,16,3,5,2,0,3,4,9,1,3,1,1
6345,247,2025-12-07,393,27,10,1,16,12,3,1,1,1,0,4,8,0,1,1,2
6346,247,2025-12-07,394,27,10,1,26,6,0,2,1,1,3,2,4,0,1,1,1
6347,247,2025-12-07,395,27,10,1,20,10,4,1,1,1,2,4,8,0,1,1,1
6348,247,2025-12-07,396,27,10,1,17,6,1,2,1,0,2,1,3,0,1,1,1
6349,247,2025-12-07,397,27,10,1,23,11,3,4,1,1,1,2,5,1,2,1,1
6350,247,2025-12-07,398,27,10,1,21,8,2,4,1,1,1,3,6,0,1,1,2
6351,247,2025-12-07,399,27,10,1,8,4,2,2,1,0,1,1,3,0,1,0,0
6352,247,2025-12-07,400,27,10,1,9,5,4,1,0,0,1,1,2,0,1,0,0
6353,247,2025-12-07,401,27,10,1,16,5,2,1,0,0,1,2,6,0,1,1,1
6354,247,2025-12-07,403,27,10,1,6,4,1,1,0,0,2,2,3,0,1,1,1
6355,247,2025-12-07,404,27,10,1,12,4,2,1,0,0,0,3,5,1,2,1,1
6356,247,2025-12-07,405,27,10,1,18,3,4,1,0,0,1,1,2,0,1,0,0
6357,247,2025-12-07,136,10,27,0,33,20,4,6,2,1,4,5,11,1,4,2,3
6358,247,2025-12-07,137,10,27,0,28,23,5,7,2,0,3,5,12,1,4,4,5
6359,247,2025-12-07,138,10,27,0,26,4,7,3,1,0,1,2,4,0,0,1,1
6360,247,2025-12-07,139,10,27,0,27,11,6,2,1,1,0,5,9,1,3,1,1
6361,247,2025-12-07,140,10,27,0,21,12,5,1,1,0,1,4,9,2,4,2,2
6362,247,2025-12-07,141,10,27,0,28,12,7,2,0,0,1,5,9,0,1,1,2
6363,247,2025-12-07,142,10,27,0,17,15,0,2,1,0,1,4,8,1,2,1,2
6364,247,2025-12-07,143,10,27,0,26,11,1,0,0,0,1,3,5,1,2,3,3
6365,247,2025-12-07,144,10,27,0,14,3,2,2,0,0,1,2,5,1,2,0,0
6366,247,2025-12-07,145,10,27,0,16,5,2,0,0,0,0,2,4,0,1,1,1
6367,247,2025-12-07,146,10,27,0,12,1,1,2,0,0,1,0,1,0,0,0,0
6368,247,2025-12-07,147,10,27,0,11,2,1,1,1,0,1,1,2,0,1,0,0
6369,247,2025-12-07,149,10,27,0,15,4,1,0,0,0,0,2,4,0,1,0,0
6370,247,2025-12-07,150,10,27,0,19,2,3,2,1,0,0,1,3,0,1,0,0
6371,248,2025-12-07,151,11,20,1,35,25,9,3,1,1,2,5,12,2,4,5,6
6372,248,2025-12-07,152,11,20,1,33,26,7,10,1,0,4,7,13,1,4,2,3
6373,248,2025-12-07,153,11,20,1,27,11,3,0,1,0,1,4,8,1,3,1,1
6374,248,2025-12-07,154,11,20,1,23,14,6,3,0,0,1,3,8,1,2,1,2
6375,248,2025-12-07,155,11,20,1,36,7,4,1,1,0,1,4,7,0,1,1,1
6376,248,2025-12-07,156,11,20,1,26,10,7,3,1,0,1,4,7,0,1,1,1
6377,248,2025-12-07,157,11,20,1,21,11,8,2,0,0,1,3,7,1,3,2,2
6378,248,2025-12-07,158,11,20,1,25,10,4,1,0,0,3,4,9,1,3,1,1
6379,248,2025-12-07,160,11,20,1,11,6,4,2,1,0,0,3,5,1,2,1,1
6380,248,2025-12-07,161,11,20,1,11,1,3,2,0,0,0,1,2,0,1,0,0
6381,248,2025-12-07,162,11,20,1,10,3,1,3,1,0,1,1,1,0,0,0,0
6382,248,2025-12-07,163,11,20,1,4,5,3,1,0,0,2,1,2,0,0,1,1
6383,248,2025-12-07,164,11,20,1,8,5,3,0,0,0,2,1,3,0,0,0,0
6384,248,2025-12-07,165,11,20,1,15,6,2,2,1,0,1,2,4,0,1,1,1
6385,248,2025-12-07,286,20,11,0,39,23,6,2,1,0,3,6,12,1,2,3,4
6386,248,2025-12-07,287,20,11,0,39,22,8,11,1,0,4,6,14,1,4,3,3
6387,248,2025-12-07,288,20,11,0,22,10,2,2,1,1,2,3,7,0,1,1,1
6388,248,2025-12-07,289,20,11,0,31,9,8,0,1,0,2,3,8,1,3,1,1
6389,248,2025-12-07,290,20,11,0,30,5,5,3,1,0,0,1,2,0,1,0,0
6390,248,2025-12-07,291,20,11,0,23,8,5,2,1,1,1,2,4,0,1,1,1
6391,248,2025-12-07,292,20,11,0,18,9,3,1,1,1,2,3,7,1,2,1,1
6392,248,2025-12-07,293,20,11,0,18,9,1,1,1,0,1,2,5,1,2,1,1
6393,248,2025-12-07,294,20,11,0,15,5,2,1,1,0,0,1,3,0,1,0,0
6394,248,2025-12-07,295,20,11,0,9,7,5,0,0,0,0,1,3,0,1,2,2
6395,248,2025-12-07,296,20,11,0,13,5,2,2,1,0,1,1,2,0,1,0,0
6396,248,2025-12-07,298,20,11,0,17,8,3,1,0,0,1,2,5,0,1,1,1
6397,248,2025-12-07,300,20,11,0,20,3,1,1,0,1,1,2,5,0,1,1,1
6398,249,2025-12-07,406,28,8,1,36,25,7,2,1,0,3,6,14,1,2,3,4
6399,249,2025-12-07,407,28,8,1,34,16,2,8,2,1,2,5,11,1,2,4,4
6400,249,2025-12-07,408,28,8,1,32,7,5,0,1,0,1,3,6,0,1,1,1
6401,249,2025-12-07,409,28,8,1,19,12,6,5,1,0,1,5,9,1,2,2,2
6402,249,2025-12-07,410,28,8,1,25,7,2,3,1,0,1,3,6,1,2,1,1
6403,249,2025-12-07,411,28,8,1,15,4,4,2,1,0,1,2,4,1,2,1,1
6404,249,2025-12-07,412,28,8,1,27,3,3,1,1,0,1,0,1,0,0,0,0
6405,249,2025-12-07,413,28,8,1,26,1,3,1,0,1,1,1,2,0,1,0,0
6406,249,2025-12-07,414,28,8,1,20,2,4,0,1,0,0,1,2,0,1,0,0
6407,249,2025-12-07,416,28,8,1,11,4,1,2,1,1,1,2,4,1,2,1,1
6408,249,2025-12-07,418,28,8,1,19,6,1,2,0,0,1,2,5,0,1,0,0
6409,249,2025-12-07,419,28,8,1,16,3,2,0,0,0,2,1,3,0,1,0,0
6410,249,2025-12-07,106,8,28,0,34,30,12,5,1,0,3,7,17,2,6,2,2
6411,249,2025-12-07,107,8,28,0,27,27,9,3,1,0,2,8,14,1,2,3,3
6412,249,2025-12-07,108,8,28,0,16,7,4,2,1,0,2,2,4,1,2,1,1
6413,249,2025-12-07,109,8,28,0,19,6,7,2,1,0,2,3,5,0,1,0,0
6414,249,2025-12-07,110,8,28,0,22,10,6,5,1,0,3,4,9,1,2,1,2
6415,249,2025-12-07,111,8,28,0,27,9,6,2,1,1,1,2,4,0,1,1,2
6416,249,2025-12-07,112,8,28,0,28,10,3,2,1,0,2,3,8,0,1,2,2
6417,249,2025-12-07,113,8,28,0,30,5,5,2,0,0,1,1,2,0,1,1,1
6418,249,2025-12-07,114,8,28,0,12,8,0,2,0,0,1,4,8,0,1,1,1
6419,249,2025-12-07,117,8,28,0,6,4,2,0,0,0,1,1,3,0,1,1,1
6420,249,2025-12-07,118,8,28,0,14,6,0,0,0,0,1,2,5,0,1,1,1
6421,249,2025-12-07,119,8,28,0,14,5,3,2,0,0,0,2,4,0,1,1,1
6422,249,2025-12-07,120,8,28,0,17,4,0,1,0,0,0,3,5,1,2,1,1
6423,250,2025-12-07,256,18,5,1,25,16,5,4,2,1,3,5,11,1,3,2,2
6424,250,2025-12-07,257,18,5,1,36,16,7,6,0,1,4,6,10,1,3,1,1
6425,250,2025-12-07,258,18,5,1,23,5,4,1,1,0,1,1,3,0,1,1,1
6426,250,2025-12-07,259,18,5,1,27,9,2,1,1,0,1,3,5,1,2,2,2
6427,250,2025-12-07,260,18,5,1,18,12,7,0,1,1,3,6,10,1,2,1,1
6428,250,2025-12-07,261,18,5,1,27,6,4,4,1,0,1,2,3,0,0,1,1
6429,250,2025-12-07,262,18,5,1,17,4,1,2,1,1,1,2,4,0,1,1,1
6430,250,2025-12-07,263,18,5,1,25,9,3,2,1,0,1,5,8,1,2,0,0
6431,250,2025-12-07,264,18,5,1,12,4,3,0,1,0,1,2,4,1,2,0,0
6432,250,2025-12-07,267,18,5,1,9,5,0,0,1,0,1,1,2,0,0,1,1
6433,250,2025-12-07,268,18,5,1,19,2,0,2,1,0,1,2,3,0,0,0,0
6434,250,2025-12-07,270,18,5,1,15,4,2,1,1,0,1,2,3,0,1,1,1
6435,250,2025-12-07,61,5,18,0,37,13,2,8,1,1,2,4,7,1,2,2,2
6436,250,2025-12-07,62,5,18,0,32,16,5,1,0,0,1,6,10,0,1,1,1
6437,250,2025-12-07,63,5,18,0,20,11,4,0,1,0,2,4,7,0,1,1,1
6438,250,2025-12-07,64,5,18,0,14,12,5,3,1,0,2,4,8,1,3,1,1
6439,250,2025-12-07,65,5,18,0,24,13,9,3,1,1,1,3,6,1,2,1,2
6440,250,2025-12-07,66,5,18,0,19,9,8,4,2,0,1,3,8,1,3,0,0
6441,250,2025-12-07,67,5,18,0,22,7,4,2,1,0,2,2,4,1,2,2,2
6442,250,2025-12-07,68,5,18,0,25,11,1,4,1,0,3,4,8,0,1,1,1
6443,250,2025-12-07,69,5,18,0,15,3,3,0,1,0,1,0,1,0,0,1,1
6444,250,2025-12-07,71,5,18,0,4,3,1,2,0,0,1,0,1,0,0,0,0
6445,250,2025-12-07,73,5,18,0,16,7,3,2,0,0,1,2,4,0,1,1,1
6446,250,2025-12-07,74,5,18,0,15,3,5,1,1,0,1,2,4,1,2,1,1
6447,251,2025-12-07,331,23,13,1,42,20,8,8,1,0,2,7,13,0,1,2,2
6448,251,2025-12-07,332,23,13,1,36,15,4,4,2,0,2,4,9,1,2,3,4
6449,251,2025-12-07,333,23,13,1,28,13,9,4,1,0,2,4,7,1,3,1,1
6450,251,2025-12-07,334,23,13,1,27,14,4,4,1,1,1,3,8,1,3,2,3
6451,251,2025-12-07,335,23,13,1,21,12,5,4,1,1,2,3,7,1,2,2,2
6452,251,2025-12-07,336,23,13,1,21,14,3,5,1,0,1,3,8,1,2,2,2
6453,251,2025-12-07,337,23,13,1,18,13,6,4,1,0,2,4,9,0,1,2,3
6454,251,2025-12-07,338,23,13,1,21,15,5,2,1,0,1,4,7,1,3,1,2
6455,251,2025-12-07,340,23,13,1,13,2,3,3,1,0,1,2,5,0,1,0,0
6456,251,2025-12-07,341,23,13,1,7,1,3,1,1,0,1,0,1,0,0,0,0
6457,251,2025-12-07,342,23,13,1,13,2,2,1,0,0,0,2,5,0,1,0,0
6458,251,2025-12-07,343,23,13,1,12,9,3,2,0,0,1,4,8,1,2,2,2
6459,251,2025-12-07,344,23,13,1,9,5,3,2,1,0,0,3,6,0,1,0,0
6460,251,2025-12-07,345,23,13,1,21,3,3,1,1,0,1,2,4,0,1,0,0
6461,251,2025-12-07,181,13,23,0,36,18,4,10,1,1,1,5,10,2,4,1,2
6462,251,2025-12-07,182,13,23,0,30,3,3,3,1,0,2,1,3,0,0,0,0
6463,251,2025-12-07,183,13,23,0,18,10,5,2,1,0,1,2,6,0,1,2,2
6464,251,2025-12-07,184,13,23,0,26,8,1,3,1,1,1,3,6,1,3,1,2
6465,251,2025-12-07,185,13,23,0,32,9,3,3,1,0,0,4,8,1,3,1,1
6466,251,2025-12-07,186,13,23,0,17,7,5,2,0,0,2,2,4,0,1,1,1
6467,251,2025-12-07,187,13,23,0,24,11,3,0,1,0,1,4,8,1,2,1,2
6468,251,2025-12-07,188,13,23,0,25,6,4,3,1,1,1,2,3,0,0,1,1
6469,251,2025-12-07,189,13,23,0,9,1,1,2,0,0,1,1,1,0,0,0,0
6470,251,2025-12-07,190,13,23,0,19,3,1,1,1,0,1,2,4,0,1,1,1
6471,251,2025-12-07,191,13,23,0,11,6,1,2,1,0,0,2,5,0,1,1,1
6472,251,2025-12-07,192,13,23,0,13,3,3,0,0,0,1,2,5,0,1,0,0
6473,251,2025-12-07,193,13,23,0,9,1,2,2,1,1,2,0,1,0,0,0,0
6474,251,2025-12-07,195,13,23,0,12,5,0,0,1,0,0,2,3,0,1,1,1
6475,252,2025-12-07,346,24,4,1,41,13,10,7,1,1,3,3,6,0,1,1,2
6476,252,2025-12-07,347,24,4,1,34,18,6,4,1,1,2,7,12,1,3,1,1
6477,252,2025-12-07,348,24,4,1,30,7,2,1,1,1,2,1,3,0,0,1,1
6478,252,2025-12-07,349,24,4,1,29,7,5,2,1,0,1,2,3,0,1,1,1
6479,252,2025-12-07,350,24,4,1,25,12,4,4,1,1,2,3,6,1,2,1,1
6480,252,2025-12-07,351,24,4,1,22,7,6,2,1,0,1,3,6,0,1,1,1
6481,252,2025-12-07,352,24,4,1,28,7,2,2,0,0,2,2,4,0,1,1,1
6482,252,2025-12-07,353,24,4,1,18,8,5,2,1,1,2,3,6,1,2,2,2
6483,252,2025-12-07,354,24,4,1,11,1,3,1,1,0,1,0,1,0,0,0,0
6484,252,2025-12-07,356,24,4,1,20,3,1,1,0,0,1,2,5,0,1,1,1
6485,252,2025-12-07,359,24,4,1,11,4,1,0,1,0,0,1,2,0,0,1,1
6486,252,2025-12-07,46,4,24,0,36,31,5,8,1,1,4,8,16,1,2,3,4
6487,252,2025-12-07,47,4,24,0,31,25,3,3,1,0,2,8,15,3,7,2,2
6488,252,2025-12-07,48,4,24,0,25,10,7,5,1,0,1,3,8,0,1,2,2
6489,252,2025-12-07,49,4,24,0,20,12,4,2,0,0,1,5,9,1,2,1,1
6490,252,2025-12-07,50,4,24,0,27,11,8,4,1,1,1,3,6,0,1,2,2
6491,252,2025-12-07,51,4,24,0,24,13,6,3,1,1,3,4,10,1,4,2,3
6492,252,2025-12-07,52,4,24,0,13,12,5,4,1,0,2,5,10,1,2,2,2
6493,252,2025-12-07,53,4,24,0,25,16,4,3,1,0,2,4,9,1,3,3,3
6494,252,2025-12-07,54,4,24,0,15,4,1,1,0,0,1,2,3,0,1,0,0
6495,252,2025-12-07,55,4,24,0,19,2,4,0,1,0,1,1,3,0,1,0,0
6496,252,2025-12-07,56,4,24,0,15,3,3,0,0,0,1,1,2,0,1,0,0
6497,252,2025-12-07,57,4,24,0,19,3,0,1,0,1,0,1,2,0,0,0,0
6498,252,2025-12-07,58,4,24,0,4,0,0,0,0,0,0,0,1,0,0,0,0
6499,252,2025-12-07,60,4,24,0,9,1,3,1,0,0,1,1,1,0,0,0,0
6500,253,2025-12-08,121,9,25,1,31,21,1,1,1,1,2,6,12,2,4,1,1
6501,253,2025-12-08,122,9,25,1,37,20,3,7,1,1,3,5,12,1,2,2,2
6502,253,2025-12-08,123,9,25,1,26,12,5,2,1,0,1,2,6,0,1,3,3
6503,253,2025-12-08,124,9,25,1,28,6,3,4,1,0,1,1,3,0,1,1,1
6504,253,2025-12-08,125,9,25,1,25,3,6,4,0,1,0,1,1,0,0,0,0
6505,253,2025-12-08,126,9,25,1,20,14,4,1,1,0,0,6,11,1,3,1,2
6506,253,2025-12-08,127,9,25,1,23,7,4,3,2,0,0,1,3,0,1,2,2
6507,253,2025-12-08,128,9,25,1,31,5,0,2,0,1,2,2,5,1,2,1,1
6508,253,2025-12-08,129,9,25,1,15,5,3,0,1,0,1,1,2,0,0,1,1
6509,253,2025-12-08,130,9,25,1,15,6,3,2,1,0,1,3,5,0,1,1,1
6510,253,2025-12-08,131,9,25,1,16,4,4,1,1,1,0,2,4,0,1,1,1
6511,253,2025-12-08,132,9,25,1,10,6,2,1,1,0,0,4,7,0,1,1,1
6512,253,2025-12-08,134,9,25,1,12,3,1,2,0,0,1,1,3,0,1,0,0
6513,253,2025-12-08,135,9,25,1,11,4,3,2,0,0,1,2,4,1,2,1,1
6514,253,2025-12-08,361,25,9,0,33,22,5,5,2,0,1,8,14,1,2,4,5
6515,253,2025-12-08,362,25,9,0,30,23,3,4,2,2,1,6,15,1,3,3,4
6516,253,2025-12-08,363,25,9,0,18,9,5,0,1,0,1,3,6,0,1,1,1
6517,253,2025-12-08,364,25,9,0,23,9,6,1,1,0,2,3,5,0,1,1,1
6518,253,2025-12-08,365,25,9,0,28,8,4,2,0,0,1,3,6,1,2,1,1
6519,253,2025-12-08,366,25,9,0,25,5,0,2,1,1,3,1,2,0,0,1,1
6520,253,2025-12-08,367,25,9,0,31,9,1,1,1,1,2,3,5,1,2,1,1
6521,253,2025-12-08,368,25,9,0,35,15,5,2,1,0,1,4,7,0,1,3,3
6522,253,2025-12-08,369,25,9,0,22,4,1,1,0,0,1,2,4,0,1,1,1
6523,253,2025-12-08,370,25,9,0,14,3,0,0,1,0,1,1,2,0,0,0,0
6524,253,2025-12-08,371,25,9,0,21,4,0,0,1,0,0,3,5,0,1,0,0
6525,253,2025-12-08,372,25,9,0,4,5,1,3,1,0,1,2,4,1,2,1,1
6526,253,2025-12-08,373,25,9,0,10,7,1,2,0,0,0,1,3,0,1,1,1
6527,253,2025-12-08,374,25,9,0,8,0,2,0,0,0,1,1,1,0,0,0,0
6528,253,2025-12-08,375,25,9,0,4,5,2,1,0,1,1,3,5,0,1,1,1
6529,254,2025-12-08,241,17,19,1,25,34,7,6,0,1,3,10,18,2,5,3,4
6530,254,2025-12-08,242,17,19,1,32,29,6,6,2,1,1,7,18,1,2,1,2
6531,254,2025-12-08,243,17,19,1,24,6,4,2,1,0,2,2,5,0,1,1,1
6532,254,2025-12-08,244,17,19,1,21,4,4,7,1,0,1,1,3,0,1,1,1
6533,254,2025-12-08,245,17,19,1,25,6,1,3,0,0,1,1,3,0,1,1,1
6534,254,2025-12-08,246,17,19,1,27,3,8,4,2,1,2,1,3,0,1,0,0
6535,254,2025-12-08,247,17,19,1,17,14,4,2,1,0,1,4,8,1,2,2,3
6536,254,2025-12-08,248,17,19,1,32,9,1,1,1,1,2,3,5,0,1,1,1
6537,254,2025-12-08,249,17,19,1,7,3,3,1,1,1,0,1,3,0,1,1,1
6538,254,2025-12-08,250,17,19,1,10,3,3,0,1,0,1,1,2,0,1,1,1
6539,254,2025-12-08,252,17,19,1,6,3,4,0,1,1,1,1,2,0,1,1,1
6540,254,2025-12-08,253,17,19,1,6,3,1,1,1,0,1,2,4,0,0,0,0
6541,254,2025-12-08,255,17,19,1,8,3,1,1,0,0,1,2,4,0,1,0,0
6542,254,2025-12-08,271,19,17,0,26,21,5,5,1,0,2,5,12,0,1,2,2
6543,254,2025-12-08,272,19,17,0,36,16,3,5,1,0,2,7,12,1,2,1,1
6544,254,2025-12-08,273,19,17,0,24,13,3,3,1,1,2,4,10,1,4,1,2
6545,254,2025-12-08,274,19,17,0,30,11,10,3,1,0,2,2,6,1,2,1,2
6546,254,2025-12-08,275,19,17,0,27,6,6,3,1,1,1,2,5,1,2,1,1
6547,254,2025-12-08,276,19,17,0,23,14,3,1,1,0,1,4,10,1,3,1,1
6548,254,2025-12-08,277,19,17,0,20,13,3,3,1,1,2,4,8,1,2,2,3
6549,254,2025-12-08,278,19,17,0,24,10,1,1,1,1,2,3,7,1,2,1,1
6550,254,2025-12-08,279,19,17,0,9,4,4,1,0,0,2,3,6,0,1,1,1
6551,254,2025-12-08,280,19,17,0,10,3,2,3,0,0,1,2,4,1,2,1,1
6552,254,2025-12-08,281,19,17,0,9,7,3,2,0,0,0,3,6,1,2,1,1
6553,254,2025-12-08,282,19,17,0,8,6,5,1,0,0,0,2,3,0,1,1,1
6554,254,2025-12-08,283,19,17,0,12,2,1,1,0,0,1,3,5,0,1,0,0
6555,254,2025-12-08,284,19,17,0,7,3,2,0,1,0,1,1,3,0,1,0,0
6556,254,2025-12-08,285,19,17,0,5,3,0,1,1,0,1,1,3,0,1,0,0
6557,255,2025-12-08,211,15,16,1,33,27,7,8,1,0,3,7,13,1,2,2,2
6558,255,2025-12-08,212,15,16,1,37,32,7,7,2,1,4,9,17,2,7,1,2
6559,255,2025-12-08,213,15,16,1,26,11,5,3,1,1,1,3,6,0,1,2,2
6560,255,2025-12-08,214,15,16,1,32,9,7,1,1,1,1,3,5,0,1,1,1
6561,255,2025-12-08,215,15,16,1,20,8,5,2,2,0,2,2,4,0,1,1,2
6562,255,2025-12-08,216,15,16,1,19,8,5,3,1,0,2,4,8,1,3,1,1
6563,255,2025-12-08,217,15,16,1,25,7,3,4,1,1,0,2,6,0,1,1,1
6564,255,2025-12-08,218,15,16,1,19,11,7,4,1,1,1,4,8,1,2,1,1
6565,255,2025-12-08,220,15,16,1,8,4,3,2,1,0,1,2,4,0,1,1,1
6566,255,2025-12-08,221,15,16,1,10,3,2,1,1,0,1,1,2,0,1,0,0
6567,255,2025-12-08,222,15,16,1,15,4,1,0,1,0,0,3,6,0,1,0,0
6568,255,2025-12-08,223,15,16,1,12,5,3,0,0,0,0,1,2,0,0,1,1
6569,255,2025-12-08,224,15,16,1,14,5,1,1,1,0,1,2,5,1,2,1,1
6570,255,2025-12-08,225,15,16,1,9,2,4,0,1,0,1,2,4,0,1,0,0
6571,255,2025-12-08,226,16,15,0,31,22,6,6,1,0,3,6,11,1,3,2,3
6572,255,2025-12-08,227,16,15,0,33,23,8,8,1,0,5,9,15,1,3,2,2
6573,255,2025-12-08,228,16,15,0,29,7,5,2,1,0,2,1,3,0,1,1,1
6574,255,2025-12-08,229,16,15,0,29,9,4,4,2,0,1,3,7,1,2,1,1
6575,255,2025-12-08,230,16,15,0,27,7,4,0,0,0,1,3,7,1,2,0,0
6576,255,2025-12-08,231,16,15,0,15,7,2,3,0,1,1,4,7,1,2,1,1
6577,255,2025-12-08,232,16,15,0,21,9,4,4,1,0,2,2,5,1,2,1,1
6578,255,2025-12-08,233,16,15,0,29,13,4,2,0,0,2,3,6,1,2,2,2
6579,255,2025-12-08,234,16,15,0,4,6,4,1,1,0,1,1,3,0,1,1,1
6580,255,2025-12-08,235,16,15,0,17,3,1,1,0,0,0,2,4,0,1,1,1
6581,255,2025-12-08,237,16,15,0,10,3,2,1,1,0,0,1,3,0,0,0,0
6582,255,2025-12-08,238,16,15,0,17,2,3,0,1,0,0,1,3,0,1,0,0
6583,255,2025-12-08,239,16,15,0,16,2,3,1,0,0,0,1,3,0,0,0,0
6584,256,2025-12-08,376,26,2,1,33,37,11,8,1,0,3,11,22,4,9,3,5
6585,256,2025-12-08,377,26,2,1,37,18,7,0,2,0,2,4,9,1,2,1,2
6586,256,2025-12-08,378,26,2,1,17,10,3,2,1,0,0,4,8,1,2,2,2
6587,256,2025-12-08,379,26,2,1,36,14,4,1,0,1,2,3,7,0,1,1,2
6588,256,2025-12-08,380,26,2,1,27,3,2,1,1,1,0,2,4,0,1,0,0
6589,256,2025-12-08,381,26,2,1,22,6,3,4,1,0,1,4,7,1,3,1,1
6590,256,2025-12-08,382,26,2,1,21,10,2,1,1,1,2,4,9,1,2,1,1
6591,256,2025-12-08,383,26,2,1,21,8,1,1,2,1,2,2,5,0,1,1,1
6592,256,2025-12-08,384,26,2,1,13,5,2,2,1,0,2,1,2,0,1,0,0
6593,256,2025-12-08,385,26,2,1,8,2,3,0,0,0,1,2,5,1,2,0,0
6594,256,2025-12-08,386,26,2,1,16,4,3,1,0,0,0,1,3,0,1,1,1
6595,256,2025-12-08,387,26,2,1,18,4,4,1,1,0,1,2,5,0,1,0,0
6596,256,2025-12-08,389,26,2,1,14,3,2,1,0,0,1,2,4,1,2,0,0
6597,256,2025-12-08,16,2,26,0,26,26,6,3,1,1,3,7,12,1,3,2,2
6598,256,2025-12-08,17,2,26,0,32,12,4,7,1,1,2,4,9,1,4,1,1
6599,256,2025-12-08,18,2,26,0,25,4,4,1,1,0,2,3,5,0,1,1,1
6600,256,2025-12-08,19,2,26,0,16,14,6,3,1,0,1,5,11,0,1,2,3
6601,256,2025-12-08,20,2,26,0,23,11,4,1,1,1,0,2,5,0,1,1,2
6602,256,2025-12-08,21,2,26,0,18,8,5,3,1,0,1,4,7,1,2,2,2
6603,256,2025-12-08,22,2,26,0,23,9,5,3,2,1,1,2,5,1,2,1,1
6604,256,2025-12-08,23,2,26,0,19,5,0,0,1,0,1,1,2,0,1,0,0
6605,256,2025-12-08,24,2,26,0,18,3,2,0,1,0,0,2,4,0,1,0,0
6606,256,2025-12-08,25,2,26,0,16,7,0,0,1,0,0,2,3,0,1,1,1
6607,256,2025-12-08,26,2,26,0,14,4,2,1,1,1,1,3,6,1,3,1,1
6608,256,2025-12-08,28,2,26,0,14,3,1,2,1,0,2,2,5,0,1,0,0
6609,257,2025-12-08,361,25,15,1,32,20,4,9,1,0,1,4,11,1,3,3,4
6610,257,2025-12-08,362,25,15,1,37,25,4,7,1,1,2,7,15,1,2,3,4
6611,257,2025-12-08,363,25,15,1,22,8,8,3,1,0,1,2,4,0,1,1,1
6612,257,2025-12-08,364,25,15,1,29,8,4,3,1,1,2,2,4,0,1,0,0
6613,257,2025-12-08,365,25,15,1,27,10,2,3,1,0,2,3,7,0,1,1,1
6614,257,2025-12-08,366,25,15,1,18,6,4,0,1,0,1,3,5,0,1,0,0
6615,257,2025-12-08,367,25,15,1,28,6,4,1,0,0,1,2,5,1,2,1,1
6616,257,2025-12-08,368,25,15,1,22,10,2,3,0,1,1,4,8,1,2,1,1
6617,257,2025-12-08,371,25,15,1,15,3,3,0,1,0,1,1,3,0,1,0,0
6618,257,2025-12-08,372,25,15,1,6,5,2,1,0,0,1,2,3,0,0,1,1
6619,257,2025-12-08,373,25,15,1,21,5,4,1,0,0,0,2,4,0,1,0,0
6620,257,2025-12-08,374,25,15,1,9,4,2,2,0,0,1,3,5,0,1,0,0
6621,257,2025-12-08,375,25,15,1,11,6,2,2,0,0,1,3,5,1,2,0,0
6622,257,2025-12-08,211,15,25,0,42,23,9,6,1,0,4,7,15,2,5,3,3
6623,257,2025-12-08,212,15,25,0,36,25,4,3,1,1,4,7,14,2,5,4,5
6624,257,2025-12-08,213,15,25,0,23,12,4,4,1,0,0,5,9,1,3,1,1
6625,257,2025-12-08,214,15,25,0,36,7,3,3,1,0,1,2,3,0,1,1,1
6626,257,2025-12-08,215,15,25,0,32,5,5,0,1,0,2,1,2,0,0,1,1
6627,257,2025-12-08,216,15,25,0,28,8,2,2,0,0,1,5,8,1,2,2,2
6628,257,2025-12-08,217,15,25,0,18,5,6,1,1,0,1,1,2,0,1,1,1
6629,257,2025-12-08,218,15,25,0,20,10,3,0,1,0,3,2,5,0,1,2,2
6630,257,2025-12-08,219,15,25,0,16,3,2,1,0,0,1,0,1,0,0,1,1
6631,257,2025-12-08,220,15,25,0,10,1,1,2,0,0,1,1,2,0,0,0,0
6632,257,2025-12-08,221,15,25,0,11,4,2,0,0,0,1,2,6,0,1,1,1
6633,257,2025-12-08,222,15,25,0,17,4,3,2,1,0,1,2,4,0,1,0,0
6634,257,2025-12-08,223,15,25,0,5,6,3,2,1,0,1,2,4,0,1,1,1
6635,257,2025-12-08,224,15,25,0,12,5,2,3,0,0,0,3,5,0,1,0,0
6636,258,2025-12-08,331,23,5,1,35,13,1,6,1,1,1,3,6,1,2,1,1
6637,258,2025-12-08,332,23,5,1,37,14,3,3,1,0,3,5,10,1,3,1,2
6638,258,2025-12-08,333,23,5,1,24,10,10,2,1,1,1,3,7,1,2,1,1
6639,258,2025-12-08,334,23,5,1,30,11,3,1,0,0,2,3,7,0,1,1,1
6640,258,2025-12-08,335,23,5,1,23,7,2,2,1,1,2,3,5,1,2,0,0
6641,258,2025-12-08,336,23,5,1,25,10,4,2,1,0,1,3,6,0,1,1,1
6642,258,2025-12-08,337,23,5,1,24,3,4,0,1,1,1,1,2,0,0,0,0
6643,258,2025-12-08,338,23,5,1,22,8,2,4,0,1,0,2,5,0,1,1,1
6644,258,2025-12-08,339,23,5,1,15,4,4,1,1,0,0,3,6,0,1,1,1
6645,258,2025-12-08,340,23,5,1,7,4,5,0,1,0,1,2,3,0,1,1,1
6646,258,2025-12-08,342,23,5,1,13,5,1,1,1,0,0,2,6,0,1,0,0
6647,258,2025-12-08,344,23,5,1,6,3,0,1,1,0,0,1,3,0,1,0,0
6648,258,2025-12-08,61,5,23,0,37,20,4,2,1,0,2,6,11,1,3,4,5
6649,258,2025-12-08,62,5,23,0,36,26,5,5,2,0,1,6,15,1,3,3,4
6650,258,2025-12-08,63,5,23,0,26,5,5,2,1,1,1,2,5,0,1,1,1
6651,258,2025-12-08,64,5,23,0,26,7,2,1,1,0,2,3,6,1,2,1,1
6652,258,2025-12-08,65,5,23,0,24,7,0,3,1,1,0,1,3,0,1,1,1
6653,258,2025-12-08,66,5,23,0,28,13,7,4,1,0,2,4,9,1,3,2,2
6654,258,2025-12-08,67,5,23,0,30,12,2,2,1,1,1,4,7,0,1,2,3
6655,258,2025-12-08,68,5,23,0,19,7,2,1,1,1,2,2,3,0,0,1,1
6656,258,2025-12-08,69,5,23,0,12,3,2,0,0,0,0,1,1,0,0,0,0
6657,258,2025-12-08,71,5,23,0,8,4,1,0,1,0,1,3,6,1,3,0,0
6658,258,2025-12-08,74,5,23,0,9,5,1,1,1,0,1,1,2,0,1,1,1
6659,259,2025-12-09,121,9,13,1,42,28,9,8,2,0,3,6,14,1,2,4,5
6660,259,2025-12-09,122,9,13,1,28,14,15,11,1,1,3,3,7,1,2,1,2
6661,259,2025-12-09,123,9,13,1,21,7,5,2,1,1,3,1,3,0,1,1,1
6662,259,2025-12-09,124,9,13,1,16,11,1,4,0,0,2,3,7,1,2,2,3
6663,259,2025-12-09,125,9,13,1,20,8,6,1,1,1,2,2,6,1,2,2,2
6664,259,2025-12-09,126,9,13,1,22,8,5,4,1,0,3,4,8,1,3,2,2
6665,259,2025-12-09,127,9,13,1,16,11,3,3,1,0,3,4,9,1,4,2,2
6666,259,2025-12-09,128,9,13,1,21,9,6,3,1,1,2,3,8,1,3,1,2
6667,259,2025-12-09,129,9,13,1,10,4,5,0,0,0,1,1,2,0,1,0,0
6668,259,2025-12-09,130,9,13,1,18,7,4,0,1,0,1,2,3,0,1,1,1
6669,259,2025-12-09,131,9,13,1,14,3,2,2,0,0,0,2,5,0,1,1,1
6670,259,2025-12-09,132,9,13,1,11,8,1,0,1,0,1,2,4,1,2,1,1
6671,259,2025-12-09,181,13,9,0,26,18,6,5,2,1,3,5,10,1,3,2,2
6672,259,2025-12-09,182,13,9,0,36,22,5,6,1,0,2,5,10,1,2,1,1
6673,259,2025-12-09,183,13,9,0,20,8,6,1,1,0,1,4,7,1,2,1,1
6674,259,2025-12-09,184,13,9,0,31,11,5,1,1,0,1,3,5,0,1,1,2
6675,259,2025-12-09,185,13,9,0,22,4,6,1,0,1,2,2,3,0,1,1,1
6676,259,2025-12-09,186,13,9,0,23,8,1,3,1,0,1,3,6,1,2,2,2
6677,259,2025-12-09,187,13,9,0,32,5,3,1,1,0,1,2,4,0,1,1,1
6678,259,2025-12-09,188,13,9,0,28,10,0,3,1,1,2,2,5,0,1,1,1
6679,259,2025-12-09,189,13,9,0,15,6,0,0,1,0,0,2,3,0,0,0,0
6680,259,2025-12-09,191,13,9,0,14,2,3,3,1,0,1,1,2,0,1,0,0
6681,259,2025-12-09,192,13,9,0,9,4,5,1,0,0,1,1,2,0,0,1,1
6682,259,2025-12-09,193,13,9,0,15,2,2,2,0,0,1,0,1,0,0,0,0
6683,259,2025-12-09,194,13,9,0,11,4,0,0,1,0,0,2,5,0,1,1,1
6684,259,2025-12-09,195,13,9,0,5,2,4,1,0,0,1,2,4,0,1,0,0
6685,260,2025-12-09,256,18,10,1,34,22,5,2,1,1,2,5,10,1,4,1,2
6686,260,2025-12-09,257,18,10,1,26,22,6,3,1,0,3,8,14,1,2,4,5
6687,260,2025-12-09,258,18,10,1,30,6,6,0,0,1,1,4,7,1,2,0,0
6688,260,2025-12-09,259,18,10,1,15,6,1,0,1,1,2,3,6,0,1,0,0
6689,260,2025-12-09,260,18,10,1,19,10,2,2,1,1,3,3,7,1,2,2,2
6690,260,2025-12-09,261,18,10,1,21,8,2,3,1,0,2,3,6,1,2,1,1
6691,260,2025-12-09,262,18,10,1,36,7,1,3,1,0,1,1,3,0,1,2,2
6692,260,2025-12-09,263,18,10,1,21,12,3,0,1,0,2,5,9,1,3,2,2
6693,260,2025-12-09,264,18,10,1,16,1,2,1,1,1,1,0,1,0,0,0,0
6694,260,2025-12-09,266,18,10,1,19,6,3,1,0,0,1,3,7,1,3,0,0
6695,260,2025-12-09,267,18,10,1,11,4,3,0,0,0,0,1,2,0,1,1,1
6696,260,2025-12-09,268,18,10,1,18,3,0,2,1,0,1,2,3,0,1,0,0
6697,260,2025-12-09,269,18,10,1,10,2,0,3,0,0,1,1,1,0,0,0,0
6698,260,2025-12-09,270,18,10,1,22,6,0,2,1,0,1,2,5,0,1,1,1
6699,260,2025-12-09,136,10,18,0,27,16,8,10,2,1,3,4,8,1,3,2,3
6700,260,2025-12-09,137,10,18,0,36,15,2,4,1,1,4,4,8,1,2,2,2
6701,260,2025-12-09,138,10,18,0,25,9,5,2,1,0,2,2,5,0,1,1,1
6702,260,2025-12-09,139,10,18,0,22,7,4,2,1,1,1,3,5,1,2,1,1
6703,260,2025-12-09,140,10,18,0,35,10,4,2,1,0,1,4,8,1,3,1,1
6704,260,2025-12-09,141,10,18,0,25,5,2,2,1,1,1,2,4,1,2,0,0
6705,260,2025-12-09,142,10,18,0,18,9,3,2,1,1,2,4,8,1,2,2,2
6706,260,2025-12-09,143,10,18,0,22,10,6,3,1,0,1,2,6,1,2,2,2
6707,260,2025-12-09,144,10,18,0,18,7,4,1,1,0,1,2,4,0,1,1,1
6708,260,2025-12-09,145,10,18,0,20,3,3,1,0,0,1,2,4,0,1,0,0
6709,260,2025-12-09,146,10,18,0,17,4,3,1,1,0,0,2,3,0,1,0,0
6710,260,2025-12-09,147,10,18,0,18,5,4,1,1,1,1,2,4,0,1,1,1
6711,260,2025-12-09,148,10,18,0,4,2,0,0,0,0,1,1,3,0,1,0,0
6712,260,2025-12-09,149,10,18,0,13,8,3,3,0,0,1,2,4,0,1,1,1
6713,260,2025-12-09,150,10,18,0,21,4,1,2,0,0,0,2,5,0,1,1,1
6714,261,2025-12-09,226,16,28,1,33,16,7,3,1,1,4,5,8,1,3,3,3
6715,261,2025-12-09,227,16,28,1,34,21,5,4,1,1,3,7,12,1,4,4,5
6716,261,2025-12-09,228,16,28,1,24,6,2,4,1,1,2,1,3,0,1,1,1
6717,261,2025-12-09,229,16,28,1,19,10,5,3,1,1,1,3,5,0,1,1,2
6718,261,2025-12-09,230,16,28,1,23,8,5,3,1,1,1,3,5,0,1,2,2
6719,261,2025-12-09,231,16,28,1,26,10,5,5,1,0,2,2,5,0,1,1,1
6720,261,2025-12-09,232,16,28,1,16,7,1,0,1,0,1,2,4,0,1,1,1
6721,261,2025-12-09,233,16,28,1,23,4,3,2,1,1,1,3,5,1,2,1,1
6722,261,2025-12-09,234,16,28,1,16,4,0,2,1,0,1,1,3,0,1,1,1
6723,261,2025-12-09,236,16,28,1,14,6,1,1,0,0,0,2,4,0,1,1,1
6724,261,2025-12-09,238,16,28,1,4,3,0,2,0,0,1,2,4,0,1,0,0
6725,261,2025-12-09,239,16,28,1,15,3,3,1,1,0,1,1,1,0,0,1,1
6726,261,2025-12-09,406,28,16,0,31,21,10,7,2,2,2,5,10,1,3,3,4
6727,261,2025-12-09,407,28,16,0,33,11,9,7,1,1,2,4,9,0,1,1,1
6728,261,2025-12-09,408,28,16,0,24,7,7,1,2,0,2,3,7,1,2,1,1
6729,261,2025-12-09,409,28,16,0,25,10,7,1,1,0,2,3,8,0,1,1,1
6730,261,2025-12-09,410,28,16,0,29,10,6,1,0,1,3,2,5,0,1,2,2
6731,261,2025-12-09,411,28,16,0,25,13,2,3,0,0,2,4,7,1,2,1,1
6732,261,2025-12-09,412,28,16,0,24,9,6,3,1,0,1,2,4,1,2,1,1
6733,261,2025-12-09,413,28,16,0,25,11,5,4,1,0,2,2,6,1,2,2,2
6734,261,2025-12-09,414,28,16,0,4,6,4,1,1,0,1,2,3,0,0,1,1
6735,261,2025-12-09,416,28,16,0,18,5,3,0,1,0,1,1,2,0,0,1,1
6736,261,2025-12-09,417,28,16,0,14,5,2,0,1,0,0,2,4,0,1,1,1
6737,261,2025-12-09,418,28,16,0,5,5,5,2,1,0,0,1,3,0,1,0,0
6738,261,2025-12-09,419,28,16,0,4,4,3,2,1,0,1,3,6,1,2,1,1
6739,261,2025-12-09,420,28,16,0,11,4,2,1,0,0,1,2,5,1,2,1,1
6740,262,2025-12-09,271,19,20,1,31,24,4,6,1,1,0,5,12,2,5,3,4
6741,262,2025-12-09,272,19,20,1,36,23,8,5,1,0,3,6,11,1,4,4,5
6742,262,2025-12-09,273,19,20,1,28,8,5,1,1,0,2,4,8,1,3,1,1
6743,262,2025-12-09,274,19,20,1,21,9,5,3,1,1,2,3,8,1,2,2,2
6744,262,2025-12-09,275,19,20,1,18,9,3,0,1,0,1,3,5,0,1,1,1
6745,262,2025-12-09,276,19,20,1,26,9,2,2,1,1,1,4,8,1,3,1,2
6746,262,2025-12-09,277,19,20,1,23,4,7,2,1,0,2,2,3,0,1,1,1
6747,262,2025-12-09,278,19,20,1,21,17,3,3,1,0,1,5,10,1,3,1,1
6748,262,2025-12-09,279,19,20,1,12,2,1,2,0,0,0,2,4,1,2,0,0
6749,262,2025-12-09,280,19,20,1,21,5,1,1,0,0,0,2,5,1,2,1,1
6750,262,2025-12-09,283,19,20,1,16,8,3,2,1,0,1,3,7,0,1,1,1
6751,262,2025-12-09,284,19,20,1,12,3,2,1,1,0,1,2,5,0,1,1,1
6752,262,2025-12-09,286,20,19,0,33,22,5,4,2,1,5,6,12,1,3,1,1
6753,262,2025-12-09,287,20,19,0,36,22,7,6,1,1,2,5,10,1,4,2,2
6754,262,2025-12-09,288,20,19,0,21,7,4,3,1,1,1,2,5,0,1,1,1
6755,262,2025-12-09,289,20,19,0,20,12,5,3,0,0,1,5,9,1,2,1,1
6756,262,2025-12-09,290,20,19,0,28,9,7,3,1,0,2,4,7,1,3,2,2
6757,262,2025-12-09,291,20,19,0,31,8,9,0,1,1,1,3,7,0,1,1,1
6758,262,2025-12-09,292,20,19,0,24,13,7,3,1,0,1,3,7,0,1,1,1
6759,262,2025-12-09,293,20,19,0,27,7,4,2,1,0,2,3,5,1,2,0,0
6760,262,2025-12-09,294,20,19,0,16,5,3,2,0,0,1,2,4,1,2,1,1
6761,262,2025-12-09,295,20,19,0,8,4,4,0,1,0,1,2,5,1,2,1,1
6762,262,2025-12-09,297,20,19,0,15,4,2,1,0,0,0,2,4,0,1,1,1
6763,262,2025-12-09,300,20,19,0,13,6,1,0,1,0,0,2,5,1,2,0,0
6764,263,2025-12-09,106,8,29,1,31,27,3,6,2,1,3,6,13,2,4,2,2
6765,263,2025-12-09,107,8,29,1,31,21,7,4,1,1,4,5,10,1,3,4,5
6766,263,2025-12-09,108,8,29,1,25,14,6,2,1,1,3,4,10,1,2,2,3
6767,263,2025-12-09,109,8,29,1,30,9,5,1,1,1,2,3,7,1,3,1,2
6768,263,2025-12-09,110,8,29,1,19,7,4,4,1,1,1,3,7,0,1,0,0
6769,263,2025-12-09,111,8,29,1,24,11,4,1,1,0,0,3,5,0,1,1,1
6770,263,2025-12-09,112,8,29,1,22,11,5,3,1,0,2,5,9,1,3,1,1
6771,263,2025-12-09,113,8,29,1,28,3,0,3,0,1,1,2,5,0,1,0,0
6772,263,2025-12-09,114,8,29,1,18,4,3,1,1,0,1,2,5,1,2,1,1
6773,263,2025-12-09,116,8,29,1,15,2,2,1,0,0,1,1,3,0,0,0,0
6774,263,2025-12-09,117,8,29,1,14,4,3,1,0,0,0,2,5,0,1,0,0
6775,263,2025-12-09,118,8,29,1,8,1,3,1,1,0,1,0,1,0,0,0,0
6776,263,2025-12-09,119,8,29,1,15,7,2,4,1,0,0,2,3,0,1,1,1
6777,263,2025-12-09,120,8,29,1,4,2,3,1,1,0,0,2,5,0,1,0,0
6778,263,2025-12-09,421,29,8,0,33,30,11,10,2,1,2,9,15,2,6,4,5
6779,263,2025-12-09,422,29,8,0,30,17,4,3,2,0,3,5,12,2,5,1,2
6780,263,2025-12-09,423,29,8,0,19,9,3,1,0,1,2,2,4,0,1,1,1
6781,263,2025-12-09,424,29,8,0,29,9,3,2,1,0,1,3,5,0,1,2,2
6782,263,2025-12-09,425,29,8,0,28,8,5,1,2,0,2,3,5,1,2,1,1
6783,263,2025-12-09,426,29,8,0,28,7,5,2,2,0,2,1,3,0,1,1,1
6784,263,2025-12-09,427,29,8,0,15,5,2,0,1,0,1,2,6,0,1,1,1
6785,263,2025-12-09,428,29,8,0,22,5,5,1,0,0,2,3,5,0,1,0,0
6786,263,2025-12-09,430,29,8,0,10,4,2,1,1,0,0,2,4,0,1,1,1
6787,263,2025-12-09,432,29,8,0,17,8,4,1,0,0,0,3,7,1,2,1,1
6788,263,2025-12-09,433,29,8,0,4,4,0,0,1,0,1,1,3,0,0,0,0
6789,263,2025-12-09,434,29,8,0,7,7,2,1,1,0,1,2,4,0,1,1,1
6790,263,2025-12-09,435,29,8,0,9,5,1,0,1,0,0,1,3,0,1,1,1
6791,264,2025-12-09,346,24,27,1,34,18,3,3,1,0,2,5,12,1,2,1,1
6792,264,2025-12-09,347,24,27,1,35,17,9,4,1,1,2,6,12,2,5,2,2
6793,264,2025-12-09,348,24,27,1,18,2,4,3,2,0,2,2,5,0,1,0,0
6794,264,2025-12-09,349,24,27,1,19,4,1,1,1,1,1,2,5,1,2,0,0
6795,264,2025-12-09,350,24,27,1,25,7,5,4,1,0,0,2,4,0,1,1,1
6796,264,2025-12-09,351,24,27,1,19,6,3,2,1,1,1,3,7,1,3,1,1
6797,264,2025-12-09,352,24,27,1,28,7,0,4,1,0,2,2,4,0,1,1,1
6798,264,2025-12-09,353,24,27,1,26,11,3,1,1,0,2,4,9,1,3,1,2
6799,264,2025-12-09,354,24,27,1,18,4,4,2,0,0,1,2,3,0,1,0,0
6800,264,2025-12-09,355,24,27,1,14,2,2,0,1,0,0,0,1,0,0,0,0
6801,264,2025-12-09,356,24,27,1,12,5,1,4,1,0,0,3,5,1,2,1,1
6802,264,2025-12-09,357,24,27,1,7,4,1,0,0,0,1,1,2,0,1,1,1
6803,264,2025-12-09,358,24,27,1,5,1,1,3,0,0,0,1,2,0,1,0,0
6804,264,2025-12-09,360,24,27,1,18,5,2,0,0,0,1,3,6,0,1,0,0
6805,264,2025-12-09,391,27,24,0,30,22,0,4,1,1,5,4,10,1,4,2,2
6806,264,2025-12-09,392,27,24,0,33,24,4,8,1,0,3,7,15,1,2,5,6
6807,264,2025-12-09,393,27,24,0,24,9,4,4,0,0,0,3,6,1,2,1,1
6808,264,2025-12-09,394,27,24,0,24,7,7,3,1,0,1,3,6,1,2,1,1
6809,264,2025-12-09,395,27,24,0,15,10,5,4,1,0,2,4,8,1,3,1,1
6810,264,2025-12-09,396,27,24,0,18,10,2,2,1,0,1,3,8,0,1,1,1
6811,264,2025-12-09,397,27,24,0,20,7,3,3,1,1,2,3,5,0,1,1,1
6812,264,2025-12-09,398,27,24,0,23,8,4,3,1,1,2,4,8,1,3,1,1
6813,264,2025-12-09,399,27,24,0,9,3,2,2,0,0,2,1,1,0,0,0,0
6814,264,2025-12-09,400,27,24,0,12,6,2,0,0,0,1,2,3,0,1,1,1
6815,264,2025-12-09,401,27,24,0,13,2,2,2,1,0,1,2,4,0,1,0,0
6816,264,2025-12-09,402,27,24,0,19,6,4,2,0,0,1,2,4,0,1,1,1
6817,264,2025-12-09,404,27,24,0,10,6,3,0,1,1,1,3,6,1,2,0,0
6818,264,2025-12-09,405,27,24,0,10,5,1,0,0,0,1,2,5,0,1,1,1
6819,265,2025-12-10,436,30,7,1,23,17,2,3,1,1,2,7,12,1,2,2,2
6820,265,2025-12-10,437,30,7,1,32,31,5,5,1,1,3,10,17,2,5,5,6
6821,265,2025-12-10,438,30,7,1,16,9,1,3,1,0,2,2,4,0,1,0,0
6822,265,2025-12-10,439,30,7,1,13,7,5,3,1,1,2,2,6,0,1,1,1
6823,265,2025-12-10,440,30,7,1,18,3,4,3,1,1,1,2,5,1,2,0,0
6824,265,2025-12-10,441,30,7,1,26,7,4,3,0,0,1,2,4,0,1,1,1
6825,265,2025-12-10,442,30,7,1,20,10,5,3,0,0,2,3,7,1,2,1,2
6826,265,2025-12-10,443,30,7,1,32,4,2,3,1,0,0,3,6,0,1,0,0
6827,265,2025-12-10,446,30,7,1,16,6,1,1,0,0,1,2,5,1,2,1,1
6828,265,2025-12-10,448,30,7,1,14,8,2,1,0,0,1,4,7,1,3,1,1
6829,265,2025-12-10,449,30,7,1,4,3,3,1,0,0,0,1,3,0,1,1,1
6830,265,2025-12-10,91,7,30,0,36,17,5,3,1,1,0,6,11,1,3,1,1
6831,265,2025-12-10,92,7,30,0,34,19,7,3,1,1,3,4,10,1,4,2,3
6832,265,2025-12-10,93,7,30,0,15,3,0,4,0,1,2,1,3,0,1,1,1
6833,265,2025-12-10,94,7,30,0,33,2,6,2,1,1,2,1,1,0,0,0,0
6834,265,2025-12-10,95,7,30,0,32,9,5,3,1,0,1,2,5,0,1,1,1
6835,265,2025-12-10,96,7,30,0,18,12,3,4,0,1,1,5,10,2,4,1,1
6836,265,2025-12-10,97,7,30,0,30,7,5,4,1,0,2,3,7,0,1,2,2
6837,265,2025-12-10,98,7,30,0,26,10,4,3,0,1,1,3,7,0,1,1,1
6838,265,2025-12-10,99,7,30,0,6,1,3,2,1,0,1,2,4,0,0,0,0
6839,265,2025-12-10,100,7,30,0,14,3,0,1,0,0,1,2,5,0,1,0,0
6840,265,2025-12-10,101,7,30,0,13,3,3,2,1,0,1,1,1,0,0,0,0
6841,265,2025-12-10,105,7,30,0,13,1,4,0,0,0,0,1,2,0,1,0,0
6842,266,2025-12-10,31,3,11,1,32,24,2,2,0,0,4,5,12,2,5,3,5
6843,266,2025-12-10,32,3,11,1,29,24,3,7,2,1,1,6,14,1,4,3,5
6844,266,2025-12-10,33,3,11,1,17,16,4,3,1,0,1,5,9,2,4,3,4
6845,266,2025-12-10,34,3,11,1,22,11,5,4,1,0,2,3,6,1,2,2,2
6846,266,2025-12-10,35,3,11,1,29,9,8,7,1,0,1,4,7,1,3,1,1
6847,266,2025-12-10,36,3,11,1,14,9,3,1,1,0,1,2,4,0,1,1,1
6848,266,2025-12-10,37,3,11,1,15,14,4,4,1,0,4,5,10,1,2,2,2
6849,266,2025-12-10,38,3,11,1,17,9,1,2,1,0,2,2,6,1,2,1,1
6850,266,2025-12-10,40,3,11,1,11,6,1,1,0,0,0,1,3,0,1,1,1
6851,266,2025-12-10,41,3,11,1,5,2,2,1,1,0,1,2,4,0,1,0,0
6852,266,2025-12-10,42,3,11,1,16,4,2,2,0,0,0,1,2,0,0,0,0
6853,266,2025-12-10,43,3,11,1,7,7,2,1,1,0,2,3,6,0,1,1,1
6854,266,2025-12-10,45,3,11,1,4,2,2,0,0,0,0,2,4,0,1,0,0
6855,266,2025-12-10,151,11,3,0,37,29,9,5,2,1,4,7,14,1,2,3,4
6856,266,2025-12-10,152,11,3,0,36,30,7,5,1,1,4,8,17,2,6,2,2
6857,266,2025-12-10,153,11,3,0,39,9,7,2,1,1,1,5,8,1,3,1,1
6858,266,2025-12-10,154,11,3,0,24,7,1,1,1,0,2,2,4,0,1,1,1
6859,266,2025-12-10,155,11,3,0,25,12,7,3,2,0,1,5,9,1,2,1,1
6860,266,2025-12-10,156,11,3,0,20,7,4,0,1,0,2,4,7,0,1,1,1
6861,266,2025-12-10,157,11,3,0,23,7,4,3,1,0,1,1,3,0,1,1,1
6862,266,2025-12-10,158,11,3,0,21,10,5,4,0,0,2,2,5,1,2,1,1
6863,266,2025-12-10,160,11,3,0,6,4,2,3,0,0,1,2,3,0,0,1,1
6864,266,2025-12-10,161,11,3,0,24,7,3,1,0,0,1,3,7,1,2,1,1
6865,266,2025-12-10,162,11,3,0,10,4,0,2,1,0,2,3,5,1,2,1,1
6866,266,2025-12-10,165,11,3,0,4,6,2,1,0,0,1,2,5,0,1,1,1
6867,267,2025-12-10,241,17,6,1,28,31,6,6,1,1,3,10,18,2,6,2,3
6868,267,2025-12-10,242,17,6,1,34,30,12,8,1,1,5,6,14,2,6,2,3
6869,267,2025-12-10,243,17,6,1,21,11,7,3,1,1,2,4,8,1,2,1,2
6870,267,2025-12-10,244,17,6,1,22,8,6,3,1,0,1,3,8,0,1,1,1
6871,267,2025-12-10,245,17,6,1,26,11,5,1,2,0,1,4,8,0,1,2,2
6872,267,2025-12-10,246,17,6,1,18,9,7,4,1,0,1,3,6,1,2,1,1
6873,267,2025-12-10,247,17,6,1,29,9,3,2,1,0,2,4,8,1,2,1,1
6874,267,2025-12-10,248,17,6,1,20,12,2,3,0,1,2,3,6,0,1,1,2
6875,267,2025-12-10,249,17,6,1,11,5,3,1,0,1,1,2,4,0,1,0,0
6876,267,2025-12-10,250,17,6,1,10,4,3,2,0,0,1,3,6,1,2,1,1
6877,267,2025-12-10,251,17,6,1,19,6,3,0,0,0,1,3,7,1,3,1,1
6878,267,2025-12-10,253,17,6,1,16,7,1,1,1,0,0,4,7,0,1,1,1
6879,267,2025-12-10,255,17,6,1,4,2,3,0,1,0,0,1,3,0,1,0,0
6880,267,2025-12-10,76,6,17,0,33,23,2,8,1,1,4,6,12,1,2,2,2
6881,267,2025-12-10,77,6,17,0,41,18,8,7,1,1,3,5,10,2,4,3,3
6882,267,2025-12-10,78,6,17,0,20,4,11,1,1,1,1,2,4,0,0,0,0
6883,267,2025-12-10,79,6,17,0,25,9,1,1,0,0,0,4,7,1,2,1,1
6884,267,2025-12-10,80,6,17,0,21,15,3,3,0,1,1,4,10,1,3,2,2
6885,267,2025-12-10,81,6,17,0,17,8,1,3,1,0,2,3,6,0,1,1,1
6886,267,2025-12-10,82,6,17,0,25,9,1,3,0,0,0,3,5,0,1,1,1
6887,267,2025-12-10,83,6,17,0,28,10,4,3,2,1,2,5,9,1,3,1,1
6888,267,2025-12-10,84,6,17,0,7,2,2,1,1,0,2,1,1,0,0,0,0
6889,267,2025-12-10,85,6,17,0,15,6,2,1,0,0,1,3,5,1,2,1,1
6890,267,2025-12-10,86,6,17,0,6,8,2,0,1,0,1,3,7,1,2,1,1
6891,267,2025-12-10,88,6,17,0,12,6,4,0,0,0,0,3,6,0,1,1,1
6892,267,2025-12-10,90,6,17,0,10,3,5,2,0,0,1,0,1,0,0,1,1
6893,268,2025-12-10,46,4,12,1,31,14,6,7,0,1,4,5,11,0,1,1,1
6894,268,2025-12-10,47,4,12,1,42,28,9,7,0,1,2,7,15,1,2,2,3
6895,268,2025-12-10,48,4,12,1,25,10,3,3,1,0,1,3,7,0,1,1,1
6896,268,2025-12-10,49,4,12,1,30,11,3,0,0,1,1,4,8,1,2,1,1
6897,268,2025-12-10,50,4,12,1,28,9,4,0,1,0,1,4,8,0,1,2,2
6898,268,2025-12-10,51,4,12,1,24,7,3,2,1,0,2,2,5,1,2,1,1
6899,268,2025-12-10,52,4,12,1,33,8,5,5,1,0,1,3,6,1,2,1,2
6900,268,2025-12-10,53,4,12,1,22,4,3,3,1,0,1,1,2,0,1,1,1
6901,268,2025-12-10,55,4,12,1,10,4,3,1,0,1,0,2,4,0,1,0,0
6902,268,2025-12-10,56,4,12,1,11,5,2,2,1,0,0,2,3,0,1,1,1
6903,268,2025-12-10,57,4,12,1,12,7,2,3,1,0,1,3,6,0,1,1,1
6904,268,2025-12-10,58,4,12,1,22,3,0,1,0,0,0,0,1,0,0,1,1
6905,268,2025-12-10,59,4,12,1,15,0,3,1,0,0,0,1,3,0,1,0,0
6906,268,2025-12-10,166,12,4,0,32,22,7,2,2,0,2,4,11,2,5,2,2
6907,268,2025-12-10,167,12,4,0,35,18,10,7,2,1,4,5,9,1,3,1,1
6908,268,2025-12-10,168,12,4,0,16,5,6,1,1,0,2,2,5,0,1,1,1
6909,268,2025-12-10,169,12,4,0,14,12,2,4,1,0,1,3,9,1,3,3,3
6910,268,2025-12-10,170,12,4,0,29,8,8,2,1,0,2,3,5,0,1,1,1
6911,268,2025-12-10,171,12,4,0,21,9,5,0,1,0,1,4,8,1,3,1,1
6912,268,2025-12-10,172,12,4,0,28,10,9,1,0,0,1,2,6,1,2,1,1
6913,268,2025-12-10,173,12,4,0,21,8,6,3,1,1,0,4,8,1,2,1,2
6914,268,2025-12-10,174,12,4,0,16,5,1,0,0,0,0,1,2,0,0,1,1
6915,268,2025-12-10,179,12,4,0,5,4,4,3,1,0,0,1,2,0,1,0,0
6916,268,2025-12-10,180,12,4,0,22,5,1,2,1,0,0,1,2,0,1,0,0
6917,269,2025-12-10,1,1,21,1,38,22,7,7,1,0,2,5,12,1,3,3,4
6918,269,2025-12-10,2,1,21,1,33,21,12,7,1,1,4,6,11,2,5,1,2
6919,269,2025-12-10,3,1,21,1,26,6,1,2,1,0,2,3,6,1,2,1,1
6920,269,2025-12-10,4,1,21,1,29,14,1,1,1,1,1,4,7,1,2,2,2
6921,269,2025-12-10,5,1,21,1,26,10,4,2,1,0,2,4,8,0,1,1,1
6922,269,2025-12-10,6,1,21,1,20,9,4,0,1,1,1,4,8,1,2,2,2
6923,269,2025-12-10,7,1,21,1,25,12,3,2,1,0,2,4,7,1,2,1,1
6924,269,2025-12-10,8,1,21,1,31,13,2,1,1,1,1,4,7,1,2,2,2
6925,269,2025-12-10,9,1,21,1,4,4,2,2,1,0,0,3,5,1,2,1,1
6926,269,2025-12-10,12,1,21,1,9,4,1,1,1,0,1,2,4,0,1,1,1
6927,269,2025-12-10,13,1,21,1,6,4,3,1,0,0,0,2,4,0,1,1,1
6928,269,2025-12-10,14,1,21,1,9,6,3,0,0,0,0,3,6,0,1,1,1
6929,269,2025-12-10,15,1,21,1,20,3,2,0,0,0,1,2,3,0,1,0,0
6930,269,2025-12-10,301,21,1,0,34,31,8,4,0,0,2,7,18,2,7,7,8
6931,269,2025-12-10,302,21,1,0,31,17,5,5,1,1,4,5,11,1,2,3,4
6932,269,2025-12-10,303,21,1,0,20,5,7,1,1,0,1,3,5,1,2,1,1
6933,269,2025-12-10,304,21,1,0,25,7,3,2,2,1,0,1,3,0,0,1,1
6934,269,2025-12-10,305,21,1,0,24,5,8,1,1,0,1,1,2,0,0,1,1
6935,269,2025-12-10,306,21,1,0,23,9,7,3,0,0,3,3,8,1,2,1,1
6936,269,2025-12-10,307,21,1,0,25,4,0,2,1,0,0,2,3,0,1,1,1
6937,269,2025-12-10,308,21,1,0,25,5,4,1,1,0,2,2,3,0,1,1,1
6938,269,2025-12-10,310,21,1,0,8,4,0,1,1,0,1,3,5,0,1,1,1
6939,269,2025-12-10,312,21,1,0,13,3,3,2,1,0,0,0,1,0,0,1,1
6940,269,2025-12-10,313,21,1,0,14,6,1,2,1,0,1,3,7,1,2,1,1
6941,269,2025-12-10,315,21,1,0,4,2,1,0,0,0,0,2,3,0,1,0,0
6942,270,2025-12-10,316,22,14,1,29,15,5,5,1,1,3,4,9,1,3,1,2
6943,270,2025-12-10,317,22,14,1,39,19,8,6,0,0,2,6,13,1,4,2,3
6944,270,2025-12-10,318,22,14,1,18,12,4,3,1,1,0,4,9,0,1,1,1
6945,270,2025-12-10,319,22,14,1,28,8,7,3,1,1,1,3,6,1,2,2,2
6946,270,2025-12-10,320,22,14,1,32,3,5,0,1,1,1,0,1,0,0,0,0
6947,270,2025-12-10,321,22,14,1,28,9,4,2,1,1,0,2,5,1,2,1,1
6948,270,2025-12-10,322,22,14,1,28,12,7,1,1,0,1,2,6,1,2,2,2
6949,270,2025-12-10,323,22,14,1,22,10,4,1,1,0,1,4,9,1,2,2,2
6950,270,2025-12-10,324,22,14,1,12,3,2,0,1,0,1,1,2,0,0,0,0
6951,270,2025-12-10,325,22,14,1,13,2,3,0,0,0,1,2,4,0,1,0,0
6952,270,2025-12-10,326,22,14,1,19,5,3,0,0,0,1,2,5,0,1,0,0
6953,270,2025-12-10,327,22,14,1,16,3,3,0,1,0,0,2,5,0,1,0,0
6954,270,2025-12-10,328,22,14,1,19,6,0,0,1,0,1,3,7,1,2,1,1
6955,270,2025-12-10,329,22,14,1,8,3,1,2,0,0,0,0,1,0,0,0,0
6956,270,2025-12-10,330,22,14,1,12,6,2,1,0,0,1,1,3,0,1,1,1
6957,270,2025-12-10,196,14,22,0,29,4,10,0,2,1,3,1,2,0,0,1,1
6958,270,2025-12-10,197,14,22,0,31,20,6,5,1,1,3,5,10,1,4,2,3
6959,270,2025-12-10,198,14,22,0,22,9,5,1,1,1,1,2,4,0,1,2,2
6960,270,2025-12-10,199,14,22,0,20,9,7,4,0,1,1,2,5,1,2,2,2
6961,270,2025-12-10,200,14,22,0,28,12,8,2,2,1,2,4,8,1,3,1,2
6962,270,2025-12-10,201,14,22,0,20,12,8,2,1,0,1,4,8,1,2,1,1
6963,270,2025-12-10,202,14,22,0,28,1,6,0,1,0,1,0,1,0,0,0,0
6964,270,2025-12-10,203,14,22,0,24,9,5,2,1,0,3,3,6,1,2,1,2
6965,270,2025-12-10,204,14,22,0,19,3,2,1,1,0,1,2,5,1,2,0,0
6966,270,2025-12-10,207,14,22,0,10,1,3,2,0,0,0,0,1,0,0,0,0
6967,270,2025-12-10,208,14,22,0,17,1,1,2,0,0,1,1,2,0,0,0,0
6968,270,2025-12-10,209,14,22,0,18,2,2,1,0,0,2,2,5,1,2,0,0
6969,270,2025-12-10,210,14,22,0,13,4,4,2,1,1,1,2,3,0,1,0,0
6970,271,2025-12-11,1,1,27,1,33,10,3,6,1,1,2,3,6,0,1,2,2
6971,271,2025-12-11,2,1,27,1,28,22,7,5,2,0,5,5,11,2,4,4,4
6972,271,2025-12-11,3,1,27,1,24,6,7,4,1,0,0,3,6,1,3,1,1
6973,271,2025-12-11,4,1,27,1,27,12,4,1,1,0,2,4,9,1,2,1,1
6974,271,2025-12-11,5,1,27,1,22,4,4,2,1,1,1,2,6,0,1,1,1
6975,271,2025-12-11,6,1,27,1,22,6,2,1,1,0,0,3,6,0,1,0,0
6976,271,2025-12-11,7,1,27,1,33,6,2,4,1,0,2,3,7,0,1,1,1
6977,271,2025-12-11,8,1,27,1,30,10,6,3,1,0,3,4,9,1,3,1,1
6978,271,2025-12-11,10,1,27,1,17,3,1,2,0,0,1,2,4,0,1,0,0
6979,271,2025-12-11,13,1,27,1,10,3,2,0,0,1,1,1,2,0,1,1,1
6980,271,2025-12-11,14,1,27,1,10,7,0,0,1,0,0,3,7,1,3,1,1
6981,271,2025-12-11,391,27,1,0,27,24,3,9,1,1,3,6,15,1,3,1,1
6982,271,2025-12-11,392,27,1,0,31,11,3,4,0,1,4,3,8,0,1,1,1
6983,271,2025-12-11,393,27,1,0,29,13,5,2,1,0,2,3,7,1,2,1,2
6984,271,2025-12-11,394,27,1,0,30,9,4,2,1,0,1,3,5,0,1,1,1
6985,271,2025-12-11,395,27,1,0,22,9,5,1,1,0,1,3,5,1,2,1,1
6986,271,2025-12-11,396,27,1,0,18,6,7,0,1,1,1,3,6,1,2,1,1
6987,271,2025-12-11,397,27,1,0,31,4,1,1,1,0,1,1,2,0,0,0,0
6988,271,2025-12-11,398,27,1,0,30,14,2,2,1,0,2,4,9,1,3,1,1
6989,271,2025-12-11,399,27,1,0,12,3,1,3,0,0,1,0,1,0,0,0,0
6990,271,2025-12-11,400,27,1,0,5,3,2,3,1,1,0,1,2,0,0,0,0
6991,271,2025-12-11,401,27,1,0,20,2,2,1,0,0,1,2,4,0,1,0,0
6992,271,2025-12-11,402,27,1,0,6,4,0,1,1,0,0,2,4,0,1,1,1
6993,271,2025-12-11,404,27,1,0,16,7,2,2,0,0,1,4,7,1,3,1,1
6994,271,2025-12-11,405,27,1,0,10,3,1,0,0,0,0,2,5,0,1,1,1
6995,272,2025-12-11,181,13,6,1,31,24,5,11,1,0,3,8,14,2,5,1,2
6996,272,2025-12-11,182,13,6,1,41,19,5,10,1,1,3,4,9,0,1,3,4
6997,272,2025-12-11,183,13,6,1,25,13,5,3,1,0,1,4,10,1,2,3,3
6998,272,2025-12-11,184,13,6,1,20,7,1,3,1,0,1,4,7,1,3,2,2
6999,272,2025-12-11,185,13,6,1,27,8,5,0,1,1,1,2,4,0,0,1,2
7000,272,2025-12-11,186,13,6,1,23,9,7,3,1,0,2,2,5,0,1,1,2
7001,272,2025-12-11,187,13,6,1,38,3,2,3,1,0,1,1,3,0,1,0,0
7002,272,2025-12-11,188,13,6,1,31,11,5,3,1,1,1,4,9,0,1,1,1
7003,272,2025-12-11,189,13,6,1,13,5,2,2,0,0,0,3,6,1,2,0,0
7004,272,2025-12-11,191,13,6,1,9,6,2,2,1,0,1,4,7,0,1,1,1
7005,272,2025-12-11,192,13,6,1,6,6,5,0,0,0,1,4,7,0,1,0,0
7006,272,2025-12-11,194,13,6,1,4,2,1,3,0,0,1,2,3,0,1,0,0
7007,272,2025-12-11,195,13,6,1,4,5,3,0,1,1,1,3,6,1,2,1,1
7008,272,2025-12-11,76,6,13,0,30,24,1,0,2,0,3,6,12,1,3,2,2
7009,272,2025-12-11,77,6,13,0,32,16,5,5,1,1,4,6,12,1,4,1,1
7010,272,2025-12-11,78,6,13,0,25,13,5,4,1,0,1,3,6,0,1,1,1
7011,272,2025-12-11,79,6,13,0,26,10,2,2,1,1,1,2,5,0,1,1,2
7012,272,2025-12-11,80,6,13,0,21,8,7,2,1,0,1,4,8,1,2,2,2
7013,272,2025-12-11,81,6,13,0,16,5,4,1,1,0,3,1,3,0,1,1,1
7014,272,2025-12-11,82,6,13,0,18,4,6,2,1,0,0,3,6,1,2,1,1
7015,272,2025-12-11,83,6,13,0,25,11,4,4,1,0,1,3,8,1,2,1,1
7016,272,2025-12-11,84,6,13,0,13,4,0,2,0,0,2,3,6,0,1,1,1
7017,272,2025-12-11,85,6,13,0,9,7,3,1,0,0,0,3,6,1,2,1,1
7018,272,2025-12-11,86,6,13,0,15,4,3,1,1,0,0,2,4,0,1,1,1
7019,272,2025-12-11,88,6,13,0,14,5,2,2,0,0,0,1,3,0,0,1,1
7020,272,2025-12-11,90,6,13,0,8,7,3,1,0,1,1,3,6,0,1,1,1
7021,273,2025-12-11,151,11,30,1,30,17,2,3,0,1,2,5,10,2,4,2,3
7022,273,2025-12-11,152,11,30,1,36,16,4,6,1,1,3,4,10,1,3,1,1
7023,273,2025-12-11,153,11,30,1,25,8,3,4,1,0,1,3,7,1,3,1,1
7024,273,2025-12-11,154,11,30,1,21,7,4,1,1,1,1,2,5,1,2,0,0
7025,273,2025-12-11,155,11,30,1,33,8,2,1,1,0,1,3,6,1,2,1,1
7026,273,2025-12-11,156,11,30,1,19,10,5,3,1,0,2,2,5,0,1,1,1
7027,273,2025-12-11,157,11,30,1,20,11,4,4,1,1,1,3,6,0,1,1,1
7028,273,2025-12-11,158,11,30,1,22,6,4,3,1,0,1,3,6,1,2,1,1
7029,273,2025-12-11,159,11,30,1,9,1,3,2,0,0,2,1,2,0,1,0,0
7030,273,2025-12-11,160,11,30,1,13,5,2,1,0,0,1,3,6,1,2,0,0
7031,273,2025-12-11,161,11,30,1,8,5,2,0,1,0,1,3,6,1,2,0,0
7032,273,2025-12-11,162,11,30,1,7,4,0,3,0,0,0,1,2,0,0,1,1
7033,273,2025-12-11,163,11,30,1,22,5,2,1,0,0,1,1,3,0,1,1,1
7034,273,2025-12-11,164,11,30,1,4,4,2,1,0,0,1,1,3,0,1,0,0
7035,273,2025-12-11,165,11,30,1,10,3,1,2,1,1,0,1,2,0,1,1,1
7036,273,2025-12-11,436,30,11,0,31,18,6,2,1,0,3,6,12,1,3,2,3
7037,273,2025-12-11,437,30,11,0,38,28,7,9,1,0,2,7,15,1,4,3,4
7038,273,2025-12-11,438,30,11,0,32,15,4,4,0,0,1,4,7,0,1,1,2
7039,273,2025-12-11,439,30,11,0,25,16,3,0,1,0,2,4,10,2,4,1,2
7040,273,2025-12-11,440,30,11,0,8,9,0,0,1,1,1,2,6,0,1,1,2
7041,273,2025-12-11,441,30,11,0,23,6,7,1,2,1,2,3,6,1,2,1,1
7042,273,2025-12-11,442,30,11,0,27,12,2,2,1,1,1,3,6,1,2,2,2
7043,273,2025-12-11,443,30,11,0,27,9,4,2,1,1,0,3,7,1,3,1,1
7044,273,2025-12-11,444,30,11,0,16,5,4,3,1,0,0,3,5,0,1,1,1
7045,273,2025-12-11,445,30,11,0,10,3,1,2,0,0,1,2,5,1,2,0,0
7046,273,2025-12-11,446,30,11,0,12,5,3,1,1,0,0,2,5,0,1,1,1
7047,273,2025-12-11,447,30,11,0,13,4,4,1,1,0,2,2,5,0,1,1,1
7048,273,2025-12-11,448,30,11,0,14,1,3,0,1,0,1,0,1,0,0,0,0
7049,273,2025-12-11,449,30,11,0,12,5,0,0,0,0,2,2,3,0,0,1,1
7050,274,2025-12-11,91,7,20,1,37,16,5,6,1,0,4,6,12,1,3,3,4
7051,274,2025-12-11,92,7,20,1,29,23,9,5,1,1,2,7,13,1,4,2,3
7052,274,2025-12-11,93,7,20,1,29,15,1,1,1,1,1,3,8,0,1,1,2
7053,274,2025-12-11,94,7,20,1,18,5,4,2,1,0,1,2,4,0,1,1,1
7054,274,2025-12-11,95,7,20,1,25,9,0,4,1,0,2,2,4,0,1,2,2
7055,274,2025-12-11,96,7,20,1,28,5,1,5,0,1,0,3,5,0,1,1,1
7056,274,2025-12-11,97,7,20,1,20,9,7,3,1,0,1,5,8,1,2,1,1
7057,274,2025-12-11,98,7,20,1,23,6,3,3,1,0,1,2,5,1,2,1,1
7058,274,2025-12-11,99,7,20,1,16,3,2,0,1,0,1,2,5,1,2,0,0
7059,274,2025-12-11,100,7,20,1,16,4,0,0,1,0,2,2,4,0,1,0,0
7060,274,2025-12-11,102,7,20,1,8,6,1,0,1,0,0,1,3,0,1,0,0
7061,274,2025-12-11,103,7,20,1,11,4,1,2,0,0,1,1,2,0,1,0,0
7062,274,2025-12-11,104,7,20,1,14,7,2,0,0,0,0,3,6,0,1,1,1
7063,274,2025-12-11,105,7,20,1,5,4,3,2,0,0,1,1,2,0,1,1,1
7064,274,2025-12-11,286,20,7,0,35,15,4,5,2,1,3,4,10,1,3,1,1
7065,274,2025-12-11,287,20,7,0,41,27,6,8,1,1,3,8,17,1,3,5,7
7066,274,2025-12-11,288,20,7,0,27,16,1,3,2,0,1,4,10,1,2,2,3
7067,274,2025-12-11,289,20,7,0,31,11,0,3,1,0,0,4,8,1,3,1,1
7068,274,2025-12-11,290,20,7,0,23,9,2,3,0,0,0,2,4,0,1,2,2
7069,274,2025-12-11,291,20,7,0,24,6,2,2,1,0,2,2,4,0,1,0,0
7070,274,2025-12-11,292,20,7,0,26,6,5,0,1,1,2,2,4,0,1,0,0
7071,274,2025-12-11,293,20,7,0,26,7,5,4,0,0,2,1,3,0,1,2,2
7072,274,2025-12-11,295,20,7,0,14,5,2,1,0,0,1,3,5,1,2,0,0
7073,274,2025-12-11,296,20,7,0,10,0,3,1,1,0,1,1,1,0,0,0,0
7074,274,2025-12-11,297,20,7,0,12,6,2,0,1,0,1,3,6,0,1,1,1
7075,274,2025-12-11,299,20,7,0,19,6,2,2,0,0,0,1,3,0,1,1,1
7076,274,2025-12-11,300,20,7,0,14,1,1,2,0,0,1,1,2,0,1,0,0
7077,275,2025-12-11,226,16,24,1,32,21,7,6,1,1,3,5,12,0,1,2,2
7078,275,2025-12-11,227,16,24,1,39,13,2,5,1,0,4,3,8,1,2,3,3
7079,275,2025-12-11,228,16,24,1,29,9,5,2,1,1,1,2,6,0,1,0,0
7080,275,2025-12-11,229,16,24,1,20,6,8,3,2,0,2,2,3,0,1,0,0
7081,275,2025-12-11,230,16,24,1,15,15,2,2,1,0,3,5,11,1,2,2,3
7082,275,2025-12-11,231,16,24,1,21,12,7,5,1,1,2,4,7,1,2,2,2
7083,275,2025-12-11,232,16,24,1,25,9,4,1,1,1,1,3,8,1,2,2,2
7084,275,2025-12-11,233,16,24,1,27,6,2,2,1,0,1,3,6,1,2,1,1
7085,275,2025-12-11,234,16,24,1,21,7,2,2,0,0,1,2,5,0,1,2,2
7086,275,2025-12-11,235,16,24,1,19,5,1,1,1,0,1,1,2,0,0,1,1
7087,275,2025-12-11,236,16,24,1,4,1,2,1,1,0,0,0,1,0,0,0,0
7088,275,2025-12-11,237,16,24,1,5,7,3,2,0,0,0,3,5,0,1,1,1
7089,275,2025-12-11,238,16,24,1,15,7,4,0,0,0,1,3,6,1,2,1,1
7090,275,2025-12-11,239,16,24,1,13,3,1,1,0,0,0,3,5,0,1,1,1
7091,275,2025-12-11,346,24,16,0,35,23,9,6,1,0,3,8,15,2,5,1,1
7092,275,2025-12-11,347,24,16,0,35,32,4,7,1,1,2,6,16,1,4,1,2
7093,275,2025-12-11,348,24,16,0,17,9,5,2,1,0,1,3,8,1,2,1,1
7094,275,2025-12-11,349,24,16,0,28,7,3,2,0,1,2,2,4,0,0,2,2
7095,275,2025-12-11,350,24,16,0,24,12,4,4,1,1,1,4,8,1,2,1,1
7096,275,2025-12-11,351,24,16,0,14,12,7,2,1,0,1,4,9,1,2,1,2
7097,275,2025-12-11,352,24,16,0,23,9,1,3,1,0,2,3,8,0,1,2,2
7098,275,2025-12-11,353,24,16,0,21,11,2,3,0,1,1,3,8,1,4,2,2
7099,275,2025-12-11,355,24,16,0,11,5,3,2,0,0,0,3,6,0,1,0,0
7100,275,2025-12-11,356,24,16,0,13,8,2,0,0,0,1,2,6,1,2,2,2
7101,275,2025-12-11,357,24,16,0,15,5,2,2,1,0,1,2,5,0,1,1,1
7102,275,2025-12-11,359,24,16,0,20,3,0,1,1,0,1,1,3,0,0,0,0
7103,275,2025-12-11,360,24,16,0,10,4,2,1,0,0,0,1,3,0,1,0,0
7104,276,2025-12-11,316,22,23,1,35,9,5,6,0,1,5,2,4,0,1,1,1
7105,276,2025-12-11,317,22,23,1,41,25,7,7,1,0,2,7,16,2,5,2,2
7106,276,2025-12-11,318,22,23,1,24,3,4,1,1,0,1,2,4,1,2,0,0
7107,276,2025-12-11,319,22,23,1,26,11,7,3,1,1,1,3,7,1,3,2,2
7108,276,2025-12-11,320,22,23,1,19,9,3,3,1,0,0,3,8,0,1,1,1
7109,276,2025-12-11,321,22,23,1,24,6,5,3,1,1,2,2,5,1,2,1,1
7110,276,2025-12-11,322,22,23,1,25,0,4,0,1,1,1,0,1,0,0,0,0
7111,276,2025-12-11,323,22,23,1,19,12,5,0,0,0,3,2,6,0,1,2,3
7112,276,2025-12-11,325,22,23,1,12,5,2,1,1,0,0,1,3,0,1,1,1
7113,276,2025-12-11,326,22,23,1,13,0,2,1,0,0,2,1,3,0,0,0,0
7114,276,2025-12-11,327,22,23,1,4,1,4,2,1,0,1,1,3,0,1,0,0
7115,276,2025-12-11,328,22,23,1,9,0,0,1,1,0,1,1,2,0,1,0,0
7116,276,2025-12-11,329,22,23,1,15,7,3,2,0,0,1,2,6,0,1,1,1
7117,276,2025-12-11,330,22,23,1,9,6,1,1,0,0,1,2,3,0,1,1,1
7118,276,2025-12-11,331,23,22,0,33,31,7,4,1,0,3,7,17,1,3,2,3
7119,276,2025-12-11,332,23,22,0,29,23,9,3,2,1,2,5,13,1,2,3,3
7120,276,2025-12-11,333,23,22,0,23,5,4,0,1,0,2,2,4,0,1,1,1
7121,276,2025-12-11,334,23,22,0,28,8,2,2,0,0,2,4,8,1,3,2,2
7122,276,2025-12-11,335,23,22,0,21,14,2,2,2,0,0,6,11,1,4,2,2
7123,276,2025-12-11,336,23,22,0,28,10,6,2,1,1,2,2,5,0,1,2,2
7124,276,2025-12-11,337,23,22,0,25,5,4,2,1,0,2,2,4,1,2,1,1
7125,276,2025-12-11,338,23,22,0,32,3,2,3,0,1,2,3,5,0,1,1,1
7126,276,2025-12-11,339,23,22,0,9,0,0,0,0,0,0,0,1,0,0,0,0
7127,276,2025-12-11,341,23,22,0,10,4,2,1,0,0,1,1,3,0,1,0,0
7128,276,2025-12-11,342,23,22,0,7,7,3,1,0,0,0,3,5,0,1,2,2
7129,276,2025-12-11,345,23,22,0,14,3,3,1,1,0,0,1,3,0,1,0,0
7130,277,2025-12-12,16,2,25,1,37,25,10,1,1,1,1,7,15,1,3,3,3
7131,277,2025-12-12,17,2,25,1,33,22,10,3,2,1,2,6,12,2,5,2,2
7132,277,2025-12-12,18,2,25,1,20,9,3,3,1,0,2,5,8,1,3,1,1
7133,277,2025-12-12,19,2,25,1,27,6,6,1,1,1,3,2,4,0,1,1,1
7134,277,2025-12-12,20,2,25,1,29,12,4,4,1,1,0,3,6,1,2,2,2
7135,277,2025-12-12,21,2,25,1,23,12,6,4,0,0,3,5,8,2,4,2,3
7136,277,2025-12-12,22,2,25,1,25,10,5,3,1,0,2,3,5,0,1,1,2
7137,277,2025-12-12,23,2,25,1,17,9,0,2,0,0,2,3,7,1,3,1,2
7138,277,2025-12-12,25,2,25,1,18,7,2,1,1,0,1,3,7,1,2,1,1
7139,277,2025-12-12,26,2,25,1,14,5,3,0,0,0,1,2,5,0,1,1,1
7140,277,2025-12-12,27,2,25,1,13,4,2,2,0,0,0,1,2,0,0,1,1
7141,277,2025-12-12,28,2,25,1,10,2,3,1,1,0,1,2,5,0,1,0,0
7142,277,2025-12-12,29,2,25,1,13,2,1,1,1,0,1,2,4,1,2,0,0
7143,277,2025-12-12,30,2,25,1,6,2,2,0,1,0,2,1,3,0,1,0,0
7144,277,2025-12-12,361,25,2,0,40,15,6,1,1,1,4,6,11,1,4,2,2
7145,277,2025-12-12,362,25,2,0,35,25,10,9,1,1,1,6,12,2,4,4,4
7146,277,2025-12-12,363,25,2,0,27,14,3,2,1,0,1,5,11,1,5,1,1
7147,277,2025-12-12,364,25,2,0,26,11,5,3,0,0,2,4,9,1,3,1,1
7148,277,2025-12-12,365,25,2,0,22,9,3,3,1,0,2,3,8,0,1,1,1
7149,277,2025-12-12,366,25,2,0,24,13,4,2,1,0,1,3,6,1,2,2,2
7150,277,2025-12-12,367,25,2,0,22,15,4,3,1,1,1,3,7,1,2,2,3
7151,277,2025-12-12,368,25,2,0,26,11,3,1,0,0,1,3,5,0,1,3,3
7152,277,2025-12-12,369,25,2,0,12,6,3,1,1,0,2,2,4,0,1,1,1
7153,277,2025-12-12,371,25,2,0,10,5,3,1,0,0,0,2,3,0,1,0,0
7154,277,2025-12-12,372,25,2,0,19,4,2,1,0,0,1,3,5,0,1,0,0
7155,277,2025-12-12,375,25,2,0,13,4,2,2,0,0,0,3,6,1,2,1,1
7156,278,2025-12-12,166,12,8,1,33,24,3,2,1,1,4,7,15,3,7,2,2
7157,278,2025-12-12,167,12,8,1,35,14,9,3,2,0,2,3,8,1,3,1,2
7158,278,2025-12-12,168,12,8,1,30,5,3,2,1,1,2,2,4,0,1,0,0
7159,278,2025-12-12,169,12,8,1,23,7,4,3,1,0,0,3,5,0,1,1,1
7160,278,2025-12-12,170,12,8,1,34,15,3,2,2,1,1,4,8,0,1,3,3
7161,278,2025-12-12,171,12,8,1,23,13,11,3,1,0,2,4,7,0,1,1,1
7162,278,2025-12-12,172,12,8,1,27,10,5,1,1,1,1,3,6,1,3,1,2
7163,278,2025-12-12,173,12,8,1,27,8,1,2,1,0,2,4,7,0,1,1,1
7164,278,2025-12-12,175,12,8,1,10,0,0,1,0,0,1,0,1,0,0,0,0
7165,278,2025-12-12,176,12,8,1,5,3,1,0,1,0,1,3,5,1,2,0,0
7166,278,2025-12-12,177,12,8,1,13,3,4,1,0,0,1,2,4,0,1,1,1
7167,278,2025-12-12,179,12,8,1,10,2,2,1,1,0,1,2,5,0,1,0,0
7168,278,2025-12-12,180,12,8,1,16,0,4,0,0,0,1,1,2,0,0,0,0
7169,278,2025-12-12,106,8,12,0,27,5,4,8,1,1,2,2,5,1,2,1,1
7170,278,2025-12-12,107,8,12,0,21,16,7,2,1,0,4,4,8,0,1,1,1
7171,278,2025-12-12,108,8,12,0,15,14,4,1,1,0,2,3,7,1,3,1,1
7172,278,2025-12-12,109,8,12,0,26,16,7,3,0,0,2,6,11,1,3,2,3
7173,278,2025-12-12,110,8,12,0,16,11,2,4,1,0,1,3,5,0,1,1,1
7174,278,2025-12-12,111,8,12,0,26,15,3,3,1,0,1,5,10,1,4,1,2
7175,278,2025-12-12,112,8,12,0,26,17,8,3,0,0,2,4,10,1,2,1,2
7176,278,2025-12-12,113,8,12,0,24,6,5,2,2,0,2,2,4,0,1,1,1
7177,278,2025-12-12,115,8,12,0,19,6,1,2,0,0,1,2,5,1,2,1,1
7178,278,2025-12-12,116,8,12,0,13,7,2,3,0,0,1,3,6,0,1,1,1
7179,278,2025-12-12,118,8,12,0,17,3,4,0,1,0,1,2,4,0,1,0,0
7180,278,2025-12-12,119,8,12,0,11,1,0,0,1,0,0,1,3,0,1,0,0
7181,279,2025-12-12,301,21,9,1,37,23,5,6,1,1,3,5,13,1,3,1,2
7182,279,2025-12-12,302,21,9,1,41,22,2,5,2,1,4,6,13,2,5,1,1
7183,279,2025-12-12,303,21,9,1,23,9,4,1,1,1,2,2,5,0,1,1,1
7184,279,2025-12-12,304,21,9,1,18,14,5,3,1,1,1,4,8,1,4,2,2
7185,279,2025-12-12,305,21,9,1,20,10,4,0,1,1,0,4,8,1,3,1,2
7186,279,2025-12-12,306,21,9,1,23,8,5,4,1,0,3,3,7,1,3,1,1
7187,279,2025-12-12,307,21,9,1,23,13,7,4,1,0,1,4,9,0,1,1,2
7188,279,2025-12-12,308,21,9,1,19,2,4,2,1,0,1,2,4,1,2,0,0
7189,279,2025-12-12,310,21,9,1,12,4,1,1,0,1,1,1,2,0,0,1,1
7190,279,2025-12-12,311,21,9,1,4,6,1,1,1,0,1,1,3,0,1,0,0
7191,279,2025-12-12,312,21,9,1,14,4,4,2,0,0,1,3,5,0,1,1,1
7192,279,2025-12-12,314,21,9,1,22,4,3,1,1,1,1,3,5,0,1,0,0
7193,279,2025-12-12,121,9,21,0,33,15,7,13,1,0,3,4,11,1,2,1,1
7194,279,2025-12-12,122,9,21,0,32,33,6,4,1,1,3,6,16,1,2,6,8
7195,279,2025-12-12,123,9,21,0,23,7,4,3,1,0,1,2,5,0,1,1,2
7196,279,2025-12-12,124,9,21,0,24,3,5,2,0,1,2,2,5,0,1,0,0
7197,279,2025-12-12,125,9,21,0,15,8,3,3,1,0,2,2,5,0,1,1,1
7198,279,2025-12-12,126,9,21,0,24,10,1,3,1,0,1,3,6,0,1,1,1
7199,279,2025-12-12,127,9,21,0,29,9,2,1,1,0,3,3,5,1,2,1,1
7200,279,2025-12-12,128,9,21,0,26,8,6,2,0,0,3,2,4,0,1,1,1
7201,279,2025-12-12,129,9,21,0,10,4,1,2,0,0,0,1,2,0,1,1,1
7202,279,2025-12-12,130,9,21,0,11,2,4,2,1,0,1,2,5,1,2,0,0
7203,279,2025-12-12,132,9,21,0,11,4,2,0,1,0,0,2,4,0,1,1,1
7204,279,2025-12-12,133,9,21,0,9,6,3,1,1,0,0,4,7,1,2,1,1
7205,279,2025-12-12,135,9,21,0,17,6,2,1,1,0,0,3,6,0,1,1,1
7206,280,2025-12-12,196,14,28,1,31,19,9,4,2,1,4,4,10,1,4,2,3
7207,280,2025-12-12,197,14,28,1,35,19,4,4,1,0,2,4,9,1,3,2,3
7208,280,2025-12-12,198,14,28,1,22,14,3,4,1,1,2,4,8,1,2,2,2
7209,280,2025-12-12,199,14,28,1,29,8,4,1,1,0,1,3,5,0,1,1,2
7210,280,2025-12-12,200,14,28,1,20,12,4,2,0,0,0,4,8,1,3,1,1
7211,280,2025-12-12,201,14,28,1,33,9,5,3,1,0,3,3,6,1,2,1,1
7212,280,2025-12-12,202,14,28,1,22,9,6,0,2,0,1,4,8,1,2,1,1
7213,280,2025-12-12,203,14,28,1,30,11,6,1,1,0,2,3,5,1,2,2,3
7214,280,2025-12-12,204,14,28,1,16,0,1,2,1,0,0,1,2,0,1,0,0
7215,280,2025-12-12,208,14,28,1,16,6,2,1,0,0,0,2,4,0,1,1,1
7216,280,2025-12-12,209,14,28,1,6,4,4,2,1,0,1,3,6,0,1,1,1
7217,280,2025-12-12,406,28,14,0,33,18,8,5,1,0,2,5,10,2,4,3,4
7218,280,2025-12-12,407,28,14,0,26,20,6,3,1,1,3,6,14,1,3,1,1
7219,280,2025-12-12,408,28,14,0,23,7,0,2,0,0,2,3,5,1,2,1,1
7220,280,2025-12-12,409,28,14,0,36,14,5,6,1,0,1,5,9,1,4,2,3
7221,280,2025-12-12,410,28,14,0,31,10,2,2,1,0,1,3,5,0,1,2,2
7222,280,2025-12-12,411,28,14,0,22,10,6,0,1,0,1,5,9,1,2,1,1
7223,280,2025-12-12,412,28,14,0,27,12,6,3,0,1,3,6,10,2,4,2,3
7224,280,2025-12-12,413,28,14,0,21,10,5,0,1,0,2,2,5,0,1,1,1
7225,280,2025-12-12,414,28,14,0,4,8,1,0,1,0,1,2,4,0,0,1,1
7226,280,2025-12-12,415,28,14,0,14,5,0,0,1,0,0,2,4,0,1,1,1
7227,280,2025-12-12,416,28,14,0,13,6,1,1,0,0,1,4,7,0,1,0,0
7228,280,2025-12-12,417,28,14,0,12,5,1,1,0,0,2,2,5,0,1,1,1
7229,280,2025-12-12,418,28,14,0,18,9,2,1,0,0,0,3,5,1,2,2,2
7230,280,2025-12-12,419,28,14,0,11,2,1,0,1,0,1,1,2,0,0,0,0
7231,280,2025-12-12,420,28,14,0,8,7,4,1,1,0,0,3,6,1,2,2,2
7232,281,2025-12-12,136,10,26,1,37,20,7,4,2,1,2,7,13,1,3,3,3
7233,281,2025-12-12,137,10,26,1,40,19,4,4,2,0,4,5,10,1,2,2,3
7234,281,2025-12-12,138,10,26,1,13,9,5,2,0,1,1,4,7,1,2,2,2
7235,281,2025-12-12,139,10,26,1,26,13,4,4,0,0,1,3,6,1,2,1,2
7236,281,2025-12-12,140,10,26,1,28,6,7,3,0,0,2,2,3,0,1,1,1
7237,281,2025-12-12,141,10,26,1,21,8,1,4,1,0,2,2,4,0,1,1,1
7238,281,2025-12-12,142,10,26,1,24,16,2,4,1,0,2,4,10,1,2,3,4
7239,281,2025-12-12,143,10,26,1,22,8,2,1,0,1,2,3,7,0,1,2,2
7240,281,2025-12-12,145,10,26,1,4,4,1,3,1,0,0,3,5,0,1,1,1
7241,281,2025-12-12,146,10,26,1,11,3,3,1,1,0,0,2,3,0,1,0,0
7242,281,2025-12-12,147,10,26,1,13,4,1,3,0,0,1,3,6,0,1,1,1
7243,281,2025-12-12,149,10,26,1,13,4,4,1,1,0,0,1,2,0,0,0,0
7244,281,2025-12-12,376,26,10,0,28,16,2,4,2,1,4,5,11,1,3,4,4
7245,281,2025-12-12,377,26,10,0,33,23,2,3,1,1,1,5,12,1,4,3,4
7246,281,2025-12-12,378,26,10,0,30,7,2,3,1,0,0,3,7,1,2,1,1
7247,281,2025-12-12,379,26,10,0,18,9,4,2,0,0,1,2,5,0,1,2,2
7248,281,2025-12-12,380,26,10,0,19,8,7,0,1,1,2,3,6,0,1,0,0
7249,281,2025-12-12,381,26,10,0,19,10,4,0,1,0,0,3,6,1,2,1,1
7250,281,2025-12-12,382,26,10,0,17,9,0,3,0,0,0,2,5,1,2,1,1
7251,281,2025-12-12,383,26,10,0,23,7,3,2,1,0,1,4,7,1,2,1,1
7252,281,2025-12-12,385,26,10,0,6,1,0,1,1,0,1,2,3,0,1,0,0
7253,281,2025-12-12,386,26,10,0,7,7,3,1,0,1,1,1,3,0,1,1,1
7254,281,2025-12-12,387,26,10,0,14,1,2,0,0,0,0,0,1,0,0,0,0
7255,281,2025-12-12,388,26,10,0,9,2,2,0,1,0,1,1,2,0,1,0,0
7256,281,2025-12-12,390,26,10,0,15,7,0,1,0,0,1,3,7,0,1,1,1
7257,282,2025-12-12,46,4,17,1,35,21,6,2,2,1,1,7,13,1,2,1,2
7258,282,2025-12-12,47,4,17,1,24,21,4,5,1,0,4,7,12,1,4,4,5
7259,282,2025-12-12,48,4,17,1,30,6,7,4,0,1,0,2,4,0,1,1,1
7260,282,2025-12-12,49,4,17,1,31,10,5,1,1,0,1,3,6,1,2,1,1
7261,282,2025-12-12,50,4,17,1,25,11,2,3,1,1,1,4,7,0,1,1,2
7262,282,2025-12-12,51,4,17,1,24,7,0,2,1,1,2,2,5,0,1,0,0
7263,282,2025-12-12,52,4,17,1,24,4,6,0,1,1,2,3,6,1,2,1,1
7264,282,2025-12-12,53,4,17,1,38,13,5,3,1,0,2,3,6,1,2,1,1
7265,282,2025-12-12,54,4,17,1,12,5,4,0,0,0,0,2,5,0,1,0,0
7266,282,2025-12-12,57,4,17,1,10,11,3,0,1,0,1,3,6,0,1,1,1
7267,282,2025-12-12,58,4,17,1,4,4,1,2,1,0,0,1,3,0,1,0,0
7268,282,2025-12-12,59,4,17,1,12,7,5,0,0,0,1,2,4,0,1,1,1
7269,282,2025-12-12,60,4,17,1,4,6,1,1,1,0,1,3,6,0,1,1,1
7270,282,2025-12-12,241,17,4,0,35,28,3,10,2,1,3,8,15,2,5,3,4
7271,282,2025-12-12,242,17,4,0,31,17,6,3,1,0,1,3,8,1,2,3,4
7272,282,2025-12-12,243,17,4,0,25,13,4,3,0,0,1,4,8,1,3,3,3
7273,282,2025-12-12,244,17,4,0,17,11,2,2,1,1,0,3,6,0,1,1,1
7274,282,2025-12-12,245,17,4,0,20,12,2,3,1,0,3,3,6,1,2,3,3
7275,282,2025-12-12,246,17,4,0,18,15,4,2,1,1,1,3,7,0,1,3,4
7276,282,2025-12-12,247,17,4,0,21,14,6,0,1,0,1,3,7,1,2,2,3
7277,282,2025-12-12,248,17,4,0,19,9,3,4,0,0,2,3,6,1,2,1,1
7278,282,2025-12-12,250,17,4,0,12,4,1,0,0,0,1,2,5,0,1,0,0
7279,282,2025-12-12,251,17,4,0,12,2,2,2,1,0,1,2,3,0,0,0,0
7280,282,2025-12-12,252,17,4,0,9,7,0,0,1,0,1,3,6,0,1,1,1
7281,282,2025-12-12,253,17,4,0,4,3,1,2,0,0,1,1,3,0,1,0,0
7282,282,2025-12-12,254,17,4,0,6,7,2,1,0,0,1,4,7,0,1,0,0
7283,282,2025-12-12,255,17,4,0,13,4,3,0,0,0,1,2,4,0,1,1,1
7284,283,2025-12-13,421,29,5,1,39,14,6,3,0,0,1,4,8,0,1,2,3
7285,283,2025-12-13,422,29,5,1,36,17,3,0,1,1,1,6,12,1,3,2,2
7286,283,2025-12-13,423,29,5,1,27,10,3,3,2,1,2,4,9,0,1,1,2
7287,283,2025-12-13,424,29,5,1,24,8,4,0,0,0,0,3,6,0,1,1,1
7288,283,2025-12-13,425,29,5,1,13,4,2,3,0,0,2,2,4,0,1,1,1
7289,283,2025-12-13,426,29,5,1,26,11,6,0,1,0,1,4,7,1,2,2,3
7290,283,2025-12-13,427,29,5,1,17,5,0,1,1,0,2,1,2,0,1,1,1
7291,283,2025-12-13,428,29,5,1,25,6,1,5,1,1,2,1,3,0,0,1,1
7292,283,2025-12-13,429,29,5,1,12,2,1,1,1,0,1,0,1,0,0,0,0
7293,283,2025-12-13,430,29,5,1,15,0,4,2,1,0,0,2,4,1,2,0,0
7294,283,2025-12-13,431,29,5,1,12,2,4,0,1,0,0,1,2,0,1,0,0
7295,283,2025-12-13,432,29,5,1,19,4,2,0,1,0,0,2,3,0,0,0,0
7296,283,2025-12-13,435,29,5,1,15,2,2,2,1,0,0,1,1,0,0,0,0
7297,283,2025-12-13,61,5,29,0,29,18,8,7,2,1,4,6,13,0,1,3,4
7298,283,2025-12-13,62,5,29,0,42,19,3,9,2,1,4,7,13,1,2,3,4
7299,283,2025-12-13,63,5,29,0,16,10,6,1,1,0,1,4,9,1,2,2,2
7300,283,2025-12-13,64,5,29,0,26,4,3,0,1,0,2,3,6,0,1,1,1
7301,283,2025-12-13,65,5,29,0,27,7,3,3,1,0,1,2,4,0,1,1,1
7302,283,2025-12-13,66,5,29,0,27,13,3,4,0,1,2,6,10,1,3,2,3
7303,283,2025-12-13,67,5,29,0,24,6,3,1,1,1,2,3,6,0,1,1,1
7304,283,2025-12-13,68,5,29,0,31,12,5,2,1,0,2,3,6,1,2,1,1
7305,283,2025-12-13,69,5,29,0,10,4,2,2,1,0,0,2,3,0,1,1,1
7306,283,2025-12-13,71,5,29,0,13,6,1,1,1,0,0,2,6,0,1,1,1
7307,283,2025-12-13,72,5,29,0,12,8,2,1,1,0,2,2,4,0,1,2,2
7308,283,2025-12-13,73,5,29,0,15,2,3,1,0,0,1,1,2,0,0,0,0
7309,283,2025-12-13,74,5,29,0,4,5,0,0,1,0,0,1,3,0,0,1,1
7310,283,2025-12-13,75,5,29,0,13,6,3,1,1,0,0,3,7,0,1,0,0
7311,284,2025-12-13,271,19,18,1,33,35,8,6,2,0,2,11,19,1,5,4,5
7312,284,2025-12-13,272,19,18,1,24,26,5,6,1,0,3,7,16,1,4,2,3
7313,284,2025-12-13,273,19,18,1,17,4,3,1,1,0,1,3,6,0,1,1,1
7314,284,2025-12-13,274,19,18,1,24,12,4,2,1,1,2,2,6,0,1,1,1
7315,284,2025-12-13,275,19,18,1,29,9,4,0,1,0,2,4,7,0,1,1,2
7316,284,2025-12-13,276,19,18,1,22,7,5,1,1,1,2,3,7,1,3,1,1
7317,284,2025-12-13,277,19,18,1,11,10,6,1,1,0,2,4,9,2,4,2,2
7318,284,2025-12-13,278,19,18,1,30,6,3,1,1,0,2,4,7,1,2,1,1
7319,284,2025-12-13,279,19,18,1,10,3,0,2,1,0,2,1,2,0,0,1,1
7320,284,2025-12-13,281,19,18,1,6,3,3,2,0,0,0,2,4,0,1,1,1
7321,284,2025-12-13,283,19,18,1,14,6,1,2,1,0,1,2,3,0,1,1,1
7322,284,2025-12-13,284,19,18,1,4,4,3,1,1,0,0,2,3,0,1,0,0
7323,284,2025-12-13,285,19,18,1,12,6,3,1,0,0,0,2,3,0,1,0,0
7324,284,2025-12-13,256,18,19,0,35,24,4,4,1,2,4,7,13,1,2,2,3
7325,284,2025-12-13,257,18,19,0,36,21,6,6,2,0,2,5,12,1,2,1,2
7326,284,2025-12-13,258,18,19,0,36,11,3,3,0,1,1,5,9,1,3,1,1
7327,284,2025-12-13,259,18,19,0,19,8,1,0,1,0,2,2,4,1,2,1,1
7328,284,2025-12-13,260,18,19,0,26,14,5,2,1,0,2,5,9,0,1,1,2
7329,284,2025-12-13,261,18,19,0,22,8,4,5,0,0,1,2,4,1,2,0,0
7330,284,2025-12-13,262,18,19,0,33,9,5,2,1,0,2,3,6,1,3,1,1
7331,284,2025-12-13,263,18,19,0,28,2,4,4,1,0,2,1,3,0,1,0,0
7332,284,2025-12-13,265,18,19,0,11,4,3,0,1,0,0,2,5,0,1,0,0
7333,284,2025-12-13,266,18,19,0,15,5,6,3,0,0,0,1,2,0,1,0,0
7334,284,2025-12-13,267,18,19,0,7,5,2,0,1,0,0,2,5,0,1,1,1
7335,284,2025-12-13,268,18,19,0,14,0,2,2,0,0,0,0,1,0,0,0,0
7336,284,2025-12-13,269,18,19,0,6,4,0,0,0,0,0,3,5,1,2,1,1
7337,285,2025-12-13,31,3,15,1,27,18,6,5,1,1,4,5,10,2,4,3,4
7338,285,2025-12-13,32,3,15,1,30,19,4,2,2,1,3,6,11,1,4,2,3
7339,285,2025-12-13,33,3,15,1,25,13,7,3,1,1,0,3,6,1,2,2,2
7340,285,2025-12-13,34,3,15,1,24,9,3,3,0,1,1,2,5,1,2,2,2
7341,285,2025-12-13,35,3,15,1,18,5,7,3,0,1,0,2,5,0,1,0,0
7342,285,2025-12-13,36,3,15,1,27,12,8,0,1,1,1,4,7,0,1,1,1
7343,285,2025-12-13,37,3,15,1,30,5,6,2,1,1,0,3,6,1,2,1,1
7344,285,2025-12-13,38,3,15,1,23,13,5,2,2,0,1,3,6,0,1,2,2
7345,285,2025-12-13,39,3,15,1,12,3,4,3,0,0,1,2,3,0,1,0,0
7346,285,2025-12-13,41,3,15,1,14,4,3,2,0,1,1,3,6,1,2,0,0
7347,285,2025-12-13,42,3,15,1,14,1,3,1,0,0,1,0,1,0,0,0,0
7348,285,2025-12-13,43,3,15,1,8,3,1,2,1,0,0,0,1,0,0,1,1
7349,285,2025-12-13,44,3,15,1,9,5,4,1,1,0,0,2,5,0,1,0,0
7350,285,2025-12-13,45,3,15,1,21,8,2,1,1,0,1,4,8,1,2,1,1
7351,285,2025-12-13,211,15,3,0,27,29,9,2,1,1,3,6,16,1,4,2,2
7352,285,2025-12-13,212,15,3,0,25,19,9,7,1,1,3,5,11,1,4,4,5
7353,285,2025-12-13,213,15,3,0,17,8,6,2,1,0,2,3,7,1,2,1,1
7354,285,2025-12-13,214,15,3,0,27,9,4,1,1,0,2,4,8,0,1,1,2
7355,285,2025-12-13,215,15,3,0,20,11,7,4,0,0,1,5,9,1,2,1,1
7356,285,2025-12-13,216,15,3,0,29,10,6,3,1,1,1,4,8,1,2,1,1
7357,285,2025-12-13,217,15,3,0,18,7,0,3,1,0,2,2,4,0,1,1,1
7358,285,2025-12-13,218,15,3,0,30,19,5,4,1,0,1,6,10,1,4,3,4
7359,285,2025-12-13,219,15,3,0,4,6,3,1,1,0,1,2,5,0,1,1,1
7360,285,2025-12-13,220,15,3,0,6,1,3,1,1,0,1,1,2,0,1,0,0
7361,285,2025-12-13,221,15,3,0,14,3,2,1,0,0,1,3,5,0,1,0,0
7362,285,2025-12-13,222,15,3,0,10,6,0,1,1,0,1,2,6,0,1,1,1
7363,285,2025-12-13,223,15,3,0,7,4,2,4,0,0,0,1,2,0,1,0,0
7364,285,2025-12-13,224,15,3,0,10,4,2,1,0,0,0,2,4,0,1,0,0
7365,285,2025-12-13,225,15,3,0,5,3,2,0,0,0,1,3,5,0,1,0,0
7366,286,2025-12-13,421,29,26,1,39,22,8,4,1,1,4,5,13,1,3,3,4
7367,286,2025-12-13,422,29,26,1,29,30,4,5,1,0,3,8,15,1,4,3,3
7368,286,2025-12-13,423,29,26,1,26,13,2,3,1,0,2,5,10,1,3,1,1
7369,286,2025-12-13,424,29,26,1,30,11,3,3,1,0,1,4,9,0,1,1,1
7370,286,2025-12-13,425,29,26,1,26,8,1,4,1,0,1,2,4,1,2,2,2
7371,286,2025-12-13,426,29,26,1,14,8,2,3,1,0,3,2,4,1,2,1,1
7372,286,2025-12-13,427,29,26,1,20,9,6,0,1,1,2,3,6,1,2,1,1
7373,286,2025-12-13,428,29,26,1,16,12,6,3,0,0,0,4,8,1,2,1,2
7374,286,2025-12-13,429,29,26,1,8,7,6,1,0,0,1,2,4,1,2,1,1
7375,286,2025-12-13,430,29,26,1,6,2,3,3,0,0,0,3,5,1,2,0,0
7376,286,2025-12-13,431,29,26,1,10,6,0,2,1,0,0,3,7,0,1,1,1
7377,286,2025-12-13,432,29,26,1,16,1,3,2,1,0,1,1,1,0,0,0,0
7378,286,2025-12-13,433,29,26,1,11,1,1,1,1,0,1,0,1,0,0,0,0
7379,286,2025-12-13,435,29,26,1,13,6,4,0,0,0,1,2,3,0,1,1,1
7380,286,2025-12-13,376,26,29,0,33,14,4,5,1,1,0,4,8,0,1,1,1
7381,286,2025-12-13,377,26,29,0,32,18,8,3,1,1,2,5,10,1,2,2,2
7382,286,2025-12-13,378,26,29,0,19,12,6,3,0,1,1,4,10,0,1,2,3
7383,286,2025-12-13,379,26,29,0,21,12,6,2,1,1,0,3,7,1,2,2,2
7384,286,2025-12-13,380,26,29,0,30,7,6,5,1,0,1,2,3,0,1,0,0
7385,286,2025-12-13,381,26,29,0,33,6,0,0,1,0,1,3,6,0,1,1,1
7386,286,2025-12-13,382,26,29,0,19,11,6,3,1,0,2,2,5,0,1,1,1
7387,286,2025-12-13,383,26,29,0,34,14,3,2,1,1,1,4,8,0,1,1,1
7388,286,2025-12-13,384,26,29,0,14,4,2,0,1,0,1,2,4,0,0,1,1
7389,286,2025-12-13,385,26,29,0,15,7,3,1,1,0,0,2,6,0,1,1,1
7390,286,2025-12-13,386,26,29,0,17,3,1,2,1,0,1,2,5,1,2,0,0
7391,286,2025-12-13,387,26,29,0,9,2,3,2,1,0,1,2,5,1,2,0,0
7392,287,2025-12-13,61,5,14,1,35,13,6,3,1,1,2,4,10,1,3,2,2
7393,287,2025-12-13,62,5,14,1,42,8,7,7,2,1,3,3,6,1,3,0,0
7394,287,2025-12-13,63,5,14,1,20,10,6,2,1,1,1,3,6,0,1,2,2
7395,287,2025-12-13,64,5,14,1,23,8,2,3,1,0,1,3,6,1,2,1,2
7396,287,2025-12-13,65,5,14,1,20,10,5,3,1,0,0,2,5,1,2,1,1
7397,287,2025-12-13,66,5,14,1,23,5,3,2,0,1,0,1,3,0,1,1,1
7398,287,2025-12-13,67,5,14,1,29,13,7,0,1,0,1,3,8,1,2,3,3
7399,287,2025-12-13,68,5,14,1,28,6,3,3,1,1,1,3,6,0,1,1,1
7400,287,2025-12-13,69,5,14,1,12,1,3,1,0,0,1,0,1,0,0,0,0
7401,287,2025-12-13,70,5,14,1,17,3,2,0,0,0,1,1,2,0,1,0,0
7402,287,2025-12-13,71,5,14,1,17,4,1,2,1,0,1,2,5,1,2,0,0
7403,287,2025-12-13,73,5,14,1,4,4,2,1,0,1,1,1,2,0,0,1,1
7404,287,2025-12-13,74,5,14,1,18,5,2,2,0,0,0,1,2,0,0,1,1
7405,287,2025-12-13,196,14,5,0,38,19,6,4,0,1,3,7,13,1,3,2,2
7406,287,2025-12-13,197,14,5,0,34,16,11,4,1,1,3,4,9,0,1,2,3
7407,287,2025-12-13,198,14,5,0,23,4,4,0,1,0,2,1,3,0,0,1,1
7408,287,2025-12-13,199,14,5,0,24,7,2,0,1,1,2,2,3,0,0,1,1
7409,287,2025-12-13,200,14,5,0,16,10,1,0,1,1,1,5,9,1,2,1,1
7410,287,2025-12-13,201,14,5,0,26,6,3,1,1,1,1,2,6,0,1,1,1
7411,287,2025-12-13,202,14,5,0,26,5,1,1,1,0,1,3,6,0,1,0,0
7412,287,2025-12-13,203,14,5,0,15,10,5,2,1,1,2,3,7,1,2,1,2
7413,287,2025-12-13,206,14,5,0,13,5,3,0,0,0,1,3,6,0,1,1,1
7414,287,2025-12-13,208,14,5,0,19,4,0,1,0,0,1,1,2,0,0,0,0
7415,287,2025-12-13,209,14,5,0,9,2,2,3,0,1,1,3,5,1,2,0,0
7416,288,2025-12-13,106,8,16,1,33,22,8,10,1,0,2,5,10,1,2,3,3
7417,288,2025-12-13,107,8,16,1,34,24,5,9,1,0,5,7,13,2,6,3,4
7418,288,2025-12-13,108,8,16,1,33,13,6,3,0,0,1,5,9,0,1,2,3
7419,288,2025-12-13,109,8,16,1,28,11,3,3,0,0,1,2,5,1,2,1,1
7420,288,2025-12-13,110,8,16,1,21,13,4,4,1,1,1,5,10,2,4,2,3
7421,288,2025-12-13,111,8,16,1,20,9,5,1,0,0,2,4,8,1,3,1,1
7422,288,2025-12-13,112,8,16,1,22,13,2,2,0,0,2,3,8,1,3,2,3
7423,288,2025-12-13,113,8,16,1,25,9,4,3,1,1,1,3,6,0,1,1,1
7424,288,2025-12-13,117,8,16,1,24,5,2,1,1,0,1,1,2,0,1,1,1
7425,288,2025-12-13,118,8,16,1,11,6,2,2,1,0,2,4,7,1,3,1,1
7426,288,2025-12-13,119,8,16,1,6,4,3,0,0,0,1,3,5,0,1,0,0
7427,288,2025-12-13,226,16,8,0,31,21,2,3,1,0,4,5,11,1,2,4,5
7428,288,2025-12-13,227,16,8,0,31,21,7,0,1,0,3,7,13,2,6,1,2
7429,288,2025-12-13,228,16,8,0,32,9,4,1,1,1,2,2,5,0,1,1,1
7430,288,2025-12-13,229,16,8,0,29,10,0,1,0,1,1,4,8,1,3,1,1
7431,288,2025-12-13,230,16,8,0,33,13,4,1,1,0,0,4,7,1,2,1,1
7432,288,2025-12-13,231,16,8,0,23,7,2,2,1,1,2,2,4,0,1,1,1
7433,288,2025-12-13,232,16,8,0,20,8,2,1,2,0,2,2,4,1,2,1,1
7434,288,2025-12-13,233,16,8,0,16,8,5,1,2,1,2,3,5,0,1,1,1
7435,288,2025-12-13,234,16,8,0,10,0,1,0,1,1,2,2,4,0,1,0,0
7436,288,2025-12-13,235,16,8,0,16,2,2,0,1,0,1,1,2,0,1,0,0
7437,288,2025-12-13,237,16,8,0,16,4,3,2,0,0,0,2,3,0,1,1,1
7438,288,2025-12-13,239,16,8,0,16,6,1,1,0,0,0,3,6,1,2,1,1
7439,288,2025-12-13,240,16,8,0,7,1,1,1,0,0,2,1,3,0,1,0,0
7440,289,2025-12-14,151,11,30,1,36,18,4,0,2,1,2,5,11,1,3,1,1
7441,289,2025-12-14,152,11,30,1,35,16,0,7,2,0,4,5,9,1,3,3,3
7442,289,2025-12-14,153,11,30,1,23,12,4,3,1,1,1,5,9,1,2,2,3
7443,289,2025-12-14,154,11,30,1,29,15,5,1,1,0,2,5,11,0,1,1,1
7444,289,2025-12-14,155,11,30,1,19,12,3,2,1,1,1,4,8,0,1,2,3
7445,289,2025-12-14,156,11,30,1,23,7,4,3,1,1,1,2,4,0,1,2,2
7446,289,2025-12-14,157,11,30,1,29,13,5,5,1,1,1,3,6,1,2,2,3
7447,289,2025-12-14,158,11,30,1,20,12,4,4,0,1,1,3,8,1,2,1,1
7448,289,2025-12-14,159,11,30,1,17,4,3,0,0,0,1,2,4,1,2,1,1
7449,289,2025-12-14,160,11,30,1,8,6,2,0,1,0,1,2,3,0,1,1,1
7450,289,2025-12-14,163,11,30,1,12,5,3,0,1,0,1,2,4,0,1,1,1
7451,289,2025-12-14,164,11,30,1,12,5,1,2,0,0,1,1,2,0,0,0,0
7452,289,2025-12-14,165,11,30,1,11,0,2,0,1,0,0,1,3,0,0,0,0
7453,289,2025-12-14,436,30,11,0,28,24,6,5,1,1,3,6,15,2,7,2,2
7454,289,2025-12-14,437,30,11,0,30,33,10,8,1,0,4,10,18,1,3,3,5
7455,289,2025-12-14,438,30,11,0,22,9,5,5,1,1,1,4,7,0,1,2,2
7456,289,2025-12-14,439,30,11,0,21,12,3,6,1,0,2,5,10,1,4,1,1
7457,289,2025-12-14,440,30,11,0,26,8,4,3,1,0,1,3,6,0,1,1,1
7458,289,2025-12-14,441,30,11,0,29,12,2,0,1,0,1,4,8,0,1,2,2
7459,289,2025-12-14,442,30,11,0,31,14,0,4,1,0,0,6,10,1,3,2,3
7460,289,2025-12-14,443,30,11,0,19,7,2,0,1,0,2,1,3,0,1,1,1
7461,289,2025-12-14,444,30,11,0,15,5,1,1,1,1,0,2,4,0,1,1,1
7462,289,2025-12-14,445,30,11,0,15,6,1,1,0,0,1,3,6,1,2,1,1
7463,289,2025-12-14,447,30,11,0,17,4,2,2,0,0,1,3,6,0,1,1,1
7464,289,2025-12-14,448,30,11,0,11,3,3,2,0,0,0,3,5,1,2,0,0
7465,289,2025-12-14,449,30,11,0,9,5,2,1,0,0,0,3,6,1,3,1,1
7466,290,2025-12-14,331,23,4,1,41,14,11,0,0,1,2,4,10,1,2,2,2
7467,290,2025-12-14,332,23,4,1,33,13,8,2,2,1,4,5,10,1,4,3,3
7468,290,2025-12-14,333,23,4,1,15,8,5,3,1,0,1,3,7,0,1,1,1
7469,290,2025-12-14,334,23,4,1,28,12,8,1,1,0,1,5,10,0,1,2,2
7470,290,2025-12-14,335,23,4,1,21,10,4,3,1,0,0,3,7,0,1,2,2
7471,290,2025-12-14,336,23,4,1,19,15,3,2,1,1,0,4,9,1,2,2,2
7472,290,2025-12-14,337,23,4,1,17,12,5,5,1,0,1,4,8,1,2,2,2
7473,290,2025-12-14,338,23,4,1,29,8,5,1,1,1,2,3,6,1,2,1,1
7474,290,2025-12-14,339,23,4,1,17,7,2,1,1,0,1,2,4,0,1,2,2
7475,290,2025-12-14,340,23,4,1,15,6,2,3,0,0,1,2,4,1,2,1,1
7476,290,2025-12-14,341,23,4,1,7,5,2,1,0,0,0,2,4,0,1,1,1
7477,290,2025-12-14,342,23,4,1,15,2,0,0,1,0,1,2,4,0,1,0,0
7478,290,2025-12-14,344,23,4,1,10,5,4,0,1,0,1,1,3,0,0,0,0
7479,290,2025-12-14,345,23,4,1,11,2,4,2,0,0,0,1,3,0,1,0,0
7480,290,2025-12-14,46,4,23,0,38,12,0,6,1,0,2,6,10,1,3,2,2
7481,290,2025-12-14,47,4,23,0,31,20,5,9,1,1,4,5,10,1,4,2,2
7482,290,2025-12-14,48,4,23,0,30,0,4,3,1,0,2,1,1,0,0,0,0
7483,290,2025-12-14,49,4,23,0,23,0,3,1,1,0,2,1,3,0,1,0,0
7484,290,2025-12-14,50,4,23,0,22,6,1,1,1,1,1,4,7,0,1,1,1
7485,290,2025-12-14,51,4,23,0,25,4,5,2,1,0,1,2,3,0,0,1,1
7486,290,2025-12-14,52,4,23,0,21,1,3,2,2,1,1,1,3,0,1,0,0
7487,290,2025-12-14,53,4,23,0,31,3,5,1,1,1,2,2,3,0,1,0,0
7488,290,2025-12-14,55,4,23,0,6,7,0,0,1,0,1,3,7,1,2,1,1
7489,290,2025-12-14,56,4,23,0,19,4,3,1,0,0,0,3,5,0,1,0,0
7490,290,2025-12-14,58,4,23,0,4,4,1,1,1,0,0,2,4,1,2,0,0
7491,290,2025-12-14,59,4,23,0,22,3,2,1,0,0,1,2,4,0,1,1,1
7492,290,2025-12-14,60,4,23,0,19,3,2,0,1,0,1,3,5,0,1,0,0
7493,291,2025-12-14,121,9,19,1,32,20,8,7,2,1,1,6,13,2,6,1,1
7494,291,2025-12-14,122,9,19,1,33,16,6,8,2,1,3,5,10,1,3,2,2
7495,291,2025-12-14,123,9,19,1,24,8,2,0,1,0,2,2,4,0,1,1,1
7496,291,2025-12-14,124,9,19,1,20,6,7,1,0,0,1,2,4,0,1,1,1
7497,291,2025-12-14,125,9,19,1,23,11,3,1,1,0,1,4,9,1,4,2,3
7498,291,2025-12-14,126,9,19,1,27,13,3,0,0,1,1,5,9,1,2,1,1
7499,291,2025-12-14,127,9,19,1,18,12,4,2,1,1,1,3,8,1,2,2,2
7500,291,2025-12-14,128,9,19,1,20,8,6,4,1,0,1,3,7,0,1,2,2
7501,291,2025-12-14,131,9,19,1,7,2,0,0,1,0,1,2,4,0,1,0,0
7502,291,2025-12-14,132,9,19,1,10,7,2,1,1,0,0,3,7,1,2,1,1
7503,291,2025-12-14,133,9,19,1,4,3,4,2,1,0,1,1,1,0,0,0,0
7504,291,2025-12-14,134,9,19,1,15,3,3,1,0,0,0,1,3,0,1,1,1
7505,291,2025-12-14,135,9,19,1,18,2,0,2,0,0,1,2,5,1,2,0,0
7506,291,2025-12-14,271,19,9,0,34,12,7,1,1,1,2,5,10,1,4,2,3
7507,291,2025-12-14,272,19,9,0,38,19,8,2,2,1,2,5,11,1,2,3,3
7508,291,2025-12-14,273,19,9,0,22,9,4,1,1,1,2,3,7,0,1,1,1
7509,291,2025-12-14,274,19,9,0,20,3,2,0,0,1,2,1,1,0,0,0,0
7510,291,2025-12-14,275,19,9,0,27,9,5,2,1,1,1,3,8,1,2,1,1
7511,291,2025-12-14,276,19,9,0,22,3,3,1,0,0,2,0,1,0,0,0,0
7512,291,2025-12-14,277,19,9,0,27,4,2,3,1,0,1,1,2,0,1,0,0
7513,291,2025-12-14,278,19,9,0,28,9,4,3,1,0,2,3,6,1,2,1,1
7514,291,2025-12-14,279,19,9,0,15,6,3,1,0,0,1,2,4,0,1,1,1
7515,291,2025-12-14,281,19,9,0,12,3,3,0,1,1,0,0,1,0,0,1,1
7516,291,2025-12-14,282,19,9,0,21,1,2,1,1,0,0,2,4,0,1,0,0
7517,291,2025-12-14,283,19,9,0,7,2,2,2,0,0,1,3,5,0,1,0,0
7518,291,2025-12-14,285,19,9,0,11,3,3,0,0,0,1,2,5,1,2,1,1
7519,292,2025-12-14,346,24,21,1,38,17,9,5,0,0,3,6,11,1,3,1,1
7520,292,2025-12-14,347,24,21,1,37,10,9,8,1,0,4,5,9,1,2,1,1
7521,292,2025-12-14,348,24,21,1,25,9,5,1,1,1,3,4,8,0,1,0,0
7522,292,2025-12-14,349,24,21,1,27,12,6,1,0,1,1,4,9,1,2,1,1
7523,292,2025-12-14,350,24,21,1,24,10,1,0,1,0,3,4,8,0,1,1,1
7524,292,2025-12-14,351,24,21,1,18,8,3,2,1,1,1,3,5,0,1,1,1
7525,292,2025-12-14,352,24,21,1,20,8,0,3,2,0,2,2,4,0,1,1,1
7526,292,2025-12-14,353,24,21,1,27,11,4,3,1,0,1,2,5,1,2,1,2
7527,292,2025-12-14,355,24,21,1,10,3,2,1,1,0,1,1,2,0,1,1,1
7528,292,2025-12-14,359,24,21,1,5,5,2,1,1,0,1,2,4,0,0,1,1
7529,292,2025-12-14,360,24,21,1,10,5,3,2,1,1,1,1,2,0,0,1,1
7530,292,2025-12-14,301,21,24,0,39,21,7,8,1,0,3,5,10,1,4,4,5
7531,292,2025-12-14,302,21,24,0,34,24,7,3,1,0,4,6,14,1,5,2,3
7532,292,2025-12-14,303,21,24,0,28,7,4,3,1,0,1,3,7,0,1,1,1
7533,292,2025-12-14,304,21,24,0,24,12,2,0,1,0,3,4,10,1,4,1,1
7534,292,2025-12-14,305,21,24,0,23,9,5,1,0,1,1,2,4,0,1,1,1
7535,292,2025-12-14,306,21,24,0,19,9,5,2,1,1,1,2,5,1,2,1,1
7536,292,2025-12-14,307,21,24,0,31,7,6,4,0,0,1,3,7,1,3,1,1
7537,292,2025-12-14,308,21,24,0,31,9,4,0,1,0,2,4,7,0,1,2,2
7538,292,2025-12-14,309,21,24,0,4,4,2,1,1,1,0,2,3,0,1,1,1
7539,292,2025-12-14,310,21,24,0,6,6,0,2,1,0,1,2,4,0,0,1,1
7540,292,2025-12-14,311,21,24,0,4,3,1,1,0,0,1,0,1,0,0,1,1
7541,292,2025-12-14,312,21,24,0,19,1,3,1,0,0,1,2,4,0,1,0,0
7542,292,2025-12-14,313,21,24,0,14,3,3,1,1,0,0,1,2,0,1,1,1
7543,292,2025-12-14,315,21,24,0,16,3,1,2,0,0,1,2,4,0,1,0,0
7544,293,2025-12-14,316,22,27,1,36,11,6,5,0,1,2,3,5,0,1,2,3
7545,293,2025-12-14,317,22,27,1,33,15,4,4,1,0,4,5,11,1,4,2,2
7546,293,2025-12-14,318,22,27,1,24,4,3,1,0,0,2,1,2,0,1,1,1
7547,293,2025-12-14,319,22,27,1,20,7,5,1,1,1,1,1,3,0,0,0,0
7548,293,2025-12-14,320,22,27,1,35,9,5,0,1,1,2,2,4,0,1,1,1
7549,293,2025-12-14,321,22,27,1,28,8,5,1,2,0,1,2,5,1,2,1,1
7550,293,2025-12-14,322,22,27,1,25,0,2,2,1,1,0,0,1,0,0,0,0
7551,293,2025-12-14,323,22,27,1,28,9,4,0,1,1,1,4,7,1,2,2,2
7552,293,2025-12-14,324,22,27,1,11,6,2,0,0,0,0,2,4,0,1,0,0
7553,293,2025-12-14,325,22,27,1,12,5,2,0,0,0,0,2,6,1,2,1,1
7554,293,2025-12-14,327,22,27,1,4,5,2,1,1,0,1,3,6,0,1,0,0
7555,293,2025-12-14,329,22,27,1,14,4,0,0,0,0,1,1,2,0,0,1,1
7556,293,2025-12-14,330,22,27,1,13,2,3,1,0,0,1,1,2,0,1,0,0
7557,293,2025-12-14,391,27,22,0,43,21,5,5,1,0,4,7,14,2,4,2,2
7558,293,2025-12-14,392,27,22,0,30,29,8,7,1,0,3,5,14,2,6,6,7
7559,293,2025-12-14,393,27,22,0,20,1,1,0,1,0,2,2,4,0,1,0,0
7560,293,2025-12-14,394,27,22,0,29,4,3,3,1,0,1,3,6,0,1,1,1
7561,293,2025-12-14,395,27,22,0,26,8,2,3,1,1,1,2,5,0,1,1,1
7562,293,2025-12-14,396,27,22,0,17,7,3,4,1,0,2,2,5,0,1,2,2
7563,293,2025-12-14,397,27,22,0,30,6,5,4,1,0,0,3,7,0,1,0,0
7564,293,2025-12-14,398,27,22,0,28,4,5,2,1,0,1,2,4,0,0,0,0
7565,293,2025-12-14,400,27,22,0,8,1,2,0,0,0,1,2,4,0,1,0,0
7566,293,2025-12-14,401,27,22,0,23,4,2,0,1,0,0,2,5,0,1,1,1
7567,293,2025-12-14,402,27,22,0,19,5,2,1,1,0,1,1,2,0,1,1,1
7568,293,2025-12-14,404,27,22,0,7,4,2,0,0,0,1,1,2,0,1,1,1
7569,294,2025-12-14,181,13,17,1,31,17,8,6,1,1,3,6,12,2,4,2,3
7570,294,2025-12-14,182,13,17,1,32,20,8,6,1,0,3,5,10,1,3,1,1
7571,294,2025-12-14,183,13,17,1,14,12,1,4,1,1,2,5,10,1,3,2,3
7572,294,2025-12-14,184,13,17,1,27,14,6,3,1,1,2,4,8,1,3,3,3
7573,294,2025-12-14,185,13,17,1,16,1,3,1,1,1,1,1,2,0,0,0,0
7574,294,2025-12-14,186,13,17,1,23,4,3,3,1,1,1,1,3,0,1,1,1
7575,294,2025-12-14,187,13,17,1,24,12,4,3,1,0,1,4,7,0,1,2,3
7576,294,2025-12-14,188,13,17,1,23,9,2,4,0,0,2,3,5,0,1,1,1
7577,294,2025-12-14,189,13,17,1,9,4,2,2,1,1,1,2,5,0,1,0,0
7578,294,2025-12-14,190,13,17,1,5,2,1,2,0,0,1,2,3,0,1,0,0
7579,294,2025-12-14,192,13,17,1,10,5,2,1,0,0,0,1,3,0,1,0,0
7580,294,2025-12-14,193,13,17,1,15,4,1,1,1,0,1,2,4,0,1,0,0
7581,294,2025-12-14,194,13,17,1,15,6,4,1,0,1,1,2,3,0,1,0,0
7582,294,2025-12-14,241,17,13,0,36,24,5,5,2,0,4,5,11,2,5,1,1
7583,294,2025-12-14,242,17,13,0,30,28,9,7,2,1,4,6,13,1,3,3,4
7584,294,2025-12-14,243,17,13,0,22,9,4,3,1,0,1,3,6,0,1,1,2
7585,294,2025-12-14,244,17,13,0,25,15,4,6,1,1,1,5,10,1,4,1,1
7586,294,2025-12-14,245,17,13,0,21,14,5,0,1,0,2,5,8,0,1,1,1
7587,294,2025-12-14,246,17,13,0,25,11,3,2,1,1,2,2,5,0,1,2,3
7588,294,2025-12-14,247,17,13,0,19,9,6,2,0,0,2,2,4,1,2,2,2
7589,294,2025-12-14,248,17,13,0,24,12,4,3,0,0,2,5,8,1,2,1,1
7590,294,2025-12-14,249,17,13,0,14,3,2,0,1,1,1,2,4,0,1,0,0
7591,294,2025-12-14,251,17,13,0,5,6,3,0,0,0,0,2,4,0,0,1,1
7592,294,2025-12-14,252,17,13,0,17,6,4,2,0,0,1,3,5,1,2,1,1
7593,294,2025-12-14,255,17,13,0,6,9,4,1,0,0,1,2,5,0,1,2,2
7594,295,2025-12-15,406,28,15,1,29,17,11,4,1,0,1,5,10,1,3,3,4
7595,295,2025-12-15,407,28,15,1,33,15,5,5,1,1,2,4,8,1,3,3,4
7596,295,2025-12-15,408,28,15,1,25,5,6,3,1,1,2,2,4,0,1,1,1
7597,295,2025-12-15,409,28,15,1,30,12,3,3,0,0,2,4,8,1,2,1,2
7598,295,2025-12-15,410,28,15,1,27,10,5,3,1,0,0,4,7,0,1,1,1
7599,295,2025-12-15,411,28,15,1,26,12,5,4,1,0,1,3,6,0,1,1,1
7600,295,2025-12-15,412,28,15,1,22,8,6,3,1,0,2,2,5,0,1,2,2
7601,295,2025-12-15,413,28,15,1,28,13,6,0,1,0,2,4,9,2,4,2,2
7602,295,2025-12-15,415,28,15,1,6,5,2,1,0,0,0,3,5,0,1,1,1
7603,295,2025-12-15,416,28,15,1,7,7,1,1,1,0,0,2,5,0,1,2,2
7604,295,2025-12-15,417,28,15,1,12,5,3,1,1,0,1,2,5,0,1,1,1
7605,295,2025-12-15,418,28,15,1,4,7,0,1,0,0,1,2,5,1,2,1,1
7606,295,2025-12-15,419,28,15,1,5,5,3,1,0,0,0,2,4,0,1,1,1
7607,295,2025-12-15,420,28,15,1,10,4,2,2,0,0,0,2,4,1,2,0,0
7608,295,2025-12-15,211,15,28,0,43,33,8,4,2,0,2,9,17,1,4,2,2
7609,295,2025-12-15,212,15,28,0,32,12,7,5,1,0,2,3,7,1,2,1,1
7610,295,2025-12-15,213,15,28,0,26,15,4,2,0,1,1,6,11,2,5,1,1
7611,295,2025-12-15,214,15,28,0,19,11,1,2,1,0,2,2,5,0,1,2,2
7612,295,2025-12-15,215,15,28,0,18,12,3,3,0,1,1,4,7,0,1,1,2
7613,295,2025-12-15,216,15,28,0,25,13,9,3,0,1,0,3,7,0,1,1,1
7614,295,2025-12-15,217,15,28,0,29,12,2,2,0,0,3,5,9,1,4,1,1
7615,295,2025-12-15,218,15,28,0,20,7,5,1,1,1,2,1,3,0,1,0,0
7616,295,2025-12-15,221,15,28,0,21,5,1,1,0,0,0,2,6,1,2,1,1
7617,295,2025-12-15,222,15,28,0,4,5,2,1,0,0,0,1,2,0,1,1,1
7618,295,2025-12-15,223,15,28,0,6,4,1,0,1,1,1,3,6,1,2,1,1
7619,295,2025-12-15,224,15,28,0,9,4,2,1,0,0,1,1,3,0,1,1,1
7620,295,2025-12-15,225,15,28,0,10,3,3,1,0,0,1,1,3,0,1,1,1
7621,296,2025-12-15,166,12,20,1,39,27,6,7,2,1,2,6,14,1,3,3,4
7622,296,2025-12-15,167,12,20,1,30,22,6,4,1,0,2,4,10,1,3,2,2
7623,296,2025-12-15,168,12,20,1,26,5,4,1,1,0,2,1,3,0,1,1,1
7624,296,2025-12-15,169,12,20,1,16,7,7,3,1,0,2,2,3,0,1,1,1
7625,296,2025-12-15,170,12,20,1,21,9,7,3,1,0,1,3,8,1,3,1,1
7626,296,2025-12-15,171,12,20,1,25,7,1,2,1,1,1,1,3,0,1,1,1
7627,296,2025-12-15,172,12,20,1,13,4,2,1,1,0,1,2,3,0,1,0,0
7628,296,2025-12-15,173,12,20,1,28,12,1,1,0,1,1,3,8,0,1,2,2
7629,296,2025-12-15,176,12,20,1,6,5,5,1,1,0,1,1,2,0,1,1,1
7630,296,2025-12-15,177,12,20,1,14,4,2,0,1,0,0,2,6,1,2,0,0
7631,296,2025-12-15,179,12,20,1,6,3,2,0,0,0,1,3,5,0,1,1,1
7632,296,2025-12-15,180,12,20,1,7,0,3,2,0,0,1,2,4,0,1,0,0
7633,296,2025-12-15,286,20,12,0,41,18,7,3,2,1,2,5,13,1,2,1,2
7634,296,2025-12-15,287,20,12,0,27,22,7,1,2,1,4,5,12,1,3,3,3
7635,296,2025-12-15,288,20,12,0,20,11,5,2,1,1,1,4,7,1,3,2,2
7636,296,2025-12-15,289,20,12,0,25,14,3,2,1,0,1,3,7,1,3,2,3
7637,296,2025-12-15,290,20,12,0,25,5,5,1,1,0,3,2,3,0,1,1,1
7638,296,2025-12-15,291,20,12,0,21,10,4,2,1,1,1,4,9,1,2,1,1
7639,296,2025-12-15,292,20,12,0,24,13,4,3,2,1,1,4,8,1,2,1,1
7640,296,2025-12-15,293,20,12,0,26,11,1,1,0,0,1,4,8,0,1,1,1
7641,296,2025-12-15,294,20,12,0,4,5,0,0,1,0,0,2,4,0,1,1,1
7642,296,2025-12-15,295,20,12,0,10,3,2,2,1,0,1,2,5,0,1,1,1
7643,296,2025-12-15,297,20,12,0,4,4,2,1,1,0,1,2,3,0,1,0,0
7644,296,2025-12-15,298,20,12,0,9,6,2,1,1,0,0,2,4,0,1,1,1
7645,296,2025-12-15,299,20,12,0,14,4,2,2,1,0,1,2,3,0,1,1,1
7646,296,2025-12-15,300,20,12,0,13,5,0,2,0,0,0,1,3,0,1,1,1
7647,297,2025-12-15,256,18,3,1,31,16,3,4,1,1,2,5,9,1,2,3,4
7648,297,2025-12-15,257,18,3,1,43,16,7,4,2,1,4,6,11,2,4,3,4
7649,297,2025-12-15,258,18,3,1,33,6,4,5,0,1,1,2,4,0,1,1,1
7650,297,2025-12-15,259,18,3,1,20,12,4,2,2,1,1,2,6,1,2,1,2
7651,297,2025-12-15,260,18,3,1,23,9,4,2,1,0,2,2,6,0,1,1,1
7652,297,2025-12-15,261,18,3,1,21,7,3,2,0,1,1,2,3,0,1,0,0
7653,297,2025-12-15,262,18,3,1,22,14,2,2,0,0,1,4,9,0,1,1,2
7654,297,2025-12-15,263,18,3,1,35,9,4,3,1,0,2,2,4,0,1,2,2
7655,297,2025-12-15,265,18,3,1,4,4,4,0,1,0,0,1,2,0,0,1,1
7656,297,2025-12-15,266,18,3,1,11,6,2,0,1,1,0,1,3,0,1,1,1
7657,297,2025-12-15,267,18,3,1,8,5,2,2,0,0,1,3,6,0,1,1,1
7658,297,2025-12-15,270,18,3,1,14,2,3,1,0,0,1,2,4,0,1,0,0
7659,297,2025-12-15,31,3,18,0,32,17,9,10,1,0,3,5,12,1,4,2,2
7660,297,2025-12-15,32,3,18,0,27,17,2,7,1,0,3,5,11,1,3,1,1
7661,297,2025-12-15,33,3,18,0,24,5,4,2,1,1,1,2,5,1,2,0,0
7662,297,2025-12-15,34,3,18,0,23,10,4,3,1,0,1,3,6,1,2,1,1
7663,297,2025-12-15,35,3,18,0,16,8,0,3,0,1,2,2,4,1,2,1,1
7664,297,2025-12-15,36,3,18,0,26,9,4,0,0,0,2,2,5,0,1,1,1
7665,297,2025-12-15,37,3,18,0,24,10,4,0,1,1,2,2,5,0,1,1,1
7666,297,2025-12-15,38,3,18,0,30,14,4,4,1,0,2,5,10,1,2,2,3
7667,297,2025-12-15,40,3,18,0,18,7,1,2,1,0,1,1,3,0,1,0,0
7668,297,2025-12-15,41,3,18,0,11,3,3,1,1,0,1,0,1,0,0,1,1
7669,297,2025-12-15,43,3,18,0,11,3,1,1,1,0,1,1,1,0,0,1,1
7670,297,2025-12-15,44,3,18,0,10,1,2,2,0,0,1,1,3,0,1,0,0
7671,297,2025-12-15,45,3,18,0,17,2,2,1,0,0,1,1,1,0,0,0,0
7672,298,2025-12-15,76,6,1,1,33,23,5,5,1,1,3,7,15,2,4,3,4
7673,298,2025-12-15,77,6,1,1,28,14,8,1,2,1,3,4,9,1,2,2,2
7674,298,2025-12-15,78,6,1,1,31,5,5,4,1,0,2,3,5,0,1,1,1
7675,298,2025-12-15,79,6,1,1,27,11,7,3,1,0,2,3,7,1,2,2,3
7676,298,2025-12-15,80,6,1,1,39,10,2,1,0,0,2,3,7,1,3,1,1
7677,298,2025-12-15,81,6,1,1,21,11,7,3,1,0,1,3,5,0,1,1,2
7678,298,2025-12-15,82,6,1,1,29,13,6,1,1,0,2,3,6,0,1,2,3
7679,298,2025-12-15,83,6,1,1,25,5,0,0,2,1,1,1,2,0,0,0,0
7680,298,2025-12-15,84,6,1,1,6,3,1,0,1,1,1,2,4,0,1,0,0
7681,298,2025-12-15,85,6,1,1,6,4,3,2,0,0,0,2,3,0,1,1,1
7682,298,2025-12-15,86,6,1,1,17,3,1,2,0,0,1,2,4,0,1,1,1
7683,298,2025-12-15,87,6,1,1,4,3,1,1,1,0,1,1,2,0,0,1,1
7684,298,2025-12-15,88,6,1,1,18,5,1,3,0,0,0,3,5,0,1,1,1
7685,298,2025-12-15,89,6,1,1,11,2,3,1,1,0,1,1,2,0,0,0,0
7686,298,2025-12-15,1,1,6,0,35,20,9,6,2,1,3,5,10,1,4,2,3
7687,298,2025-12-15,2,1,6,0,33,16,5,8,0,0,4,6,12,1,3,1,1
7688,298,2025-12-15,3,1,6,0,20,12,4,0,1,1,2,4,8,1,2,1,2
7689,298,2025-12-15,4,1,6,0,22,6,7,2,1,0,2,3,6,0,1,1,1
7690,298,2025-12-15,5,1,6,0,26,4,5,1,1,1,2,1,3,0,1,0,0
7691,298,2025-12-15,6,1,6,0,24,11,3,4,1,0,1,3,6,1,2,1,1
7692,298,2025-12-15,7,1,6,0,27,13,2,4,1,1,2,4,8,1,3,2,2
7693,298,2025-12-15,8,1,6,0,27,13,3,5,1,1,1,5,10,1,3,2,3
7694,298,2025-12-15,10,1,6,0,18,5,2,2,0,0,0,1,3,0,1,1,1
7695,298,2025-12-15,12,1,6,0,6,5,2,0,0,0,1,2,4,0,1,0,0
7696,298,2025-12-15,13,1,6,0,7,4,2,1,1,0,0,1,2,0,0,1,1
7697,298,2025-12-15,14,1,6,0,9,2,3,3,1,0,1,2,3,0,1,0,0
7698,298,2025-12-15,15,1,6,0,15,7,2,2,0,0,1,2,5,0,1,1,1
7699,299,2025-12-15,16,2,25,1,30,21,14,8,2,1,2,7,12,1,3,2,3
7700,299,2025-12-15,17,2,25,1,36,17,3,3,2,1,3,4,10,1,2,1,2
7701,299,2025-12-15,18,2,25,1,23,13,6,1,1,0,0,5,10,2,4,2,3
7702,299,2025-12-15,19,2,25,1,26,11,6,4,0,0,1,3,7,1,2,1,1
7703,299,2025-12-15,20,2,25,1,23,9,1,4,1,1,0,2,4,0,1,1,1
7704,299,2025-12-15,21,2,25,1,30,6,4,3,1,1,3,2,4,0,1,1,1
7705,299,2025-12-15,22,2,25,1,24,6,6,3,0,0,1,3,6,0,1,1,1
7706,299,2025-12-15,23,2,25,1,39,14,6,2,1,0,0,3,8,1,3,2,3
7707,299,2025-12-15,24,2,25,1,19,2,0,0,1,0,0,3,5,0,1,0,0
7708,299,2025-12-15,25,2,25,1,13,6,3,0,1,0,1,2,5,1,2,1,1
7709,299,2025-12-15,28,2,25,1,12,4,2,1,0,0,1,3,6,1,2,1,1
7710,299,2025-12-15,29,2,25,1,11,4,2,2,0,0,1,3,6,0,1,0,0
7711,299,2025-12-15,30,2,25,1,22,1,2,0,0,0,1,0,1,0,0,0,0
7712,299,2025-12-15,361,25,2,0,40,17,1,6,1,1,1,4,8,0,1,2,3
7713,299,2025-12-15,362,25,2,0,31,22,9,5,1,1,1,7,13,2,5,3,3
7714,299,2025-12-15,363,25,2,0,30,10,4,3,0,0,2,4,9,1,4,2,2
7715,299,2025-12-15,364,25,2,0,32,11,2,1,1,0,1,2,5,0,1,1,1
7716,299,2025-12-15,365,25,2,0,25,9,3,2,1,0,2,4,7,1,2,2,2
7717,299,2025-12-15,366,25,2,0,28,12,10,1,1,0,1,5,10,1,3,1,1
7718,299,2025-12-15,367,25,2,0,25,10,7,2,1,0,2,4,8,1,3,2,2
7719,299,2025-12-15,368,25,2,0,29,7,2,6,1,1,3,3,6,0,1,1,2
7720,299,2025-12-15,369,25,2,0,4,4,3,0,1,0,0,3,6,0,1,1,1
7721,299,2025-12-15,370,25,2,0,13,9,3,2,1,0,0,4,8,1,2,1,2
7722,299,2025-12-15,371,25,2,0,15,3,2,2,1,0,1,2,4,0,1,0,0
7723,299,2025-12-15,372,25,2,0,8,4,0,1,0,0,1,3,5,0,1,1,1
7724,299,2025-12-15,373,25,2,0,14,4,0,2,0,0,1,3,5,0,1,1,1
7725,299,2025-12-15,375,25,2,0,4,4,2,1,1,0,1,1,2,0,1,1,1
7726,300,2025-12-15,136,10,7,1,31,18,5,3,1,1,2,6,11,0,1,3,4
7727,300,2025-12-15,137,10,7,1,37,27,5,3,2,1,3,7,17,2,8,4,5
7728,300,2025-12-15,138,10,7,1,31,8,6,0,0,1,0,3,5,1,2,1,1
7729,300,2025-12-15,139,10,7,1,23,4,2,2,1,1,1,1,2,0,1,0,0
7730,300,2025-12-15,140,10,7,1,20,9,5,2,1,0,2,3,7,1,2,1,1
7731,300,2025-12-15,141,10,7,1,22,3,4,2,1,0,1,2,4,1,2,1,1
7732,300,2025-12-15,142,10,7,1,25,10,7,1,1,0,1,2,5,0,1,2,2
7733,300,2025-12-15,143,10,7,1,25,15,3,4,1,1,2,4,11,1,4,2,2
7734,300,2025-12-15,144,10,7,1,9,3,2,0,1,0,1,2,4,0,1,1,1
7735,300,2025-12-15,149,10,7,1,4,6,2,1,1,0,1,2,4,0,1,1,1
7736,300,2025-12-15,91,7,10,0,33,17,8,4,1,0,1,5,12,1,2,3,4
7737,300,2025-12-15,92,7,10,0,32,22,3,0,0,1,2,6,13,1,4,2,3
7738,300,2025-12-15,93,7,10,0,24,2,2,2,1,0,2,2,4,0,1,0,0
7739,300,2025-12-15,94,7,10,0,23,10,2,2,1,0,1,4,8,1,3,1,1
7740,300,2025-12-15,95,7,10,0,35,12,7,0,1,0,2,4,9,1,2,2,3
7741,300,2025-12-15,96,7,10,0,19,7,4,2,2,1,2,3,6,1,2,1,1
7742,300,2025-12-15,97,7,10,0,15,5,8,3,1,0,1,2,5,0,1,1,1
7743,300,2025-12-15,98,7,10,0,23,9,5,2,1,0,1,4,8,0,1,1,1
7744,300,2025-12-15,99,7,10,0,16,3,3,0,1,0,1,2,4,0,1,1,1
7745,300,2025-12-15,100,7,10,0,17,0,2,2,1,0,1,1,3,0,1,0,0
7746,300,2025-12-15,101,7,10,0,7,5,1,1,0,0,1,2,4,1,2,1,1
7747,300,2025-12-15,102,7,10,0,22,7,3,1,1,0,0,1,3,0,1,0,0
7748,300,2025-12-15,105,7,10,0,14,5,1,0,0,0,1,2,3,0,1,1,1
7749,301,2025-12-16,106,8,26,1,31,19,4,10,1,1,3,4,9,1,3,1,1
7750,301,2025-12-16,107,8,26,1,39,18,9,6,1,1,4,7,12,1,2,3,3
7751,301,2025-12-16,108,8,26,1,21,12,3,0,1,0,2,3,8,1,4,1,1
7752,301,2025-12-16,109,8,26,1,30,3,4,4,1,0,2,1,3,0,1,0,0
7753,301,2025-12-16,110,8,26,1,23,11,5,1,1,1,1,3,6,1,2,1,1
7754,301,2025-12-16,111,8,26,1,23,10,2,2,0,0,0,3,6,1,2,2,2
7755,301,2025-12-16,112,8,26,1,18,13,1,4,0,0,0,3,6,0,1,2,2
7756,301,2025-12-16,113,8,26,1,23,10,2,2,1,0,0,3,6,0,1,2,2
7757,301,2025-12-16,114,8,26,1,13,5,2,2,1,0,0,2,6,0,1,0,0
7758,301,2025-12-16,116,8,26,1,14,1,1,1,1,0,1,1,3,0,1,0,0
7759,301,2025-12-16,117,8,26,1,18,6,2,2,1,0,0,2,5,1,2,1,1
7760,301,2025-12-16,118,8,26,1,15,5,3,0,0,0,1,1,2,0,0,1,1
7761,301,2025-12-16,119,8,26,1,19,4,2,1,0,0,1,3,6,1,2,0,0
7762,301,2025-12-16,120,8,26,1,10,6,1,0,1,0,0,1,3,0,1,0,0
7763,301,2025-12-16,376,26,8,0,30,29,6,7,1,1,4,6,14,1,3,4,6
7764,301,2025-12-16,377,26,8,0,24,18,6,4,2,1,2,4,9,1,4,3,3
7765,301,2025-12-16,378,26,8,0,19,10,0,4,1,0,0,2,6,1,2,1,1
7766,301,2025-12-16,379,26,8,0,23,14,3,2,1,0,2,5,11,1,4,1,1
7767,301,2025-12-16,380,26,8,0,20,10,3,1,1,0,2,3,5,0,1,1,1
7768,301,2025-12-16,381,26,8,0,24,9,3,2,1,0,1,3,5,1,2,2,2
7769,301,2025-12-16,382,26,8,0,27,3,1,3,1,1,1,1,3,0,0,0,0
7770,301,2025-12-16,383,26,8,0,13,6,3,5,1,0,1,2,6,0,1,1,1
7771,301,2025-12-16,384,26,8,0,14,1,2,1,1,0,0,2,4,0,1,0,0
7772,301,2025-12-16,385,26,8,0,5,3,0,1,1,0,0,2,4,0,0,1,1
7773,301,2025-12-16,386,26,8,0,15,2,3,2,1,0,1,1,2,0,0,0,0
7774,301,2025-12-16,387,26,8,0,16,6,4,1,1,0,1,4,7,1,2,1,1
7775,301,2025-12-16,389,26,8,0,10,3,2,0,0,0,1,1,1,0,0,0,0
7776,301,2025-12-16,390,26,8,0,14,3,3,0,1,0,2,2,5,0,1,0,0
7777,302,2025-12-16,16,2,21,1,29,26,3,5,1,1,1,5,12,2,4,3,4
7778,302,2025-12-16,17,2,21,1,34,10,10,12,2,1,1,5,9,1,2,1,1
7779,302,2025-12-16,18,2,21,1,21,8,5,0,1,0,2,2,4,0,1,1,1
7780,302,2025-12-16,19,2,21,1,14,10,5,2,1,0,1,4,9,1,2,1,1
7781,302,2025-12-16,20,2,21,1,34,9,4,2,0,0,1,2,5,0,1,1,1
7782,302,2025-12-16,21,2,21,1,25,8,1,3,1,0,1,4,7,1,2,1,1
7783,302,2025-12-16,22,2,21,1,21,8,0,3,0,1,1,2,5,1,2,1,1
7784,302,2025-12-16,23,2,21,1,25,2,5,2,1,0,3,1,1,0,0,0,0
7785,302,2025-12-16,24,2,21,1,13,4,3,0,1,0,0,2,4,0,1,0,0
7786,302,2025-12-16,26,2,21,1,14,5,3,1,0,0,0,2,3,0,0,1,1
7787,302,2025-12-16,28,2,21,1,7,3,2,0,1,0,1,2,4,0,1,0,0
7788,302,2025-12-16,29,2,21,1,21,5,5,1,0,0,1,3,5,1,2,0,0
7789,302,2025-12-16,30,2,21,1,4,3,1,2,0,0,1,3,5,0,1,0,0
7790,302,2025-12-16,301,21,2,0,39,10,3,7,1,1,2,4,8,1,2,1,2
7791,302,2025-12-16,302,21,2,0,30,11,6,2,2,1,5,3,6,0,1,3,3
7792,302,2025-12-16,303,21,2,0,24,6,3,3,0,0,1,3,7,1,2,1,1
7793,302,2025-12-16,304,21,2,0,29,19,5,0,1,1,2,5,10,1,2,1,1
7794,302,2025-12-16,305,21,2,0,30,12,5,5,1,0,1,3,6,0,1,1,1
7795,302,2025-12-16,306,21,2,0,22,7,0,3,1,0,2,2,4,0,0,1,1
7796,302,2025-12-16,307,21,2,0,30,10,6,3,1,1,1,3,5,1,2,2,2
7797,302,2025-12-16,308,21,2,0,25,9,4,1,1,0,1,3,5,0,1,1,1
7798,302,2025-12-16,310,21,2,0,5,0,1,2,0,0,1,0,1,0,0,0,0
7799,302,2025-12-16,311,21,2,0,12,2,1,0,0,0,0,3,5,0,1,0,0
7800,302,2025-12-16,312,21,2,0,11,5,2,2,0,0,1,2,5,0,1,0,0
7801,302,2025-12-16,314,21,2,0,4,8,2,0,0,0,1,2,4,0,1,1,1
7802,302,2025-12-16,315,21,2,0,9,4,2,0,1,0,1,2,5,1,2,1,1
7803,303,2025-12-16,1,1,3,1,40,28,10,3,1,1,4,9,17,1,2,5,6
7804,303,2025-12-16,2,1,3,1,32,21,5,7,2,2,3,5,12,2,5,2,2
7805,303,2025-12-16,3,1,3,1,19,5,6,1,1,1,0,3,6,1,2,0,0
7806,303,2025-12-16,4,1,3,1,22,6,3,1,1,0,2,2,4,0,1,1,1
7807,303,2025-12-16,5,1,3,1,24,14,3,2,1,1,2,3,7,0,1,1,2
7808,303,2025-12-16,6,1,3,1,22,5,5,5,1,0,1,1,3,0,1,1,1
7809,303,2025-12-16,7,1,3,1,24,13,3,4,1,1,2,3,6,1,2,3,3
7810,303,2025-12-16,8,1,3,1,18,8,2,2,1,1,1,3,6,1,2,2,2
7811,303,2025-12-16,9,1,3,1,14,4,1,1,1,0,1,2,5,1,2,1,1
7812,303,2025-12-16,10,1,3,1,11,4,4,1,0,1,0,1,3,0,0,1,1
7813,303,2025-12-16,12,1,3,1,14,3,2,0,1,0,0,2,5,1,2,0,0
7814,303,2025-12-16,31,3,1,0,33,15,3,10,2,1,2,5,8,1,3,1,2
7815,303,2025-12-16,32,3,1,0,33,20,6,1,0,1,3,5,12,2,4,4,5
7816,303,2025-12-16,33,3,1,0,21,5,7,1,1,0,2,2,5,0,1,0,0
7817,303,2025-12-16,34,3,1,0,27,10,2,1,1,0,2,2,5,0,1,2,2
7818,303,2025-12-16,35,3,1,0,21,8,3,2,1,0,3,4,8,0,1,1,1
7819,303,2025-12-16,36,3,1,0,27,9,4,3,1,0,1,2,6,1,2,1,1
7820,303,2025-12-16,37,3,1,0,26,6,4,2,1,0,2,2,3,0,0,0,0
7821,303,2025-12-16,38,3,1,0,16,11,6,4,1,1,2,3,8,1,2,2,2
7822,303,2025-12-16,39,3,1,0,7,7,2,0,1,1,1,2,5,1,2,1,1
7823,303,2025-12-16,40,3,1,0,12,4,2,2,0,0,1,2,3,0,0,0,0
7824,303,2025-12-16,41,3,1,0,4,4,2,0,1,0,0,1,3,0,1,1,1
7825,303,2025-12-16,42,3,1,0,9,8,2,1,0,0,1,2,6,1,3,1,1
7826,303,2025-12-16,43,3,1,0,10,2,0,1,1,0,0,2,4,0,1,0,0
7827,303,2025-12-16,44,3,1,0,15,5,2,1,0,0,1,2,5,0,1,1,1
7828,303,2025-12-16,45,3,1,0,11,0,1,0,0,0,1,2,4,1,2,0,0
7829,304,2025-12-16,151,11,17,1,30,24,10,3,1,1,2,4,11,1,2,4,5
7830,304,2025-12-16,152,11,17,1,38,25,6,5,1,1,3,8,16,2,5,4,6
7831,304,2025-12-16,153,11,17,1,19,6,5,5,0,0,2,1,3,0,1,0,0
7832,304,2025-12-16,154,11,17,1,18,12,6,2,0,0,1,2,6,1,2,2,2
7833,304,2025-12-16,155,11,17,1,30,7,8,2,1,0,1,2,4,0,1,1,1
7834,304,2025-12-16,156,11,17,1,20,10,4,1,0,0,2,5,8,1,2,1,1
7835,304,2025-12-16,157,11,17,1,14,8,3,3,1,1,0,3,8,1,3,0,0
7836,304,2025-12-16,158,11,17,1,22,6,5,3,1,1,1,1,3,0,1,1,1
7837,304,2025-12-16,159,11,17,1,17,0,3,3,1,0,0,1,2,0,1,0,0
7838,304,2025-12-16,163,11,17,1,18,8,4,2,0,0,1,3,5,0,1,2,2
7839,304,2025-12-16,164,11,17,1,21,6,2,1,1,0,0,1,3,0,0,1,1
7840,304,2025-12-16,165,11,17,1,16,8,2,0,1,0,0,2,4,0,1,1,2
7841,304,2025-12-16,241,17,11,0,32,21,4,3,1,0,3,8,14,2,6,3,3
7842,304,2025-12-16,242,17,11,0,32,17,4,2,1,1,2,6,10,2,4,2,2
7843,304,2025-12-16,243,17,11,0,15,9,2,1,0,1,2,3,6,0,1,1,1
7844,304,2025-12-16,244,17,11,0,28,6,5,1,1,0,1,3,5,0,1,1,1
7845,304,2025-12-16,245,17,11,0,30,11,4,4,1,1,3,3,6,0,1,2,2
7846,304,2025-12-16,246,17,11,0,25,9,3,3,1,0,0,3,6,0,1,1,2
7847,304,2025-12-16,247,17,11,0,22,14,4,3,0,0,2,4,7,1,2,3,3
7848,304,2025-12-16,248,17,11,0,14,9,5,3,1,0,0,3,6,1,2,1,2
7849,304,2025-12-16,249,17,11,0,22,6,2,2,0,0,1,3,6,0,1,0,0
7850,304,2025-12-16,251,17,11,0,18,2,4,1,1,0,1,2,3,0,1,0,0
7851,304,2025-12-16,252,17,11,0,7,6,0,2,0,0,0,2,5,0,1,1,1
7852,304,2025-12-16,253,17,11,0,17,3,3,2,0,0,0,2,4,0,1,0,0
7853,304,2025-12-16,255,17,11,0,16,4,1,2,1,0,1,1,2,0,0,1,1
7854,305,2025-12-16,331,23,28,1,39,23,9,4,0,1,4,5,11,1,4,2,2
7855,305,2025-12-16,332,23,28,1,37,19,4,2,1,1,2,6,12,1,3,2,3
7856,305,2025-12-16,333,23,28,1,14,12,5,2,0,0,2,5,10,1,2,1,1
7857,305,2025-12-16,334,23,28,1,22,4,4,4,0,0,1,2,6,1,2,1,1
7858,305,2025-12-16,335,23,28,1,19,6,3,2,1,1,1,2,4,0,1,0,0
7859,305,2025-12-16,336,23,28,1,25,10,3,4,1,0,1,4,7,1,2,2,2
7860,305,2025-12-16,337,23,28,1,29,8,3,3,1,1,2,4,8,0,1,0,0
7861,305,2025-12-16,338,23,28,1,26,14,2,4,1,1,2,5,11,1,4,2,2
7862,305,2025-12-16,339,23,28,1,17,4,1,0,1,0,0,2,3,0,1,1,1
7863,305,2025-12-16,340,23,28,1,19,7,5,1,0,1,0,3,6,1,2,1,1
7864,305,2025-12-16,341,23,28,1,15,8,3,3,1,0,0,4,7,1,2,1,1
7865,305,2025-12-16,342,23,28,1,16,3,3,2,1,0,1,3,5,1,2,0,0
7866,305,2025-12-16,343,23,28,1,12,3,0,1,0,0,0,1,3,0,0,0,0
7867,305,2025-12-16,406,28,23,0,30,13,4,3,2,0,4,4,8,1,4,1,1
7868,305,2025-12-16,407,28,23,0,33,17,5,11,2,1,3,5,11,2,4,1,2
7869,305,2025-12-16,408,28,23,0,17,5,4,4,1,0,1,2,5,0,1,1,1
7870,305,2025-12-16,409,28,23,0,30,6,6,2,1,0,1,2,5,1,2,1,1
7871,305,2025-12-16,410,28,23,0,28,12,2,1,1,1,2,2,6,0,1,1,1
7872,305,2025-12-16,411,28,23,0,28,6,2,4,1,1,2,2,4,1,2,1,1
7873,305,2025-12-16,412,28,23,0,24,10,6,0,1,1,1,3,7,0,1,1,1
7874,305,2025-12-16,413,28,23,0,21,8,2,0,1,0,1,2,4,0,1,2,2
7875,305,2025-12-16,414,28,23,0,16,2,1,1,0,0,1,1,3,0,1,0,0
7876,305,2025-12-16,415,28,23,0,16,4,0,1,0,0,1,3,5,0,1,0,0
7877,305,2025-12-16,416,28,23,0,6,0,2,0,0,1,1,1,1,0,0,0,0
7878,305,2025-12-16,420,28,23,0,6,2,0,1,0,0,0,1,1,0,0,0,0
7879,306,2025-12-16,346,24,7,1,31,25,4,4,1,1,3,8,16,2,5,3,4
7880,306,2025-12-16,347,24,7,1,35,27,9,4,1,1,4,6,14,1,2,1,1
7881,306,2025-12-16,348,24,7,1,20,8,2,2,1,1,3,2,5,1,2,0,0
7882,306,2025-12-16,349,24,7,1,20,11,2,0,1,0,2,4,8,1,3,2,3
7883,306,2025-12-16,350,24,7,1,17,9,6,1,1,0,1,3,6,1,2,1,1
7884,306,2025-12-16,351,24,7,1,25,13,6,2,1,0,2,5,9,1,3,1,2
7885,306,2025-12-16,352,24,7,1,16,8,3,1,1,0,2,3,6,1,2,0,0
7886,306,2025-12-16,353,24,7,1,28,9,4,4,1,0,2,3,7,1,2,0,0
7887,306,2025-12-16,354,24,7,1,9,5,3,1,0,0,1,2,3,0,1,1,1
7888,306,2025-12-16,356,24,7,1,12,0,1,0,1,1,0,1,3,0,1,0,0
7889,306,2025-12-16,358,24,7,1,14,2,1,1,1,0,0,0,1,0,0,0,0
7890,306,2025-12-16,359,24,7,1,10,4,3,1,1,0,1,1,3,0,0,1,1
7891,306,2025-12-16,91,7,24,0,28,13,5,8,2,0,3,3,6,1,2,2,3
7892,306,2025-12-16,92,7,24,0,34,27,5,8,2,1,5,6,15,2,5,1,2
7893,306,2025-12-16,93,7,24,0,23,8,6,0,1,1,1,3,6,1,3,1,1
7894,306,2025-12-16,94,7,24,0,21,14,10,1,1,0,1,4,8,0,1,2,3
7895,306,2025-12-16,95,7,24,0,26,7,2,1,1,0,2,3,7,0,1,1,2
7896,306,2025-12-16,96,7,24,0,19,10,2,3,1,0,2,3,5,1,2,1,2
7897,306,2025-12-16,97,7,24,0,27,12,2,2,1,0,1,4,7,0,1,2,2
7898,306,2025-12-16,98,7,24,0,18,8,2,1,1,0,1,5,8,1,2,1,1
7899,306,2025-12-16,100,7,24,0,13,2,1,1,0,0,0,1,2,0,0,0,0
7900,306,2025-12-16,101,7,24,0,15,3,1,0,1,0,1,2,4,0,1,0,0
7901,306,2025-12-16,102,7,24,0,21,2,1,1,1,0,1,1,2,0,0,0,0
7902,306,2025-12-16,103,7,24,0,14,4,2,2,1,0,1,2,5,1,2,1,1
7903,306,2025-12-16,105,7,24,0,19,2,3,1,1,1,1,2,4,0,1,0,0
7904,307,2025-12-17,361,25,6,1,38,25,8,7,1,1,1,6,12,1,4,2,3
7905,307,2025-12-17,362,25,6,1,24,21,10,10,1,1,4,7,14,1,3,1,2
7906,307,2025-12-17,363,25,6,1,26,10,2,2,1,0,2,3,5,0,1,1,2
7907,307,2025-12-17,364,25,6,1,26,0,5,1,1,0,1,0,1,0,0,0,0
7908,307,2025-12-17,365,25,6,1,28,11,3,3,1,0,2,3,6,1,2,2,2
7909,307,2025-12-17,366,25,6,1,30,6,5,0,1,0,2,3,6,0,1,1,1
7910,307,2025-12-17,367,25,6,1,21,15,8,0,1,0,2,5,10,1,2,2,3
7911,307,2025-12-17,368,25,6,1,26,12,6,2,1,1,2,3,8,1,4,1,1
7912,307,2025-12-17,369,25,6,1,10,8,1,0,0,0,0,3,8,1,2,1,1
7913,307,2025-12-17,370,25,6,1,16,4,3,0,0,0,1,3,5,1,2,1,1
7914,307,2025-12-17,372,25,6,1,11,2,1,2,1,0,0,2,4,0,1,0,0
7915,307,2025-12-17,374,25,6,1,20,7,2,0,1,0,1,2,5,0,1,0,0
7916,307,2025-12-17,375,25,6,1,10,6,1,1,0,0,0,4,7,1,2,1,1
7917,307,2025-12-17,76,6,25,0,31,21,3,4,1,1,1,4,10,1,3,3,4
7918,307,2025-12-17,77,6,25,0,32,16,3,9,2,1,3,5,9,1,4,1,1
7919,307,2025-12-17,78,6,25,0,19,4,7,1,1,0,3,2,5,0,1,0,0
7920,307,2025-12-17,79,6,25,0,11,10,5,3,0,1,1,4,7,1,2,1,1
7921,307,2025-12-17,80,6,25,0,23,7,3,4,0,1,1,3,7,1,2,1,1
7922,307,2025-12-17,81,6,25,0,27,4,5,2,1,0,1,2,6,0,1,0,0
7923,307,2025-12-17,82,6,25,0,30,12,2,2,1,0,2,4,7,0,1,1,1
7924,307,2025-12-17,83,6,25,0,21,13,5,1,1,1,0,5,10,1,2,2,2
7925,307,2025-12-17,84,6,25,0,9,6,1,1,1,0,0,2,4,0,1,0,0
7926,307,2025-12-17,88,6,25,0,15,8,2,1,0,0,1,4,8,1,3,1,2
7927,307,2025-12-17,89,6,25,0,15,2,2,1,1,0,0,0,1,0,0,0,0
7928,307,2025-12-17,90,6,25,0,12,1,0,3,1,0,1,2,4,1,2,0,0
7929,308,2025-12-17,136,10,12,1,31,23,5,8,1,1,2,6,12,1,2,3,3
7930,308,2025-12-17,137,10,12,1,35,30,9,6,1,0,0,7,16,2,5,2,2
7931,308,2025-12-17,138,10,12,1,25,12,5,6,1,1,2,3,6,1,2,1,1
7932,308,2025-12-17,139,10,12,1,18,9,6,4,1,0,1,3,7,1,2,1,1
7933,308,2025-12-17,140,10,12,1,23,10,6,3,1,1,1,3,5,0,1,1,1
7934,308,2025-12-17,141,10,12,1,23,2,0,3,1,1,1,2,4,0,1,0,0
7935,308,2025-12-17,142,10,12,1,27,10,4,3,1,0,1,3,5,1,2,1,1
7936,308,2025-12-17,143,10,12,1,22,13,7,3,1,0,2,4,9,1,2,2,3
7937,308,2025-12-17,144,10,12,1,6,5,3,1,0,1,0,1,2,0,0,0,0
7938,308,2025-12-17,148,10,12,1,14,5,4,2,1,0,0,2,5,0,1,0,0
7939,308,2025-12-17,149,10,12,1,18,3,0,2,0,0,0,2,3,0,1,0,0
7940,308,2025-12-17,150,10,12,1,7,3,1,2,1,0,1,1,1,0,0,0,0
7941,308,2025-12-17,166,12,10,0,34,25,5,4,1,1,4,5,13,1,4,4,6
7942,308,2025-12-17,167,12,10,0,30,16,0,5,1,1,4,6,12,1,2,3,3
7943,308,2025-12-17,168,12,10,0,17,8,1,0,1,0,1,3,6,0,1,1,1
7944,308,2025-12-17,169,12,10,0,19,8,3,3,1,0,1,3,5,0,1,1,1
7945,308,2025-12-17,170,12,10,0,25,10,4,2,1,1,1,2,5,0,1,1,1
7946,308,2025-12-17,171,12,10,0,27,7,4,0,1,0,1,4,7,1,2,1,2
7947,308,2025-12-17,172,12,10,0,19,9,3,2,1,1,2,3,6,1,2,1,1
7948,308,2025-12-17,173,12,10,0,18,5,4,1,1,0,0,2,4,0,1,1,1
7949,308,2025-12-17,175,12,10,0,11,4,5,1,1,0,0,1,2,0,0,1,1
7950,308,2025-12-17,176,12,10,0,10,6,3,0,0,0,1,3,6,1,2,1,1
7951,308,2025-12-17,177,12,10,0,11,3,3,2,0,0,1,2,4,0,1,1,1
7952,308,2025-12-17,179,12,10,0,7,3,2,0,0,0,1,2,3,0,1,0,0
7953,308,2025-12-17,180,12,10,0,14,1,3,2,1,0,2,2,3,0,1,0,0
7954,309,2025-12-17,256,18,15,1,30,16,5,5,0,1,3,6,10,1,2,2,2
7955,309,2025-12-17,257,18,15,1,22,30,7,9,1,0,4,8,17,2,5,4,5
7956,309,2025-12-17,258,18,15,1,19,8,1,1,1,0,2,3,7,1,2,1,1
7957,309,2025-12-17,259,18,15,1,28,10,6,0,1,0,0,3,6,1,2,1,2
7958,309,2025-12-17,260,18,15,1,26,2,6,3,1,1,1,2,3,0,1,0,0
7959,309,2025-12-17,261,18,15,1,26,5,3,2,1,0,2,2,4,0,1,1,1
7960,309,2025-12-17,262,18,15,1,24,8,1,1,1,1,1,3,5,0,1,1,1
7961,309,2025-12-17,263,18,15,1,28,11,5,0,0,0,1,3,7,1,3,1,2
7962,309,2025-12-17,264,18,15,1,12,4,0,2,1,0,0,3,5,0,1,0,0
7963,309,2025-12-17,265,18,15,1,7,2,0,0,1,0,0,1,2,0,1,0,0
7964,309,2025-12-17,266,18,15,1,8,6,0,1,1,0,0,3,7,1,2,1,1
7965,309,2025-12-17,268,18,15,1,10,5,0,1,0,0,0,2,4,1,2,1,1
7966,309,2025-12-17,269,18,15,1,15,10,2,1,0,0,2,4,9,0,1,1,1
7967,309,2025-12-17,211,15,18,0,28,24,6,6,0,0,2,7,13,1,3,2,3
7968,309,2025-12-17,212,15,18,0,29,22,4,4,1,1,2,5,12,1,5,3,4
7969,309,2025-12-17,213,15,18,0,25,10,6,2,1,1,2,3,6,1,2,1,2
7970,309,2025-12-17,214,15,18,0,29,15,7,1,0,0,2,5,10,1,2,1,1
7971,309,2025-12-17,215,15,18,0,22,12,5,2,1,1,1,3,6,1,3,2,3
7972,309,2025-12-17,216,15,18,0,28,8,2,3,1,0,2,3,5,0,1,2,2
7973,309,2025-12-17,217,15,18,0,22,7,2,1,0,0,2,4,7,0,1,2,2
7974,309,2025-12-17,218,15,18,0,28,15,3,0,1,0,1,5,11,0,1,3,4
7975,309,2025-12-17,220,15,18,0,20,4,3,2,1,0,0,2,4,0,1,1,1
7976,309,2025-12-17,221,15,18,0,18,5,0,0,0,0,1,3,5,0,1,1,1
7977,309,2025-12-17,222,15,18,0,11,2,1,1,0,0,2,0,1,0,0,0,0
7978,309,2025-12-17,224,15,18,0,5,5,3,2,1,0,1,1,2,0,0,1,1
7979,309,2025-12-17,225,15,18,0,21,5,3,2,0,0,0,2,3,0,1,0,0
7980,310,2025-12-17,391,27,29,1,29,19,6,9,1,0,3,4,10,1,3,3,5
7981,310,2025-12-17,392,27,29,1,27,25,5,9,0,0,2,8,14,1,2,5,6
7982,310,2025-12-17,393,27,29,1,24,12,4,2,1,0,1,3,6,1,2,1,2
7983,310,2025-12-17,394,27,29,1,21,11,3,2,1,1,0,2,5,0,1,1,2
7984,310,2025-12-17,395,27,29,1,18,12,1,3,1,0,2,3,6,0,1,2,3
7985,310,2025-12-17,396,27,29,1,20,16,8,1,2,1,2,7,12,1,2,2,2
7986,310,2025-12-17,397,27,29,1,26,7,5,1,1,0,1,2,3,0,1,1,1
7987,310,2025-12-17,398,27,29,1,32,14,1,3,1,0,2,3,7,1,2,1,2
7988,310,2025-12-17,400,27,29,1,14,2,2,1,0,0,1,0,1,0,0,0,0
7989,310,2025-12-17,403,27,29,1,4,6,0,1,0,0,1,2,4,0,1,1,1
7990,310,2025-12-17,404,27,29,1,9,8,2,0,1,0,0,2,4,1,2,1,1
7991,310,2025-12-17,405,27,29,1,18,1,1,1,1,0,0,1,3,0,1,0,0
7992,310,2025-12-17,421,29,27,0,40,20,1,4,2,0,4,5,11,1,2,1,2
7993,310,2025-12-17,422,29,27,0,37,12,4,3,2,0,4,5,10,1,3,2,2
7994,310,2025-12-17,423,29,27,0,23,7,4,1,1,0,1,3,5,1,2,0,0
7995,310,2025-12-17,424,29,27,0,19,5,4,1,1,1,1,2,5,1,2,1,1
7996,310,2025-12-17,425,29,27,0,25,9,7,1,1,1,0,3,5,1,2,0,0
7997,310,2025-12-17,426,29,27,0,27,7,7,2,0,0,2,2,6,1,2,1,1
7998,310,2025-12-17,427,29,27,0,19,9,6,3,0,0,3,2,4,1,2,2,2
7999,310,2025-12-17,428,29,27,0,25,12,2,0,1,0,2,2,6,0,1,1,1
8000,310,2025-12-17,429,29,27,0,14,8,0,1,0,0,2,4,7,1,3,1,1
8001,310,2025-12-17,430,29,27,0,4,3,2,3,1,0,1,1,2,0,0,0,0
8002,310,2025-12-17,431,29,27,0,16,1,1,2,1,0,0,1,2,0,0,0,0
8003,310,2025-12-17,432,29,27,0,11,3,0,2,0,0,1,1,3,0,1,0,0
8004,310,2025-12-17,434,29,27,0,16,2,3,1,1,0,0,2,3,0,1,0,0
8005,310,2025-12-17,435,29,27,0,15,5,3,1,0,0,1,3,6,0,1,1,1
8006,311,2025-12-17,286,20,22,1,37,24,3,5,2,1,2,6,15,2,4,3,3
8007,311,2025-12-17,287,20,22,1,30,27,6,5,1,1,3,7,14,1,2,3,3
8008,311,2025-12-17,288,20,22,1,18,16,7,3,1,0,2,4,9,1,2,2,2
8009,311,2025-12-17,289,20,22,1,16,4,5,0,1,0,1,2,5,1,2,0,0
8010,311,2025-12-17,290,20,22,1,28,8,4,2,1,1,0,4,8,0,1,1,2
8011,311,2025-12-17,291,20,22,1,21,9,1,6,1,0,2,4,8,1,2,1,1
8012,311,2025-12-17,292,20,22,1,20,9,4,1,0,0,0,2,6,0,1,1,1
8013,311,2025-12-17,293,20,22,1,23,9,5,3,1,1,3,3,5,0,1,1,2
8014,311,2025-12-17,294,20,22,1,13,5,2,1,0,0,0,1,2,0,0,1,1
8015,311,2025-12-17,295,20,22,1,5,8,2,1,0,0,1,4,8,0,1,1,1
8016,311,2025-12-17,296,20,22,1,5,4,3,1,0,0,0,2,4,0,1,1,1
8017,311,2025-12-17,300,20,22,1,15,7,1,1,1,1,1,2,4,0,1,1,1
8018,311,2025-12-17,316,22,20,0,30,31,11,8,1,0,3,7,17,3,7,5,7
8019,311,2025-12-17,317,22,20,0,29,16,10,7,1,0,4,5,9,1,3,1,2
8020,311,2025-12-17,318,22,20,0,29,6,4,1,1,0,2,2,4,0,1,1,1
8021,311,2025-12-17,319,22,20,0,25,13,5,2,1,1,2,3,6,0,1,2,3
8022,311,2025-12-17,320,22,20,0,21,7,3,0,1,0,1,2,3,0,1,1,1
8023,311,2025-12-17,321,22,20,0,25,6,0,3,0,0,3,3,6,1,2,1,1
8024,311,2025-12-17,322,22,20,0,26,7,5,3,1,0,1,3,5,0,1,1,1
8025,311,2025-12-17,323,22,20,0,25,9,5,3,1,0,2,3,7,1,3,1,1
8026,311,2025-12-17,324,22,20,0,14,5,3,2,1,0,1,1,2,0,0,1,1
8027,311,2025-12-17,325,22,20,0,6,5,3,0,1,0,0,1,2,0,1,1,1
8028,311,2025-12-17,326,22,20,0,9,4,2,2,1,0,2,3,6,1,2,0,0
8029,311,2025-12-17,328,22,20,0,8,7,1,0,0,0,1,4,7,1,3,2,2
8030,311,2025-12-17,330,22,20,0,12,3,4,1,0,0,1,2,4,0,1,1,1
8031,312,2025-12-17,196,14,9,1,34,22,5,10,2,1,5,6,13,1,3,3,5
8032,312,2025-12-17,197,14,9,1,31,24,7,7,2,1,4,8,15,1,2,2,2
8033,312,2025-12-17,198,14,9,1,23,16,7,4,1,0,1,5,9,1,2,3,3
8034,312,2025-12-17,199,14,9,1,30,7,2,2,2,1,2,2,4,0,1,1,1
8035,312,2025-12-17,200,14,9,1,35,4,0,0,1,1,1,1,2,0,1,0,0
8036,312,2025-12-17,201,14,9,1,22,2,4,0,1,0,2,2,4,0,1,0,0
8037,312,2025-12-17,202,14,9,1,20,11,4,3,1,0,2,3,6,1,2,2,2
8038,312,2025-12-17,203,14,9,1,17,4,5,0,1,0,2,2,4,0,0,0,0
8039,312,2025-12-17,204,14,9,1,11,4,4,1,1,0,1,2,5,1,2,1,1
8040,312,2025-12-17,205,14,9,1,4,6,4,0,0,0,0,3,7,1,3,0,0
8041,312,2025-12-17,207,14,9,1,15,8,1,2,1,0,1,3,6,1,2,1,1
8042,312,2025-12-17,208,14,9,1,12,2,3,1,0,0,1,2,4,0,1,0,0
8043,312,2025-12-17,209,14,9,1,14,3,3,2,0,0,1,2,4,1,2,0,0
8044,312,2025-12-17,121,9,14,0,27,21,6,3,1,1,3,4,11,1,3,2,2
8045,312,2025-12-17,122,9,14,0,28,21,4,3,1,1,3,7,13,1,4,2,2
8046,312,2025-12-17,123,9,14,0,23,11,8,3,0,0,1,3,7,1,3,2,2
8047,312,2025-12-17,124,9,14,0,20,15,1,1,1,0,2,5,9,1,2,1,2
8048,312,2025-12-17,125,9,14,0,22,10,5,2,1,0,1,4,7,0,1,2,2
8049,312,2025-12-17,126,9,14,0,23,10,5,2,1,1,0,4,9,0,1,1,1
8050,312,2025-12-17,127,9,14,0,21,4,2,1,1,1,2,3,6,0,1,1,1
8051,312,2025-12-17,128,9,14,0,30,6,1,5,0,0,0,1,3,0,0,1,1
8052,312,2025-12-17,130,9,14,0,10,6,1,2,0,0,1,2,4,0,1,0,0
8053,312,2025-12-17,132,9,14,0,15,4,6,3,0,0,1,2,4,0,1,1,1
8054,312,2025-12-17,133,9,14,0,14,4,4,0,1,0,1,1,2,0,1,0,0
8055,312,2025-12-17,134,9,14,0,22,4,5,1,1,0,0,3,6,1,2,1,1
8056,312,2025-12-17,135,9,14,0,18,7,2,1,1,0,1,3,7,0,1,1,1
8057,313,2025-12-18,61,5,30,1,32,24,5,0,1,1,6,6,14,1,4,5,6
8058,313,2025-12-18,62,5,30,1,35,15,3,9,1,1,2,5,11,2,5,1,1
8059,313,2025-12-18,63,5,30,1,24,8,3,1,1,1,2,3,5,1,2,2,2
8060,313,2025-12-18,64,5,30,1,28,15,4,6,1,1,1,4,8,0,1,2,3
8061,313,2025-12-18,65,5,30,1,24,7,5,1,0,0,3,3,7,1,3,1,1
8062,313,2025-12-18,66,5,30,1,29,7,5,2,1,0,1,2,6,0,1,1,1
8063,313,2025-12-18,67,5,30,1,25,11,3,4,1,0,2,4,8,1,3,2,2
8064,313,2025-12-18,68,5,30,1,29,5,6,3,1,0,0,1,2,0,1,0,0
8065,313,2025-12-18,70,5,30,1,11,6,2,2,1,0,1,4,7,1,3,1,1
8066,313,2025-12-18,71,5,30,1,18,3,3,2,0,0,0,0,1,0,0,0,0
8067,313,2025-12-18,72,5,30,1,6,3,1,0,0,0,0,2,4,1,2,1,1
8068,313,2025-12-18,74,5,30,1,15,5,2,3,1,0,0,2,4,0,1,1,1
8069,313,2025-12-18,75,5,30,1,11,3,2,0,0,0,1,1,3,0,1,0,0
8070,313,2025-12-18,436,30,5,0,31,18,5,0,1,1,3,4,10,1,3,1,1
8071,313,2025-12-18,437,30,5,0,39,16,1,4,1,0,1,4,8,1,2,3,4
8072,313,2025-12-18,438,30,5,0,21,6,4,2,0,1,1,2,3,0,1,1,1
8073,313,2025-12-18,439,30,5,0,21,7,4,1,1,0,2,2,3,0,0,1,1
8074,313,2025-12-18,440,30,5,0,14,9,0,2,1,1,3,3,6,0,1,1,1
8075,313,2025-12-18,441,30,5,0,19,12,0,1,2,0,2,5,9,1,4,1,1
8076,313,2025-12-18,442,30,5,0,23,6,4,2,1,0,0,3,7,1,3,1,1
8077,313,2025-12-18,443,30,5,0,30,8,3,3,1,0,2,2,6,1,3,0,0
8078,313,2025-12-18,444,30,5,0,12,6,2,2,0,0,1,3,6,0,1,1,1
8079,313,2025-12-18,446,30,5,0,17,1,4,1,0,0,1,1,1,0,0,0,0
8080,313,2025-12-18,448,30,5,0,12,2,2,1,1,0,1,1,3,0,1,0,0
8081,314,2025-12-18,181,13,16,1,31,18,9,2,2,0,2,6,10,1,2,3,3
8082,314,2025-12-18,182,13,16,1,33,20,13,8,0,1,3,8,14,1,4,3,5
8083,314,2025-12-18,183,13,16,1,13,6,6,2,1,0,2,2,6,0,1,1,1
8084,314,2025-12-18,184,13,16,1,18,9,4,1,1,1,2,2,4,1,2,1,1
8085,314,2025-12-18,185,13,16,1,33,10,6,2,1,0,3,4,8,1,3,1,1
8086,314,2025-12-18,186,13,16,1,25,12,6,2,1,1,2,4,9,1,3,1,1
8087,314,2025-12-18,187,13,16,1,29,12,4,6,1,0,1,2,6,1,2,1,1
8088,314,2025-12-18,188,13,16,1,24,10,4,4,1,1,1,4,9,1,2,1,1
8089,314,2025-12-18,189,13,16,1,12,6,4,0,1,0,1,3,5,1,2,1,1
8090,314,2025-12-18,191,13,16,1,13,7,2,0,0,0,0,2,5,1,2,1,1
8091,314,2025-12-18,194,13,16,1,6,6,2,2,1,0,1,3,7,0,1,1,1
8092,314,2025-12-18,195,13,16,1,22,5,3,2,1,0,1,3,6,0,1,0,0
8093,314,2025-12-18,226,16,13,0,24,24,9,6,2,1,3,5,12,1,2,4,5
8094,314,2025-12-18,227,16,13,0,24,29,9,6,2,1,4,6,15,1,2,2,2
8095,314,2025-12-18,228,16,13,0,22,16,0,2,1,0,2,4,10,1,4,3,4
8096,314,2025-12-18,229,16,13,0,21,12,4,3,1,0,1,4,8,0,1,2,3
8097,314,2025-12-18,230,16,13,0,25,8,4,1,1,1,3,2,4,0,1,1,1
8098,314,2025-12-18,231,16,13,0,9,11,7,3,1,0,1,2,6,0,1,2,2
8099,314,2025-12-18,232,16,13,0,26,14,10,4,0,0,1,3,8,1,4,1,1
8100,314,2025-12-18,233,16,13,0,23,11,4,3,1,0,1,3,8,1,3,2,3
8101,314,2025-12-18,234,16,13,0,8,8,3,0,1,0,1,3,6,0,1,1,1
8102,314,2025-12-18,236,16,13,0,10,0,1,1,0,0,2,1,2,0,0,0,0
8103,314,2025-12-18,237,16,13,0,10,5,1,2,1,0,1,1,2,0,1,1,1
8104,314,2025-12-18,238,16,13,0,11,6,2,1,0,0,1,3,7,1,3,1,1
8105,314,2025-12-18,239,16,13,0,18,5,3,0,1,0,1,2,4,0,1,0,0
8106,314,2025-12-18,240,16,13,0,13,3,1,1,0,0,1,2,4,1,2,0,0
8107,315,2025-12-18,46,4,19,1,35,21,8,2,1,0,3,6,14,1,3,1,2
8108,315,2025-12-18,47,4,19,1,34,14,9,6,2,0,2,4,8,0,1,1,1
8109,315,2025-12-18,48,4,19,1,23,10,0,2,1,0,0,3,7,1,3,1,1
8110,315,2025-12-18,49,4,19,1,19,7,5,4,1,0,0,3,6,1,3,1,2
8111,315,2025-12-18,50,4,19,1,20,5,2,2,1,1,1,1,2,0,1,1,1
8112,315,2025-12-18,51,4,19,1,30,8,4,3,0,1,1,3,8,0,1,1,1
8113,315,2025-12-18,52,4,19,1,37,8,6,0,1,1,1,4,7,1,2,1,1
8114,315,2025-12-18,53,4,19,1,29,14,2,1,1,1,2,6,11,1,3,2,3
8115,315,2025-12-18,55,4,19,1,23,5,2,1,0,1,1,2,4,1,2,1,1
8116,315,2025-12-18,56,4,19,1,15,6,1,1,0,0,0,2,4,0,1,1,1
8117,315,2025-12-18,57,4,19,1,5,3,3,2,1,0,1,1,3,0,1,1,1
8118,315,2025-12-18,58,4,19,1,15,6,1,1,1,1,2,1,3,0,1,0,0
8119,315,2025-12-18,60,4,19,1,17,3,3,0,0,0,2,1,2,0,0,1,1
8120,315,2025-12-18,271,19,4,0,34,32,9,9,1,1,3,7,16,1,3,2,3
8121,315,2025-12-18,272,19,4,0,33,21,5,13,1,1,3,6,12,1,3,1,1
8122,315,2025-12-18,273,19,4,0,17,11,4,2,0,1,0,5,9,1,2,2,3
8123,315,2025-12-18,274,19,4,0,27,11,7,3,1,0,1,2,5,1,2,1,2
8124,315,2025-12-18,275,19,4,0,30,9,2,3,0,1,0,2,5,0,1,1,1
8125,315,2025-12-18,276,19,4,0,22,4,6,2,1,1,1,2,4,0,1,0,0
8126,315,2025-12-18,277,19,4,0,27,14,1,3,1,0,1,3,7,0,1,2,3
8127,315,2025-12-18,278,19,4,0,17,8,4,1,1,1,1,3,5,1,2,1,1
8128,315,2025-12-18,279,19,4,0,7,3,2,3,1,0,1,2,3,0,1,1,1
8129,315,2025-12-18,280,19,4,0,9,2,1,1,0,0,0,0,1,0,0,0,0
8130,315,2025-12-18,281,19,4,0,8,4,0,1,1,0,2,1,2,0,0,0,0
8131,315,2025-12-18,282,19,4,0,6,7,2,2,0,0,1,2,4,0,1,1,1
8132,315,2025-12-18,283,19,4,0,9,5,6,2,0,0,1,2,4,0,1,1,1
8133,316,2025-12-18,46,4,3,1,35,29,8,7,2,1,1,6,15,3,7,2,2
8134,316,2025-12-18,47,4,3,1,27,16,6,0,1,1,3,4,11,1,2,2,2
8135,316,2025-12-18,48,4,3,1,29,16,2,3,0,0,2,6,11,1,3,2,2
8136,316,2025-12-18,49,4,3,1,21,10,6,4,1,0,1,3,7,0,1,2,2
8137,316,2025-12-18,50,4,3,1,24,7,5,1,0,0,1,3,6,1,2,2,2
8138,316,2025-12-18,51,4,3,1,31,13,5,4,1,0,2,4,8,1,2,1,1
8139,316,2025-12-18,52,4,3,1,23,14,5,3,0,1,2,5,11,2,5,1,1
8140,316,2025-12-18,53,4,3,1,25,14,6,4,0,1,1,6,10,1,3,2,2
8141,316,2025-12-18,54,4,3,1,18,9,2,1,0,0,0,2,4,0,1,2,2
8142,316,2025-12-18,55,4,3,1,4,6,5,0,0,1,1,3,7,1,3,0,0
8143,316,2025-12-18,56,4,3,1,10,7,3,2,1,0,1,3,6,1,2,1,1
8144,316,2025-12-18,59,4,3,1,12,2,4,0,0,0,1,1,2,0,1,0,0
8145,316,2025-12-18,31,3,4,0,30,18,10,5,0,0,5,7,13,2,6,1,1
8146,316,2025-12-18,32,3,4,0,39,13,2,7,2,0,3,5,10,1,2,1,1
8147,316,2025-12-18,33,3,4,0,31,11,4,2,1,0,3,3,7,0,1,2,3
8148,316,2025-12-18,34,3,4,0,24,10,2,3,1,0,2,4,7,0,1,1,1
8149,316,2025-12-18,35,3,4,0,25,8,4,2,1,0,1,2,5,0,1,1,1
8150,316,2025-12-18,36,3,4,0,20,13,5,5,1,0,3,3,6,0,1,1,2
8151,316,2025-12-18,37,3,4,0,17,5,2,2,1,1,1,2,5,0,1,1,1
8152,316,2025-12-18,38,3,4,0,25,4,5,1,0,0,0,2,6,1,2,1,1
8153,316,2025-12-18,39,3,4,0,11,5,2,2,1,0,1,2,4,0,1,1,1
8154,316,2025-12-18,40,3,4,0,14,3,5,1,0,0,1,2,5,0,1,0,0
8155,316,2025-12-18,42,3,4,0,19,4,0,1,0,0,0,1,2,0,0,0,0
8156,316,2025-12-18,44,3,4,0,11,9,4,0,0,0,1,3,7,1,2,1,2
8157,317,2025-12-18,421,29,7,1,37,14,5,5,2,1,3,5,11,2,5,1,1
8158,317,2025-12-18,422,29,7,1,27,19,9,5,2,1,1,4,10,1,3,3,4
8159,317,2025-12-18,423,29,7,1,25,7,4,4,1,1,1,3,6,0,1,1,1
8160,317,2025-12-18,424,29,7,1,27,11,2,3,0,0,1,2,5,0,1,1,2
8161,317,2025-12-18,425,29,7,1,25,8,2,2,1,0,2,3,5,0,1,1,1
8162,317,2025-12-18,426,29,7,1,22,10,3,2,1,1,1,4,8,1,2,1,1
8163,317,2025-12-18,427,29,7,1,19,6,5,3,2,1,2,3,7,1,2,1,1
8164,317,2025-12-18,428,29,7,1,29,9,5,5,1,0,1,2,6,1,2,1,1
8165,317,2025-12-18,429,29,7,1,7,3,0,2,1,0,0,2,5,1,2,1,1
8166,317,2025-12-18,430,29,7,1,12,2,4,0,1,0,1,2,5,0,1,0,0
8167,317,2025-12-18,432,29,7,1,15,3,3,2,1,0,0,2,4,1,2,1,1
8168,317,2025-12-18,433,29,7,1,12,4,0,2,1,0,1,3,5,1,2,0,0
8169,317,2025-12-18,434,29,7,1,4,5,0,0,0,0,1,3,6,1,2,1,1
8170,317,2025-12-18,435,29,7,1,7,6,0,1,1,0,1,2,6,1,2,1,1
8171,317,2025-12-18,91,7,29,0,28,24,10,10,1,1,4,5,12,0,1,3,4
8172,317,2025-12-18,92,7,29,0,29,10,7,7,1,0,2,2,6,1,2,2,2
8173,317,2025-12-18,93,7,29,0,17,12,10,2,0,0,1,3,7,0,1,2,3
8174,317,2025-12-18,94,7,29,0,19,9,5,1,0,0,2,2,4,0,1,1,2
8175,317,2025-12-18,95,7,29,0,30,5,2,3,1,1,1,3,6,0,1,1,1
8176,317,2025-12-18,96,7,29,0,20,16,7,1,1,1,2,5,10,1,2,2,3
8177,317,2025-12-18,97,7,29,0,15,10,5,2,1,1,1,4,9,0,1,1,1
8178,317,2025-12-18,98,7,29,0,18,7,5,1,1,0,1,2,5,0,1,1,1
8179,317,2025-12-18,100,7,29,0,10,5,4,2,1,0,0,1,3,0,1,1,1
8180,317,2025-12-18,101,7,29,0,14,2,3,1,1,0,1,1,2,0,0,0,0
8181,317,2025-12-18,102,7,29,0,19,6,4,1,0,0,1,3,7,1,3,1,1
8182,317,2025-12-18,103,7,29,0,13,4,3,0,0,0,1,1,2,0,1,0,0
8183,317,2025-12-18,104,7,29,0,6,5,1,1,0,0,0,1,2,0,1,0,0
8184,318,2025-12-18,61,5,28,1,32,14,6,2,2,0,2,5,11,1,4,2,3
8185,318,2025-12-18,62,5,28,1,29,24,4,4,1,0,3,7,14,1,5,1,1
8186,318,2025-12-18,63,5,28,1,28,17,6,0,0,1,1,4,8,1,3,2,2
8187,318,2025-12-18,64,5,28,1,29,6,2,3,1,1,0,1,3,0,1,1,1
8188,318,2025-12-18,65,5,28,1,15,11,0,3,1,1,1,4,9,0,1,2,2
8189,318,2025-12-18,66,5,28,1,26,6,4,1,1,0,0,2,4,1,2,1,1
8190,318,2025-12-18,67,5,28,1,26,1,4,0,0,1,1,1,2,0,1,0,0
8191,318,2025-12-18,68,5,28,1,22,9,1,1,1,1,0,2,4,0,1,1,1
8192,318,2025-12-18,69,5,28,1,9,6,5,0,0,0,1,2,5,0,1,1,1
8193,318,2025-12-18,70,5,28,1,10,3,1,2,1,0,1,0,1,0,0,0,0
8194,318,2025-12-18,71,5,28,1,16,5,1,1,1,0,0,2,6,1,2,1,1
8195,318,2025-12-18,72,5,28,1,4,6,1,2,1,0,1,2,4,0,1,1,1
8196,318,2025-12-18,73,5,28,1,4,6,1,2,1,0,1,4,7,0,1,1,1
8197,318,2025-12-18,74,5,28,1,14,3,2,1,0,0,0,2,3,0,1,1,1
8198,318,2025-12-18,75,5,28,1,10,6,3,2,1,0,0,3,7,1,2,1,1
8199,318,2025-12-18,406,28,5,0,32,18,3,3,1,1,3,5,13,2,4,1,1
8200,318,2025-12-18,407,28,5,0,39,18,7,2,1,0,1,5,10,1,4,1,2
8201,318,2025-12-18,408,28,5,0,18,5,3,2,2,1,0,2,6,0,1,1,1
8202,318,2025-12-18,409,28,5,0,25,9,0,1,1,0,1,3,7,1,2,1,1
8203,318,2025-12-18,410,28,5,0,31,2,8,4,1,0,0,2,5,0,1,0,0
8204,318,2025-12-18,411,28,5,0,13,8,2,2,1,0,2,3,7,1,3,1,2
8205,318,2025-12-18,412,28,5,0,27,0,5,0,1,0,1,2,3,0,1,0,0
8206,318,2025-12-18,413,28,5,0,24,5,3,1,1,1,2,2,4,0,1,0,0
8207,318,2025-12-18,414,28,5,0,12,3,1,0,1,0,0,0,1,0,0,0,0
8208,318,2025-12-18,415,28,5,0,16,1,2,0,1,0,1,2,4,0,1,0,0
8209,318,2025-12-18,416,28,5,0,21,4,0,1,0,0,0,3,6,0,1,1,1
8210,318,2025-12-18,418,28,5,0,9,2,1,2,1,0,1,1,3,0,1,0,0
8211,318,2025-12-18,419,28,5,0,11,0,4,1,1,1,1,2,4,0,1,0,0
8212,319,2025-12-19,166,12,26,1,31,22,8,6,1,0,3,6,14,2,4,3,4
8213,319,2025-12-19,167,12,26,1,28,21,6,3,1,1,2,6,11,1,4,1,2
8214,319,2025-12-19,168,12,26,1,19,7,4,6,0,0,2,1,3,0,0,1,1
8215,319,2025-12-19,169,12,26,1,25,5,6,1,1,1,1,2,4,0,1,1,1
8216,319,2025-12-19,170,12,26,1,23,6,3,1,0,0,1,3,6,1,2,0,0
8217,319,2025-12-19,171,12,26,1,25,9,4,1,1,0,1,2,5,0,1,1,2
8218,319,2025-12-19,172,12,26,1,24,9,7,1,1,0,1,4,8,1,2,2,2
8219,319,2025-12-19,173,12,26,1,15,7,5,4,1,1,1,2,3,0,1,1,1
8220,319,2025-12-19,174,12,26,1,20,2,1,1,0,0,1,2,4,0,1,0,0
8221,319,2025-12-19,176,12,26,1,10,3,1,1,1,0,1,3,5,1,2,0,0
8222,319,2025-12-19,177,12,26,1,7,5,5,2,1,0,1,3,5,0,1,1,1
8223,319,2025-12-19,178,12,26,1,13,1,1,2,1,0,0,0,1,0,0,0,0
8224,319,2025-12-19,179,12,26,1,13,4,1,2,0,0,0,2,5,1,2,1,1
8225,319,2025-12-19,180,12,26,1,12,4,1,0,1,0,1,2,5,0,1,0,0
8226,319,2025-12-19,376,26,12,0,32,22,5,6,2,2,3,4,11,1,3,3,4
8227,319,2025-12-19,377,26,12,0,37,22,4,5,1,0,2,7,14,1,2,4,5
8228,319,2025-12-19,378,26,12,0,33,13,3,5,1,1,1,4,10,1,4,2,3
8229,319,2025-12-19,379,26,12,0,20,5,5,0,0,0,2,1,2,0,1,0,0
8230,319,2025-12-19,380,26,12,0,26,14,6,3,0,1,2,5,10,1,2,1,1
8231,319,2025-12-19,381,26,12,0,27,8,3,2,1,0,0,3,5,1,2,1,1
8232,319,2025-12-19,382,26,12,0,20,10,6,2,0,0,1,3,7,1,2,1,2
8233,319,2025-12-19,383,26,12,0,28,12,6,0,1,0,1,3,8,1,2,2,3
8234,319,2025-12-19,384,26,12,0,18,3,2,0,1,0,0,2,4,0,1,1,1
8235,319,2025-12-19,385,26,12,0,10,4,4,1,1,0,0,2,5,0,1,0,0
8236,319,2025-12-19,386,26,12,0,15,9,5,2,1,0,2,2,4,1,2,2,2
8237,319,2025-12-19,387,26,12,0,12,6,1,0,0,0,1,3,5,0,1,1,1
8238,319,2025-12-19,388,26,12,0,4,4,1,2,1,0,2,2,3,0,0,1,1
8239,319,2025-12-19,389,26,12,0,13,5,3,1,1,0,0,2,5,0,1,1,1
8240,320,2025-12-19,211,15,22,1,37,23,4,5,2,1,3,5,14,1,2,1,2
8241,320,2025-12-19,212,15,22,1,34,28,1,7,1,1,3,9,16,2,7,2,2
8242,320,2025-12-19,213,15,22,1,28,5,5,1,1,1,1,3,6,0,1,1,1
8243,320,2025-12-19,214,15,22,1,26,11,4,3,1,1,3,2,5,1,2,1,1
8244,320,2025-12-19,215,15,22,1,29,9,7,2,1,0,1,4,8,1,2,1,1
8245,320,2025-12-19,216,15,22,1,25,14,5,5,1,1,2,4,10,1,2,2,2
8246,320,2025-12-19,217,15,22,1,26,9,1,2,0,1,1,3,5,0,1,1,1
8247,320,2025-12-19,218,15,22,1,33,7,4,1,1,0,3,3,7,1,3,1,1
8248,320,2025-12-19,219,15,22,1,7,3,1,0,0,0,1,0,1,0,0,1,1
8249,320,2025-12-19,220,15,22,1,8,4,2,0,0,0,0,2,3,0,0,0,0
8250,320,2025-12-19,221,15,22,1,5,4,3,1,1,0,1,2,4,0,1,1,1
8251,320,2025-12-19,223,15,22,1,17,6,3,0,1,0,0,2,4,0,1,1,1
8252,320,2025-12-19,224,15,22,1,9,5,2,1,0,0,0,2,4,0,0,1,1
8253,320,2025-12-19,225,15,22,1,12,8,1,1,0,0,1,3,6,0,1,1,1
8254,320,2025-12-19,316,22,15,0,35,26,10,7,1,0,4,5,12,1,2,3,4
8255,320,2025-12-19,317,22,15,0,33,27,8,10,1,1,2,6,13,1,4,4,5
8256,320,2025-12-19,318,22,15,0,27,5,3,4,1,0,1,1,2,0,0,0,0
8257,320,2025-12-19,319,22,15,0,21,14,6,1,1,1,2,3,7,0,1,1,1
8258,320,2025-12-19,320,22,15,0,25,11,0,2,1,0,1,5,9,1,3,1,2
8259,320,2025-12-19,321,22,15,0,29,10,6,1,0,1,1,3,8,1,3,1,1
8260,320,2025-12-19,322,22,15,0,26,10,6,2,1,0,0,3,5,0,1,2,2
8261,320,2025-12-19,323,22,15,0,23,13,5,5,0,1,1,3,7,0,1,1,2
8262,320,2025-12-19,324,22,15,0,11,7,2,2,0,0,1,2,3,0,1,1,1
8263,320,2025-12-19,325,22,15,0,4,2,1,2,0,0,1,2,3,0,1,0,0
8264,320,2025-12-19,326,22,15,0,18,1,2,2,0,0,1,2,4,0,1,0,0
8265,320,2025-12-19,329,22,15,0,17,8,1,2,1,0,0,3,7,1,2,1,1
8266,320,2025-12-19,330,22,15,0,7,7,2,0,0,0,0,2,3,0,0,1,1
8267,321,2025-12-19,151,11,23,1,38,20,6,7,1,0,2,7,12,1,2,2,3
8268,321,2025-12-19,152,11,23,1,38,20,6,2,0,1,3,7,13,3,6,1,2
8269,321,2025-12-19,153,11,23,1,26,7,0,3,1,1,1,3,6,1,2,2,2
8270,321,2025-12-19,154,11,23,1,29,10,2,1,1,1,1,4,8,1,3,1,1
8271,321,2025-12-19,155,11,23,1,21,6,7,0,1,1,3,3,7,1,2,1,1
8272,321,2025-12-19,156,11,23,1,26,12,4,1,0,0,2,6,10,1,2,1,1
8273,321,2025-12-19,157,11,23,1,23,9,3,2,1,1,0,2,4,0,1,1,2
8274,321,2025-12-19,158,11,23,1,29,13,3,4,0,1,1,3,6,1,2,1,2
8275,321,2025-12-19,160,11,23,1,4,0,1,0,1,0,1,2,4,0,1,0,0
8276,321,2025-12-19,163,11,23,1,6,0,0,0,1,0,0,1,3,0,1,0,0
8277,321,2025-12-19,164,11,23,1,10,4,3,0,1,0,2,1,3,0,1,0,0
8278,321,2025-12-19,165,11,23,1,16,5,2,3,1,0,1,1,2,0,1,1,1
8279,321,2025-12-19,331,23,11,0,34,32,4,3,1,1,3,7,15,1,3,5,6
8280,321,2025-12-19,332,23,11,0,31,27,4,6,1,1,3,7,14,2,6,1,2
8281,321,2025-12-19,333,23,11,0,24,8,4,3,1,1,2,3,7,1,2,1,2
8282,321,2025-12-19,334,23,11,0,28,8,5,3,1,0,1,3,7,0,1,1,1
8283,321,2025-12-19,335,23,11,0,20,1,5,2,1,0,1,2,4,1,2,0,0
8284,321,2025-12-19,336,23,11,0,22,9,2,5,1,0,0,3,7,1,3,1,2
8285,321,2025-12-19,337,23,11,0,17,8,3,3,1,0,2,4,8,0,1,1,1
8286,321,2025-12-19,338,23,11,0,25,10,6,5,1,0,1,2,5,1,2,2,2
8287,321,2025-12-19,339,23,11,0,8,2,0,1,0,0,1,2,3,0,1,0,0
8288,321,2025-12-19,340,23,11,0,18,2,3,1,1,0,0,1,3,0,1,0,0
8289,321,2025-12-19,341,23,11,0,22,3,2,2,0,0,0,2,4,0,1,0,0
8290,321,2025-12-19,342,23,11,0,14,5,2,0,1,0,0,2,5,0,1,1,1
8291,321,2025-12-19,343,23,11,0,8,4,1,0,1,0,0,2,5,0,1,1,1
8292,321,2025-12-19,344,23,11,0,15,4,3,1,1,0,1,3,5,0,1,0,0
8293,321,2025-12-19,345,23,11,0,16,4,2,0,0,0,1,1,3,0,1,1,1
8294,322,2025-12-19,76,6,30,1,33,17,6,9,2,1,1,4,11,1,3,1,2
8295,322,2025-12-19,77,6,30,1,37,26,8,8,1,1,3,8,14,2,5,1,1
8296,322,2025-12-19,78,6,30,1,21,3,1,1,2,1,2,2,4,0,1,0,0
8297,322,2025-12-19,79,6,30,1,26,7,1,3,1,0,2,3,7,1,2,1,1
8298,322,2025-12-19,80,6,30,1,25,1,8,1,0,1,3,1,2,0,0,0,0
8299,322,2025-12-19,81,6,30,1,29,5,3,4,1,0,3,3,6,0,1,1,1
8300,322,2025-12-19,82,6,30,1,23,8,3,0,0,0,1,4,7,1,2,1,1
8301,322,2025-12-19,83,6,30,1,28,11,5,2,1,0,1,2,6,0,1,1,1
8302,322,2025-12-19,84,6,30,1,12,5,1,2,0,0,1,2,4,0,1,1,1
8303,322,2025-12-19,86,6,30,1,11,4,4,0,0,0,0,1,3,0,1,1,1
8304,322,2025-12-19,87,6,30,1,17,5,2,0,0,0,1,3,6,1,2,1,1
8305,322,2025-12-19,89,6,30,1,12,4,0,3,0,0,1,3,6,0,1,1,1
8306,322,2025-12-19,90,6,30,1,16,5,4,1,0,0,0,2,5,0,1,1,1
8307,322,2025-12-19,436,30,6,0,31,14,8,4,1,0,4,3,7,1,2,2,3
8308,322,2025-12-19,437,30,6,0,31,17,4,8,0,0,5,6,11,1,3,1,2
8309,322,2025-12-19,438,30,6,0,19,12,3,2,0,0,2,5,9,1,3,2,2
8310,322,2025-12-19,439,30,6,0,27,17,2,0,1,1,1,6,12,1,4,3,4
8311,322,2025-12-19,440,30,6,0,26,9,2,4,1,0,1,5,8,0,1,1,1
8312,322,2025-12-19,441,30,6,0,17,8,2,0,0,1,2,2,4,0,1,1,1
8313,322,2025-12-19,442,30,6,0,24,10,3,3,1,0,1,3,5,0,1,1,1
8314,322,2025-12-19,443,30,6,0,24,12,2,3,1,0,1,4,8,1,2,2,2
8315,322,2025-12-19,446,30,6,0,13,4,1,1,0,0,1,2,5,0,1,1,1
8316,322,2025-12-19,447,30,6,0,9,7,0,1,0,0,0,3,6,0,1,0,0
8317,322,2025-12-19,449,30,6,0,11,6,2,2,0,0,2,2,3,0,1,1,1
8318,322,2025-12-19,450,30,6,0,11,3,5,2,1,0,1,3,5,1,2,1,1
8319,323,2025-12-19,181,13,8,1,41,20,11,6,1,0,3,7,12,2,5,2,3
8320,323,2025-12-19,182,13,8,1,32,19,9,1,0,0,3,5,13,1,2,3,4
8321,323,2025-12-19,183,13,8,1,19,7,6,2,0,0,2,2,4,0,1,1,1
8322,323,2025-12-19,184,13,8,1,26,9,1,1,1,0,0,2,5,1,2,2,2
8323,323,2025-12-19,185,13,8,1,16,6,2,4,1,1,0,2,4,0,1,1,1
8324,323,2025-12-19,186,13,8,1,32,10,5,4,1,1,1,4,9,2,4,1,1
8325,323,2025-12-19,187,13,8,1,25,7,6,3,1,0,2,2,4,0,1,1,1
8326,323,2025-12-19,188,13,8,1,33,4,0,1,1,1,1,1,3,0,1,1,1
8327,323,2025-12-19,190,13,8,1,15,4,1,1,1,0,1,1,3,0,0,1,1
8328,323,2025-12-19,191,13,8,1,6,3,1,0,1,0,1,2,3,0,1,1,1
8329,323,2025-12-19,193,13,8,1,13,6,1,0,0,0,0,2,5,1,2,1,1
8330,323,2025-12-19,194,13,8,1,22,6,1,2,0,0,0,2,4,1,2,1,1
8331,323,2025-12-19,195,13,8,1,16,5,1,1,1,0,0,1,2,0,0,1,1
8332,323,2025-12-19,106,8,13,0,30,21,6,3,1,0,3,5,12,1,2,3,4
8333,323,2025-12-19,107,8,13,0,38,14,1,10,1,1,2,3,7,0,1,2,3
8334,323,2025-12-19,108,8,13,0,22,7,3,3,0,1,1,4,7,1,3,1,1
8335,323,2025-12-19,109,8,13,0,31,12,6,3,1,0,2,3,6,1,2,2,2
8336,323,2025-12-19,110,8,13,0,27,11,1,4,1,0,2,4,8,1,3,2,2
8337,323,2025-12-19,111,8,13,0,28,8,2,0,1,0,2,2,4,0,1,2,2
8338,323,2025-12-19,112,8,13,0,26,9,4,2,1,1,0,3,7,1,3,1,1
8339,323,2025-12-19,113,8,13,0,21,15,7,2,1,1,1,3,7,0,1,3,3
8340,323,2025-12-19,115,8,13,0,16,8,3,1,0,0,1,3,7,1,2,2,2
8341,323,2025-12-19,116,8,13,0,11,2,2,1,1,0,1,1,3,0,1,0,0
8342,323,2025-12-19,117,8,13,0,15,3,1,0,0,0,1,0,1,0,0,1,1
8343,324,2025-12-19,301,21,27,1,31,16,8,2,1,1,4,5,12,2,4,1,2
8344,324,2025-12-19,302,21,27,1,34,16,2,8,1,1,2,4,10,1,2,1,1
8345,324,2025-12-19,303,21,27,1,27,12,2,0,1,1,1,5,10,1,4,1,1
8346,324,2025-12-19,304,21,27,1,21,11,4,1,0,0,1,4,8,0,1,2,2
8347,324,2025-12-19,305,21,27,1,24,7,4,2,1,0,2,2,4,0,1,1,1
8348,324,2025-12-19,306,21,27,1,27,12,4,2,0,1,1,4,9,1,2,1,1
8349,324,2025-12-19,307,21,27,1,26,8,2,4,1,1,1,2,4,1,2,1,1
8350,324,2025-12-19,308,21,27,1,24,6,6,2,0,0,1,2,5,1,2,1,1
8351,324,2025-12-19,309,21,27,1,10,4,3,1,0,1,0,3,6,0,1,1,1
8352,324,2025-12-19,311,21,27,1,16,2,1,2,1,0,1,1,2,0,0,0,0
8353,324,2025-12-19,312,21,27,1,9,10,3,0,0,0,0,3,6,0,1,2,2
8354,324,2025-12-19,391,27,21,0,31,27,7,8,0,1,2,7,15,2,6,3,4
8355,324,2025-12-19,392,27,21,0,39,24,5,6,1,1,1,5,12,1,4,4,5
8356,324,2025-12-19,393,27,21,0,26,9,6,5,1,0,2,2,5,0,1,0,0
8357,324,2025-12-19,394,27,21,0,22,10,6,0,1,0,1,3,7,1,2,1,1
8358,324,2025-12-19,395,27,21,0,28,14,0,3,1,1,2,4,9,1,3,2,2
8359,324,2025-12-19,396,27,21,0,25,12,4,3,1,1,0,3,6,1,2,2,2
8360,324,2025-12-19,397,27,21,0,31,9,5,0,0,1,1,3,7,1,3,1,1
8361,324,2025-12-19,398,27,21,0,24,12,6,4,2,1,1,6,10,1,4,1,1
8362,324,2025-12-19,403,27,21,0,7,0,2,1,0,0,1,1,2,0,0,0,0
8363,324,2025-12-19,404,27,21,0,13,5,3,1,1,0,0,1,2,0,0,0,0
8364,324,2025-12-19,405,27,21,0,14,2,4,2,0,0,0,1,1,0,0,0,0
8365,325,2025-12-20,241,17,14,1,35,20,5,5,1,0,2,6,14,1,3,3,3
8366,325,2025-12-20,242,17,14,1,35,11,11,6,2,1,3,2,5,0,1,2,2
8367,325,2025-12-20,243,17,14,1,21,1,4,2,1,1,3,1,2,0,1,0,0
8368,325,2025-12-20,244,17,14,1,23,13,3,4,1,1,1,3,7,0,1,2,2
8369,325,2025-12-20,245,17,14,1,20,5,2,1,1,1,2,2,5,0,1,1,1
8370,325,2025-12-20,246,17,14,1,29,11,5,0,1,1,1,3,5,0,1,1,1
8371,325,2025-12-20,247,17,14,1,27,6,5,2,1,0,1,2,5,1,2,1,1
8372,325,2025-12-20,248,17,14,1,18,9,7,5,1,0,1,4,8,0,1,1,1
8373,325,2025-12-20,249,17,14,1,14,4,4,1,0,0,1,1,3,0,1,1,1
8374,325,2025-12-20,250,17,14,1,17,6,1,1,1,1,2,2,4,0,1,1,1
8375,325,2025-12-20,251,17,14,1,18,7,3,1,0,0,1,1,3,0,1,1,2
8376,325,2025-12-20,252,17,14,1,10,5,2,1,0,0,1,1,3,0,1,1,1
8377,325,2025-12-20,253,17,14,1,8,3,3,2,0,0,0,1,3,0,1,0,0
8378,325,2025-12-20,254,17,14,1,12,5,3,0,1,0,1,1,2,0,0,0,0
8379,325,2025-12-20,255,17,14,1,17,2,2,2,0,0,1,2,4,0,1,0,0
8380,325,2025-12-20,196,14,17,0,28,23,5,10,1,1,3,7,15,1,4,3,4
8381,325,2025-12-20,197,14,17,0,32,19,3,1,0,0,3,5,12,1,4,1,2
8382,325,2025-12-20,198,14,17,0,18,8,4,1,1,0,2,2,4,0,1,1,1
8383,325,2025-12-20,199,14,17,0,26,11,5,3,0,1,1,3,6,0,1,3,3
8384,325,2025-12-20,200,14,17,0,27,16,5,6,1,0,1,6,12,1,3,3,4
8385,325,2025-12-20,201,14,17,0,22,11,6,0,1,0,2,4,9,1,3,1,1
8386,325,2025-12-20,202,14,17,0,17,12,7,2,1,0,3,4,8,1,2,2,2
8387,325,2025-12-20,203,14,17,0,17,6,3,1,1,0,1,4,7,1,3,1,1
8388,325,2025-12-20,205,14,17,0,15,2,4,0,0,0,0,0,1,0,0,0,0
8389,325,2025-12-20,206,14,17,0,10,6,3,1,1,0,1,2,3,0,1,1,1
8390,325,2025-12-20,207,14,17,0,17,3,3,2,0,0,1,1,1,0,0,1,1
8391,325,2025-12-20,209,14,17,0,11,6,0,0,1,0,1,3,5,0,1,1,1
8392,325,2025-12-20,210,14,17,0,10,5,3,1,1,0,0,1,2,0,1,0,0
8393,326,2025-12-20,346,24,20,1,28,23,6,2,1,1,1,7,14,2,6,2,2
8394,326,2025-12-20,347,24,20,1,38,17,9,4,2,1,3,5,12,2,4,2,2
8395,326,2025-12-20,348,24,20,1,26,10,4,1,2,0,2,3,5,0,1,1,1
8396,326,2025-12-20,349,24,20,1,27,6,1,3,1,0,0,3,6,1,2,1,1
8397,326,2025-12-20,350,24,20,1,27,7,3,3,1,0,2,2,5,0,1,1,1
8398,326,2025-12-20,351,24,20,1,23,11,6,2,1,0,2,2,5,0,1,1,1
8399,326,2025-12-20,352,24,20,1,19,15,7,3,0,0,2,4,8,0,1,2,3
8400,326,2025-12-20,353,24,20,1,19,13,6,2,1,0,1,2,6,1,2,2,3
8401,326,2025-12-20,355,24,20,1,13,6,2,1,0,0,0,2,5,0,1,0,0
8402,326,2025-12-20,356,24,20,1,19,7,1,1,1,0,0,2,4,0,1,1,1
8403,326,2025-12-20,360,24,20,1,10,4,5,0,1,0,2,2,5,1,2,1,1
8404,326,2025-12-20,286,20,24,0,28,31,6,4,1,0,2,7,15,3,7,4,5
8405,326,2025-12-20,287,20,24,0,30,23,5,3,1,0,5,6,13,1,4,2,2
8406,326,2025-12-20,288,20,24,0,23,13,7,0,1,0,1,3,6,1,2,1,1
8407,326,2025-12-20,289,20,24,0,25,5,3,4,0,0,2,2,4,0,1,0,0
8408,326,2025-12-20,290,20,24,0,21,11,3,1,0,1,2,3,5,1,2,2,3
8409,326,2025-12-20,291,20,24,0,28,10,2,3,1,1,1,3,7,1,2,1,1
8410,326,2025-12-20,292,20,24,0,29,4,5,3,1,1,2,1,2,0,1,1,1
8411,326,2025-12-20,293,20,24,0,18,11,6,0,1,0,1,2,5,0,1,2,2
8412,326,2025-12-20,294,20,24,0,23,0,1,0,1,0,2,1,2,0,1,0,0
8413,326,2025-12-20,296,20,24,0,4,7,3,0,0,0,1,2,3,0,1,0,0
8414,326,2025-12-20,298,20,24,0,13,1,4,1,1,0,0,1,2,0,1,0,0
8415,326,2025-12-20,300,20,24,0,13,6,4,2,0,0,0,3,6,1,2,1,1
8416,327,2025-12-20,361,25,18,1,30,20,0,7,2,1,2,5,11,1,4,1,1
8417,327,2025-12-20,362,25,18,1,37,20,3,2,2,0,3,5,12,2,5,2,3
8418,327,2025-12-20,363,25,18,1,23,11,2,2,1,0,2,3,8,1,2,2,2
8419,327,2025-12-20,364,25,18,1,22,10,6,2,0,0,1,4,8,1,4,1,2
8420,327,2025-12-20,365,25,18,1,30,8,3,1,1,1,1,2,4,0,1,1,1
8421,327,2025-12-20,366,25,18,1,25,8,1,3,1,0,2,3,6,1,2,1,1
8422,327,2025-12-20,367,25,18,1,26,4,3,0,1,0,2,1,2,0,1,1,1
8423,327,2025-12-20,368,25,18,1,30,6,4,2,1,0,2,3,5,0,1,1,1
8424,327,2025-12-20,369,25,18,1,13,2,2,0,0,0,2,2,4,0,1,0,0
8425,327,2025-12-20,370,25,18,1,16,1,2,1,0,0,1,2,3,0,1,0,0
8426,327,2025-12-20,371,25,18,1,15,5,2,3,0,0,2,2,4,0,1,1,1
8427,327,2025-12-20,372,25,18,1,10,6,2,0,1,0,2,1,3,0,1,1,1
8428,327,2025-12-20,374,25,18,1,12,3,0,0,0,0,1,2,4,0,1,1,1
8429,327,2025-12-20,375,25,18,1,16,4,3,2,0,0,1,2,6,0,1,1,1
8430,327,2025-12-20,256,18,25,0,35,20,8,3,0,1,3,8,13,1,2,4,5
8431,327,2025-12-20,257,18,25,0,30,12,6,2,2,0,3,5,9,1,3,1,1
8432,327,2025-12-20,258,18,25,0,19,8,5,0,1,1,2,3,8,0,1,1,2
8433,327,2025-12-20,259,18,25,0,23,12,2,0,1,1,0,5,10,0,1,1,2
8434,327,2025-12-20,260,18,25,0,29,9,6,3,1,1,1,4,7,1,2,2,2
8435,327,2025-12-20,261,18,25,0,20,11,3,1,1,0,0,2,5,0,1,1,2
8436,327,2025-12-20,262,18,25,0,18,10,3,2,1,1,1,3,7,0,1,2,2
8437,327,2025-12-20,263,18,25,0,22,4,2,2,1,0,1,3,6,1,2,1,1
8438,327,2025-12-20,264,18,25,0,16,5,3,2,0,1,0,3,5,1,2,1,1
8439,327,2025-12-20,265,18,25,0,12,4,2,1,0,0,1,1,3,0,0,1,1
8440,327,2025-12-20,266,18,25,0,20,5,1,0,1,0,1,2,4,0,0,1,1
8441,327,2025-12-20,267,18,25,0,8,4,3,2,1,0,1,2,4,0,1,1,1
8442,327,2025-12-20,268,18,25,0,7,5,0,3,0,0,0,2,3,0,1,1,1
8443,328,2025-12-20,136,10,16,1,32,17,4,2,1,1,3,6,11,2,4,2,3
8444,328,2025-12-20,137,10,16,1,38,21,7,6,2,0,3,7,13,1,3,1,1
8445,328,2025-12-20,138,10,16,1,18,11,5,0,1,0,1,4,8,1,2,1,2
8446,328,2025-12-20,139,10,16,1,29,12,3,1,1,0,1,3,8,0,1,2,3
8447,328,2025-12-20,140,10,16,1,14,14,4,3,1,0,2,3,8,1,2,1,2
8448,328,2025-12-20,141,10,16,1,21,8,6,1,1,0,1,2,4,0,1,1,1
8449,328,2025-12-20,142,10,16,1,30,15,2,2,1,1,2,4,9,1,3,2,3
8450,328,2025-12-20,143,10,16,1,24,11,4,3,0,1,0,3,6,0,1,2,2
8451,328,2025-12-20,146,10,16,1,14,4,1,0,0,0,1,2,4,0,1,0,0
8452,328,2025-12-20,149,10,16,1,12,4,2,2,1,0,0,2,5,0,1,1,1
8453,328,2025-12-20,150,10,16,1,8,6,0,0,1,0,1,2,5,1,2,1,1
8454,328,2025-12-20,226,16,10,0,31,15,6,6,1,1,2,4,10,1,4,1,2
8455,328,2025-12-20,227,16,10,0,31,27,6,1,1,1,2,7,16,1,3,2,2
8456,328,2025-12-20,228,16,10,0,30,4,3,2,1,1,0,2,4,1,2,0,0
8457,328,2025-12-20,229,16,10,0,20,2,4,3,1,0,1,2,4,0,1,0,0
8458,328,2025-12-20,230,16,10,0,18,10,5,2,1,1,2,2,5,0,1,1,1
8459,328,2025-12-20,231,16,10,0,21,13,3,0,1,0,1,4,10,1,3,2,3
8460,328,2025-12-20,232,16,10,0,29,13,5,1,1,1,2,5,9,1,3,1,2
8461,328,2025-12-20,233,16,10,0,26,2,3,4,1,0,1,2,4,0,1,0,0
8462,328,2025-12-20,234,16,10,0,6,2,1,1,0,0,1,2,4,1,2,0,0
8463,328,2025-12-20,235,16,10,0,8,3,2,0,1,0,0,1,3,0,1,1,1
8464,328,2025-12-20,237,16,10,0,7,1,1,1,1,0,0,1,3,0,1,0,0
8465,328,2025-12-20,238,16,10,0,13,6,1,0,1,0,1,2,5,0,1,1,1
8466,328,2025-12-20,239,16,10,0,14,2,2,2,1,0,1,2,4,0,1,0,0
8467,328,2025-12-20,240,16,10,0,18,2,3,0,1,0,0,1,2,0,0,0,0
8468,329,2025-12-20,121,9,19,1,37,21,2,3,1,0,3,6,13,2,5,1,2
8469,329,2025-12-20,122,9,19,1,30,20,9,1,2,1,3,4,10,0,1,1,1
8470,329,2025-12-20,123,9,19,1,24,8,4,2,1,0,2,4,8,0,1,1,2
8471,329,2025-12-20,124,9,19,1,20,9,4,1,1,0,1,3,6,0,1,1,1
8472,329,2025-12-20,125,9,19,1,31,9,6,3,1,0,2,2,4,0,1,2,2
8473,329,2025-12-20,126,9,19,1,16,8,3,0,1,0,2,4,8,0,1,1,2
8474,329,2025-12-20,127,9,19,1,25,6,5,1,1,1,3,2,4,0,1,1,1
8475,329,2025-12-20,128,9,19,1,21,10,5,4,1,0,1,4,9,1,2,1,1
8476,329,2025-12-20,132,9,19,1,13,3,6,0,0,0,1,1,1,0,0,1,1
8477,329,2025-12-20,133,9,19,1,11,4,2,2,1,0,1,2,3,0,1,1,1
8478,329,2025-12-20,134,9,19,1,7,7,2,3,0,0,1,2,4,0,1,1,1
8479,329,2025-12-20,271,19,9,0,36,20,5,1,0,1,4,5,10,2,4,4,5
8480,329,2025-12-20,272,19,9,0,30,16,10,3,1,1,2,5,12,1,2,1,1
8481,329,2025-12-20,273,19,9,0,24,4,2,3,0,1,1,3,6,1,2,0,0
8482,329,2025-12-20,274,19,9,0,30,12,4,1,1,0,1,4,8,0,1,1,1
8483,329,2025-12-20,275,19,9,0,19,7,2,2,0,0,1,4,7,1,3,1,1
8484,329,2025-12-20,276,19,9,0,23,6,5,2,1,1,1,3,5,0,1,1,1
8485,329,2025-12-20,277,19,9,0,33,9,0,2,1,1,1,4,7,1,2,1,1
8486,329,2025-12-20,278,19,9,0,19,6,4,3,0,0,1,3,7,1,3,1,1
8487,329,2025-12-20,279,19,9,0,21,2,1,0,0,0,1,1,3,0,1,0,0
8488,329,2025-12-20,280,19,9,0,20,0,2,2,0,0,0,2,4,0,1,0,0
8489,329,2025-12-20,281,19,9,0,15,4,0,0,1,0,0,3,5,1,2,1,1
8490,329,2025-12-20,283,19,9,0,6,7,1,1,1,0,1,2,6,0,1,2,2
8491,329,2025-12-20,284,19,9,0,11,2,1,2,1,0,0,2,4,0,1,0,0
8492,329,2025-12-20,285,19,9,0,23,6,2,1,0,0,0,2,4,0,1,0,0
8493,330,2025-12-20,1,1,2,1,26,11,3,6,1,1,4,3,7,1,2,1,1
8494,330,2025-12-20,2,1,2,1,38,18,8,2,1,0,3,6,10,1,2,3,4
8495,330,2025-12-20,3,1,2,1,24,7,5,4,0,1,0,3,5,1,2,1,1
8496,330,2025-12-20,4,1,2,1,24,15,6,5,1,1,1,6,11,1,2,2,3
8497,330,2025-12-20,5,1,2,1,19,3,0,3,1,1,1,0,1,0,0,0,0
8498,330,2025-12-20,6,1,2,1,28,11,6,3,1,0,2,4,9,1,3,2,2
8499,330,2025-12-20,7,1,2,1,23,12,7,4,1,0,1,4,9,1,2,1,1
8500,330,2025-12-20,8,1,2,1,29,12,1,2,2,1,2,4,10,2,4,1,1
8501,330,2025-12-20,9,1,2,1,9,6,0,2,0,0,0,2,3,0,1,1,1
8502,330,2025-12-20,12,1,2,1,16,9,2,1,1,0,0,2,5,0,1,1,1
8503,330,2025-12-20,13,1,2,1,8,4,4,2,1,0,1,2,4,0,1,1,1
8504,330,2025-12-20,15,1,2,1,6,3,5,2,0,0,1,2,5,1,2,0,0
8505,330,2025-12-20,16,2,1,0,33,25,9,4,0,0,2,6,14,1,2,3,4
8506,330,2025-12-20,17,2,1,0,34,19,6,7,0,1,2,6,12,0,1,2,2
8507,330,2025-12-20,18,2,1,0,19,5,4,2,1,0,2,2,4,0,1,0,0
8508,330,2025-12-20,19,2,1,0,17,8,3,2,1,0,1,2,5,1,2,1,2
8509,330,2025-12-20,20,2,1,0,29,7,6,3,1,0,2,4,7,1,2,1,1
8510,330,2025-12-20,21,2,1,0,24,14,6,2,1,0,2,5,10,1,3,2,2
8511,330,2025-12-20,22,2,1,0,29,4,5,3,0,1,1,1,3,0,0,1,1
8512,330,2025-12-20,23,2,1,0,30,15,7,3,1,1,1,4,9,1,4,3,3
8513,330,2025-12-20,24,2,1,0,7,7,0,0,1,0,1,1,3,0,0,2,2
8514,330,2025-12-20,25,2,1,0,4,3,3,1,0,0,1,2,4,1,2,0,0
8515,330,2025-12-20,27,2,1,0,12,8,3,0,1,0,1,3,6,1,2,1,2
8516,330,2025-12-20,29,2,1,0,20,5,3,1,1,0,1,1,3,0,1,1,1
8517,330,2025-12-20,30,2,1,0,15,9,3,2,0,0,1,2,6,0,1,1,1
8518,331,2025-12-21,166,12,15,1,29,23,2,8,1,1,3,8,15,1,4,3,5
8519,331,2025-12-21,167,12,15,1,29,15,4,5,2,0,2,4,8,1,3,2,3
8520,331,2025-12-21,168,12,15,1,41,8,3,2,0,1,1,2,4,0,1,1,2
8521,331,2025-12-21,169,12,15,1,30,8,6,2,1,1,1,3,8,1,3,2,2
8522,331,2025-12-21,170,12,15,1,31,9,6,4,1,1,1,4,7,1,2,2,2
8523,331,2025-12-21,171,12,15,1,30,11,3,2,1,1,1,2,5,0,1,1,1
8524,331,2025-12-21,172,12,15,1,21,8,3,2,1,0,1,3,6,1,3,1,1
8525,331,2025-12-21,173,12,15,1,25,8,7,0,0,1,2,3,7,0,1,1,1
8526,331,2025-12-21,175,12,15,1,16,6,2,0,0,0,1,4,7,0,1,1,1
8527,331,2025-12-21,176,12,15,1,10,5,2,0,1,0,0,1,3,0,1,1,1
8528,331,2025-12-21,177,12,15,1,4,6,4,2,1,0,1,2,4,0,1,1,1
8529,331,2025-12-21,178,12,15,1,25,4,3,2,0,0,1,1,2,0,0,0,0
8530,331,2025-12-21,179,12,15,1,12,1,2,1,1,0,1,1,2,0,1,0,0
8531,331,2025-12-21,180,12,15,1,14,0,1,1,1,0,1,2,4,0,1,0,0
8532,331,2025-12-21,211,15,12,0,41,18,7,9,1,1,5,5,12,1,4,1,1
8533,331,2025-12-21,212,15,12,0,27,29,4,7,1,1,3,10,18,1,4,3,4
8534,331,2025-12-21,213,15,12,0,15,4,4,1,1,1,0,2,4,1,2,0,0
8535,331,2025-12-21,214,15,12,0,22,7,4,1,1,0,1,2,3,0,1,1,1
8536,331,2025-12-21,215,15,12,0,19,9,4,5,1,1,1,2,4,0,1,1,1
8537,331,2025-12-21,216,15,12,0,28,9,2,2,0,0,2,3,7,0,1,1,1
8538,331,2025-12-21,217,15,12,0,17,8,6,4,1,1,0,3,8,1,3,1,1
8539,331,2025-12-21,218,15,12,0,21,9,3,6,1,1,2,2,4,1,2,1,1
8540,331,2025-12-21,220,15,12,0,16,6,2,3,0,0,1,2,5,1,2,0,0
8541,331,2025-12-21,221,15,12,0,9,6,3,1,1,0,0,4,7,1,3,1,1
8542,331,2025-12-21,222,15,12,0,9,7,3,0,1,0,1,3,6,1,2,1,1
8543,331,2025-12-21,223,15,12,0,6,5,4,1,1,0,0,2,6,0,1,0,0
8544,331,2025-12-21,224,15,12,0,14,5,2,2,0,0,1,1,3,0,1,0,0
8545,332,2025-12-21,181,13,20,1,30,21,6,5,1,1,2,4,10,1,3,3,3
8546,332,2025-12-21,182,13,20,1,27,17,3,5,1,0,3,5,9,0,1,2,2
8547,332,2025-12-21,183,13,20,1,25,8,5,4,1,0,3,3,6,1,2,1,1
8548,332,2025-12-21,184,13,20,1,30,10,5,1,1,0,0,3,6,1,3,2,2
8549,332,2025-12-21,185,13,20,1,26,10,5,2,1,0,1,4,8,0,1,2,2
8550,332,2025-12-21,186,13,20,1,24,11,0,0,0,0,2,4,7,0,1,2,2
8551,332,2025-12-21,187,13,20,1,21,10,7,4,1,0,1,5,9,1,4,2,2
8552,332,2025-12-21,188,13,20,1,30,4,0,4,1,0,2,3,6,0,1,1,1
8553,332,2025-12-21,189,13,20,1,12,4,2,0,1,0,0,3,6,0,1,0,0
8554,332,2025-12-21,190,13,20,1,23,5,3,0,0,0,2,2,4,0,1,1,1
8555,332,2025-12-21,191,13,20,1,15,4,4,0,1,0,1,2,5,0,1,1,1
8556,332,2025-12-21,192,13,20,1,7,0,0,0,0,0,0,2,4,0,0,0,0
8557,332,2025-12-21,194,13,20,1,9,5,3,1,1,0,1,2,4,0,1,0,0
8558,332,2025-12-21,195,13,20,1,13,3,3,1,1,0,0,2,5,0,1,1,1
8559,332,2025-12-21,286,20,13,0,36,24,7,7,1,1,1,6,13,1,3,3,4
8560,332,2025-12-21,287,20,13,0,33,17,9,8,1,1,3,4,8,1,2,2,2
8561,332,2025-12-21,288,20,13,0,26,13,2,2,1,1,2,4,8,1,3,1,1
8562,332,2025-12-21,289,20,13,0,17,13,5,4,1,0,0,4,10,1,2,2,3
8563,332,2025-12-21,290,20,13,0,35,8,2,7,1,0,1,3,6,1,2,1,2
8564,332,2025-12-21,291,20,13,0,22,11,2,5,1,1,1,3,6,1,2,1,1
8565,332,2025-12-21,292,20,13,0,21,4,6,2,1,0,2,2,4,0,1,1,1
8566,332,2025-12-21,293,20,13,0,23,10,7,3,1,1,2,3,8,1,2,1,1
8567,332,2025-12-21,294,20,13,0,5,4,1,1,1,1,1,1,2,0,0,1,1
8568,332,2025-12-21,296,20,13,0,12,6,5,2,0,0,1,2,3,0,0,1,1
8569,332,2025-12-21,299,20,13,0,8,2,1,3,0,0,0,1,1,0,0,0,0
8570,332,2025-12-21,300,20,13,0,14,5,4,1,1,0,1,3,6,0,1,1,1
8571,333,2025-12-21,106,8,22,1,36,28,7,7,1,0,2,6,13,2,4,3,3
8572,333,2025-12-21,107,8,22,1,34,25,7,6,1,0,2,7,15,2,6,2,3
8573,333,2025-12-21,108,8,22,1,8,3,3,2,1,1,2,1,3,0,1,1,1
8574,333,2025-12-21,109,8,22,1,28,9,4,5,1,1,2,2,5,1,2,1,1
8575,333,2025-12-21,110,8,22,1,34,7,7,2,0,0,2,2,3,0,1,1,2
8576,333,2025-12-21,111,8,22,1,21,4,3,0,1,0,1,2,4,1,2,1,1
8577,333,2025-12-21,112,8,22,1,28,3,4,1,0,0,2,3,5,0,1,1,1
8578,333,2025-12-21,113,8,22,1,19,3,4,3,1,1,2,2,3,0,1,0,0
8579,333,2025-12-21,114,8,22,1,14,3,1,0,0,0,1,1,2,0,0,0,0
8580,333,2025-12-21,115,8,22,1,16,7,2,1,0,0,1,3,6,1,2,1,1
8581,333,2025-12-21,116,8,22,1,10,3,0,0,1,0,0,1,1,0,0,0,0
8582,333,2025-12-21,118,8,22,1,13,7,4,1,0,0,1,2,4,1,2,0,0
8583,333,2025-12-21,119,8,22,1,17,4,2,1,0,0,0,2,6,0,1,0,0
8584,333,2025-12-21,316,22,8,0,37,22,2,3,3,1,5,5,12,2,4,4,5
8585,333,2025-12-21,317,22,8,0,40,24,8,4,1,1,3,6,12,2,5,2,3
8586,333,2025-12-21,318,22,8,0,22,5,5,0,0,0,1,2,5,0,1,0,0
8587,333,2025-12-21,319,22,8,0,22,4,4,2,0,0,1,2,6,0,1,1,1
8588,333,2025-12-21,320,22,8,0,21,9,4,4,0,0,1,3,8,1,3,1,2
8589,333,2025-12-21,321,22,8,0,19,9,7,1,1,0,1,2,5,0,1,2,2
8590,333,2025-12-21,322,22,8,0,31,0,3,4,1,0,0,1,1,0,0,0,0
8591,333,2025-12-21,323,22,8,0,22,9,2,4,1,0,2,2,5,1,2,1,1
8592,333,2025-12-21,325,22,8,0,17,2,4,1,0,1,1,1,3,0,1,0,0
8593,333,2025-12-21,326,22,8,0,16,5,1,2,0,0,0,3,6,0,1,1,1
8594,333,2025-12-21,327,22,8,0,5,5,1,1,0,0,1,2,4,1,2,1,1
8595,333,2025-12-21,328,22,8,0,9,5,0,0,1,0,1,2,5,1,2,1,1
8596,333,2025-12-21,330,22,8,0,15,2,3,0,1,0,0,2,3,0,1,0,0
8597,334,2025-12-21,271,19,5,1,27,11,0,7,1,1,2,3,7,0,1,2,2
8598,334,2025-12-21,272,19,5,1,38,17,5,3,1,0,2,3,8,1,2,3,4
8599,334,2025-12-21,273,19,5,1,27,3,4,3,1,0,2,2,3,0,1,0,0
8600,334,2025-12-21,274,19,5,1,17,10,2,1,1,0,2,2,5,0,1,2,2
8601,334,2025-12-21,275,19,5,1,29,8,5,0,1,0,1,4,8,1,2,0,0
8602,334,2025-12-21,276,19,5,1,25,8,3,2,1,1,1,3,5,1,2,1,2
8603,334,2025-12-21,277,19,5,1,19,12,6,0,0,0,1,4,8,1,3,1,1
8604,334,2025-12-21,278,19,5,1,23,2,6,2,1,1,2,1,2,0,0,0,0
8605,334,2025-12-21,279,19,5,1,13,5,3,1,1,0,1,2,4,0,1,1,1
8606,334,2025-12-21,280,19,5,1,8,2,0,1,1,0,0,1,2,0,1,0,0
8607,334,2025-12-21,281,19,5,1,13,2,0,1,0,0,1,2,4,0,1,0,0
8608,334,2025-12-21,282,19,5,1,9,8,1,0,1,0,0,3,6,0,1,1,1
8609,334,2025-12-21,283,19,5,1,9,6,3,1,0,1,2,3,5,1,2,1,1
8610,334,2025-12-21,285,19,5,1,4,5,2,1,0,0,1,3,6,1,3,1,1
8611,334,2025-12-21,61,5,19,0,33,17,7,6,0,0,3,5,9,0,1,2,3
8612,334,2025-12-21,62,5,19,0,35,24,8,5,1,1,3,5,12,0,1,3,4
8613,334,2025-12-21,63,5,19,0,28,9,4,2,1,0,1,2,5,1,2,2,2
8614,334,2025-12-21,64,5,19,0,34,7,1,3,1,0,2,1,3,0,1,1,1
8615,334,2025-12-21,65,5,19,0,29,13,1,6,1,0,1,5,9,2,4,1,1
8616,334,2025-12-21,66,5,19,0,28,9,4,3,1,1,1,3,7,0,1,1,1
8617,334,2025-12-21,67,5,19,0,23,4,4,4,1,1,1,2,3,0,1,1,1
8618,334,2025-12-21,68,5,19,0,27,8,6,3,1,1,1,2,4,0,1,2,2
8619,334,2025-12-21,69,5,19,0,16,2,2,1,0,0,1,1,2,0,1,0,0
8620,334,2025-12-21,70,5,19,0,5,3,0,1,0,0,1,2,5,0,1,0,0
8621,334,2025-12-21,71,5,19,0,8,1,4,0,1,0,0,2,4,0,1,0,0
8622,334,2025-12-21,72,5,19,0,12,6,2,1,0,0,1,1,3,0,1,1,1
8623,334,2025-12-21,73,5,19,0,25,3,2,0,0,0,1,1,2,0,0,1,1
8624,334,2025-12-21,74,5,19,0,13,5,3,1,1,0,1,2,5,0,1,1,1
8625,334,2025-12-21,75,5,19,0,14,3,4,2,0,1,1,1,2,0,1,0,0
8626,335,2025-12-21,16,2,18,1,30,13,6,4,1,1,3,5,8,1,3,2,3
8627,335,2025-12-21,17,2,18,1,41,35,7,3,1,1,3,8,18,1,5,6,8
8628,335,2025-12-21,18,2,18,1,25,13,8,2,0,1,1,5,9,1,2,3,3
8629,335,2025-12-21,19,2,18,1,23,7,0,2,1,0,2,4,7,1,2,1,1
8630,335,2025-12-21,20,2,18,1,31,4,6,3,1,1,1,1,3,0,1,0,0
8631,335,2025-12-21,21,2,18,1,23,18,7,2,1,0,2,5,9,1,2,1,1
8632,335,2025-12-21,22,2,18,1,30,11,11,2,2,1,2,2,6,0,1,1,2
8633,335,2025-12-21,23,2,18,1,20,12,3,1,1,0,2,2,6,1,2,1,1
8634,335,2025-12-21,25,2,18,1,11,5,2,3,0,0,0,1,2,0,1,0,0
8635,335,2025-12-21,28,2,18,1,8,5,1,2,0,0,0,1,2,0,0,1,1
8636,335,2025-12-21,30,2,18,1,14,5,0,2,1,0,2,1,2,0,0,1,1
8637,335,2025-12-21,256,18,2,0,30,17,6,10,2,1,4,4,9,1,3,2,2
8638,335,2025-12-21,257,18,2,0,35,30,4,4,2,0,2,7,14,1,4,5,6
8639,335,2025-12-21,258,18,2,0,24,15,6,4,1,0,0,3,7,1,2,1,2
8640,335,2025-12-21,259,18,2,0,30,5,5,4,1,0,1,3,5,1,2,1,1
8641,335,2025-12-21,260,18,2,0,22,8,4,2,1,0,2,3,7,0,1,1,2
8642,335,2025-12-21,261,18,2,0,18,8,2,2,1,0,2,2,6,0,1,1,1
8643,335,2025-12-21,262,18,2,0,33,13,7,2,0,0,2,4,8,0,1,1,1
8644,335,2025-12-21,263,18,2,0,31,10,3,4,1,0,3,3,8,0,1,1,2
8645,335,2025-12-21,264,18,2,0,12,4,2,1,0,0,1,1,2,0,1,1,1
8646,335,2025-12-21,265,18,2,0,8,4,2,0,1,0,1,1,2,0,0,0,0
8647,335,2025-12-21,266,18,2,0,6,5,2,2,0,0,0,1,2,0,1,1,1
8648,335,2025-12-21,267,18,2,0,11,6,2,0,1,0,1,1,3,0,1,1,1
8649,335,2025-12-21,268,18,2,0,16,5,4,2,1,0,1,3,6,0,1,1,1
8650,335,2025-12-21,269,18,2,0,11,8,3,2,0,0,0,3,5,0,1,1,2
8651,335,2025-12-21,270,18,2,0,11,3,0,2,1,0,0,2,5,1,2,0,0
8652,336,2025-12-21,1,1,30,1,41,12,0,6,1,1,2,3,7,0,1,1,2
8653,336,2025-12-21,2,1,30,1,33,25,4,4,1,0,2,5,13,2,5,2,3
8654,336,2025-12-21,3,1,30,1,22,11,3,0,1,0,2,3,6,1,3,2,3
8655,336,2025-12-21,4,1,30,1,31,6,1,2,0,0,2,1,3,0,1,0,0
8656,336,2025-12-21,5,1,30,1,28,6,0,1,1,0,0,3,7,1,3,1,1
8657,336,2025-12-21,6,1,30,1,29,7,1,3,0,0,2,3,6,1,2,1,1
8658,336,2025-12-21,7,1,30,1,21,10,4,3,1,0,1,3,5,1,2,1,2
8659,336,2025-12-21,8,1,30,1,23,5,8,3,1,0,0,2,4,0,1,1,1
8660,336,2025-12-21,9,1,30,1,13,4,3,1,1,0,0,3,6,1,3,1,1
8661,336,2025-12-21,10,1,30,1,14,1,4,1,1,0,1,0,1,0,0,0,0
8662,336,2025-12-21,11,1,30,1,23,5,3,0,1,0,0,2,4,0,1,1,1
8663,336,2025-12-21,13,1,30,1,15,4,3,1,1,0,1,1,2,0,0,1,1
8664,336,2025-12-21,14,1,30,1,20,4,3,0,1,0,1,2,5,0,1,1,1
8665,336,2025-12-21,15,1,30,1,10,4,2,3,0,0,1,3,6,1,2,0,0
8666,336,2025-12-21,436,30,1,0,33,14,9,8,2,1,2,4,11,1,3,2,2
8667,336,2025-12-21,437,30,1,0,37,8,7,2,1,1,3,2,6,0,1,2,2
8668,336,2025-12-21,438,30,1,0,28,8,4,2,1,1,1,3,5,1,2,1,1
8669,336,2025-12-21,439,30,1,0,28,8,3,4,1,0,2,5,8,1,3,2,2
8670,336,2025-12-21,440,30,1,0,23,9,4,5,0,0,0,3,6,1,3,1,2
8671,336,2025-12-21,441,30,1,0,33,11,3,3,1,0,1,4,9,1,2,1,1
8672,336,2025-12-21,442,30,1,0,23,10,3,2,2,1,1,4,8,1,3,2,2
8673,336,2025-12-21,443,30,1,0,22,6,6,4,1,0,2,3,6,0,1,0,0
8674,336,2025-12-21,444,30,1,0,7,3,4,0,1,0,1,2,4,0,1,0,0
8675,336,2025-12-21,446,30,1,0,9,4,1,3,0,1,1,1,2,0,1,0,0
8676,336,2025-12-21,449,30,1,0,14,1,2,1,0,0,0,2,4,0,1,0,0
8677,336,2025-12-21,450,30,1,0,15,2,1,1,1,0,1,0,1,0,0,0,0
8678,337,2025-12-22,226,16,25,1,24,16,8,11,1,1,2,6,12,1,2,1,1
8679,337,2025-12-22,227,16,25,1,30,20,6,7,1,1,4,7,13,1,2,3,4
8680,337,2025-12-22,228,16,25,1,23,11,4,3,1,1,2,2,6,1,2,2,2
8681,337,2025-12-22,229,16,25,1,22,14,3,2,0,1,2,5,10,1,3,1,1
8682,337,2025-12-22,230,16,25,1,24,12,2,2,1,0,0,4,8,1,2,2,3
8683,337,2025-12-22,231,16,25,1,27,8,7,2,0,0,1,3,7,1,2,1,1
8684,337,2025-12-22,232,16,25,1,24,3,5,3,1,1,2,2,5,1,2,1,1
8685,337,2025-12-22,233,16,25,1,34,13,6,0,1,0,1,3,7,1,2,2,3
8686,337,2025-12-22,235,16,25,1,11,5,5,0,0,0,0,2,3,0,1,1,1
8687,337,2025-12-22,238,16,25,1,7,5,1,1,1,0,1,1,2,0,1,1,1
8688,337,2025-12-22,239,16,25,1,16,4,2,1,0,0,0,1,2,0,1,1,1
8689,337,2025-12-22,240,16,25,1,17,5,3,1,1,1,2,2,4,0,1,1,1
8690,337,2025-12-22,361,25,16,0,45,21,10,8,1,0,2,6,14,1,3,1,2
8691,337,2025-12-22,362,25,16,0,33,26,7,3,1,0,2,6,14,0,1,2,2
8692,337,2025-12-22,363,25,16,0,24,12,5,3,1,1,1,4,9,1,2,1,1
8693,337,2025-12-22,364,25,16,0,21,12,4,4,1,0,3,4,9,1,4,1,1
8694,337,2025-12-22,365,25,16,0,26,7,4,2,0,1,1,3,7,0,1,1,1
8695,337,2025-12-22,366,25,16,0,28,12,7,2,1,0,1,3,7,0,1,3,3
8696,337,2025-12-22,367,25,16,0,20,17,3,4,1,1,3,6,12,1,2,2,2
8697,337,2025-12-22,368,25,16,0,22,9,3,3,0,1,1,2,5,0,1,1,1
8698,337,2025-12-22,369,25,16,0,6,1,4,2,0,0,1,1,3,0,1,0,0
8699,337,2025-12-22,370,25,16,0,18,6,2,1,1,0,0,3,7,0,1,1,1
8700,337,2025-12-22,371,25,16,0,13,2,3,1,1,0,0,2,4,0,1,0,0
8701,337,2025-12-22,372,25,16,0,12,7,2,1,0,0,1,3,6,0,1,0,0
8702,337,2025-12-22,375,25,16,0,8,5,1,1,1,0,1,1,2,0,1,1,1
8703,338,2025-12-22,91,7,9,1,35,10,7,4,2,1,3,2,5,0,1,1,1
8704,338,2025-12-22,92,7,9,1,35,24,5,2,2,0,4,5,11,1,2,4,4
8705,338,2025-12-22,93,7,9,1,33,8,5,4,1,1,2,2,5,1,2,2,2
8706,338,2025-12-22,94,7,9,1,27,6,8,1,1,0,2,3,7,0,1,1,1
8707,338,2025-12-22,95,7,9,1,32,10,0,2,1,0,1,4,9,1,4,2,2
8708,338,2025-12-22,96,7,9,1,23,7,5,5,1,1,1,3,5,0,1,1,1
8709,338,2025-12-22,97,7,9,1,22,9,7,3,1,0,2,2,4,0,1,1,1
8710,338,2025-12-22,98,7,9,1,18,7,1,4,0,1,1,3,6,0,1,1,1
8711,338,2025-12-22,99,7,9,1,8,1,2,1,1,0,0,1,1,0,0,0,0
8712,338,2025-12-22,100,7,9,1,11,3,3,1,0,0,1,0,1,0,0,1,1
8713,338,2025-12-22,103,7,9,1,21,4,2,1,0,0,0,2,5,1,2,0,0
8714,338,2025-12-22,121,9,7,0,29,14,6,6,1,0,4,4,8,1,2,1,1
8715,338,2025-12-22,122,9,7,0,33,10,5,10,1,1,1,4,9,1,3,1,2
8716,338,2025-12-22,123,9,7,0,26,11,4,1,0,0,2,5,8,1,2,1,2
8717,338,2025-12-22,124,9,7,0,22,12,5,1,1,1,1,5,9,1,2,1,1
8718,338,2025-12-22,125,9,7,0,31,5,5,3,0,0,1,3,6,0,1,1,1
8719,338,2025-12-22,126,9,7,0,29,9,3,1,1,1,1,3,6,1,2,1,1
8720,338,2025-12-22,127,9,7,0,17,10,2,1,1,0,2,3,6,0,1,1,1
8721,338,2025-12-22,128,9,7,0,28,9,6,2,1,1,1,2,4,0,1,1,2
8722,338,2025-12-22,129,9,7,0,4,5,3,1,0,0,0,1,2,0,1,0,0
8723,338,2025-12-22,130,9,7,0,16,6,4,0,0,0,1,4,7,1,3,1,1
8724,338,2025-12-22,131,9,7,0,18,3,3,1,0,0,0,1,3,0,1,0,0
8725,338,2025-12-22,132,9,7,0,14,2,3,1,0,0,2,3,5,0,1,0,0
8726,338,2025-12-22,133,9,7,0,14,5,2,2,1,0,0,2,4,1,2,1,1
8727,338,2025-12-22,134,9,7,0,11,2,1,1,1,0,1,1,2,0,0,0,0
8728,338,2025-12-22,135,9,7,0,5,6,3,1,0,0,1,3,6,1,2,1,1
8729,339,2025-12-22,346,24,23,1,27,22,10,7,1,1,5,6,14,1,2,2,2
8730,339,2025-12-22,347,24,23,1,31,19,7,5,2,0,4,4,10,1,2,3,4
8731,339,2025-12-22,348,24,23,1,23,2,0,1,0,0,1,0,1,0,0,0,0
8732,339,2025-12-22,349,24,23,1,27,3,3,0,1,1,1,2,4,1,2,1,1
8733,339,2025-12-22,350,24,23,1,25,7,2,2,1,1,1,2,3,0,1,1,1
8734,339,2025-12-22,351,24,23,1,23,8,2,2,1,0,1,3,6,1,3,0,0
8735,339,2025-12-22,352,24,23,1,34,6,0,2,1,0,1,2,6,1,2,1,1
8736,339,2025-12-22,353,24,23,1,21,4,1,0,2,0,3,1,2,0,0,1,1
8737,339,2025-12-22,356,24,23,1,7,3,3,0,1,0,1,2,4,1,2,0,0
8738,339,2025-12-22,357,24,23,1,15,2,1,0,0,0,1,2,4,1,2,0,0
8739,339,2025-12-22,360,24,23,1,11,3,0,3,1,0,1,2,5,1,2,0,0
8740,339,2025-12-22,331,23,24,0,37,17,7,9,2,0,2,4,8,1,3,3,4
8741,339,2025-12-22,332,23,24,0,31,12,1,6,1,1,4,5,9,1,3,2,2
8742,339,2025-12-22,333,23,24,0,15,3,0,1,0,0,1,1,2,0,0,0,0
8743,339,2025-12-22,334,23,24,0,26,11,4,2,0,0,2,3,5,1,2,1,1
8744,339,2025-12-22,335,23,24,0,26,11,8,3,1,1,2,5,9,1,3,1,1
8745,339,2025-12-22,336,23,24,0,17,9,6,0,1,1,1,2,4,0,1,1,1
8746,339,2025-12-22,337,23,24,0,28,7,5,0,0,0,3,2,5,1,2,1,1
8747,339,2025-12-22,338,23,24,0,25,11,8,1,1,1,0,4,8,1,3,1,1
8748,339,2025-12-22,340,23,24,0,10,3,1,2,1,0,1,0,1,0,0,0,0
8749,339,2025-12-22,341,23,24,0,10,7,2,0,0,0,2,3,5,0,1,1,1
8750,339,2025-12-22,342,23,24,0,10,1,3,1,1,0,1,0,1,0,0,0,0
8751,339,2025-12-22,344,23,24,0,13,4,1,2,1,0,1,3,5,0,1,1,1
8752,340,2025-12-22,376,26,14,1,39,16,6,0,2,1,3,4,9,0,1,3,3
8753,340,2025-12-22,377,26,14,1,33,19,14,3,3,1,3,5,10,0,1,2,3
8754,340,2025-12-22,378,26,14,1,30,2,4,3,1,0,2,2,4,1,2,0,0
8755,340,2025-12-22,379,26,14,1,28,9,5,1,0,0,1,3,8,1,3,2,2
8756,340,2025-12-22,380,26,14,1,23,12,6,3,0,0,1,3,7,1,3,2,2
8757,340,2025-12-22,381,26,14,1,25,10,3,3,0,0,1,2,5,0,1,1,1
8758,340,2025-12-22,382,26,14,1,21,3,6,2,1,0,1,2,4,0,1,0,0
8759,340,2025-12-22,383,26,14,1,22,7,3,2,1,0,2,3,7,0,1,1,1
8760,340,2025-12-22,384,26,14,1,10,4,0,0,0,0,1,2,4,0,1,0,0
8761,340,2025-12-22,386,26,14,1,12,4,4,1,1,0,0,2,6,1,2,1,1
8762,340,2025-12-22,388,26,14,1,13,8,1,2,0,0,1,3,5,1,2,1,2
8763,340,2025-12-22,389,26,14,1,16,8,2,1,1,0,0,2,5,0,1,1,1
8764,340,2025-12-22,390,26,14,1,19,4,1,1,0,0,1,3,6,1,2,1,1
8765,340,2025-12-22,196,14,26,0,39,18,6,3,1,0,3,6,12,1,3,1,2
8766,340,2025-12-22,197,14,26,0,34,19,6,3,1,1,2,5,12,2,5,2,2
8767,340,2025-12-22,198,14,26,0,26,12,3,1,1,1,1,4,9,0,1,1,1
8768,340,2025-12-22,199,14,26,0,28,6,7,2,0,1,1,2,4,1,2,1,1
8769,340,2025-12-22,200,14,26,0,29,10,1,2,1,1,3,4,8,1,2,2,2
8770,340,2025-12-22,201,14,26,0,28,5,9,2,1,0,2,2,5,0,1,1,1
8771,340,2025-12-22,202,14,26,0,29,7,6,1,1,1,1,2,5,0,1,1,1
8772,340,2025-12-22,203,14,26,0,30,7,0,0,0,1,1,2,5,0,1,1,1
8773,340,2025-12-22,205,14,26,0,8,2,1,1,1,0,0,0,1,0,0,0,0
8774,340,2025-12-22,206,14,26,0,4,3,3,2,0,0,1,0,1,0,0,1,1
8775,340,2025-12-22,207,14,26,0,12,2,1,1,1,1,1,1,1,0,0,0,0
8776,340,2025-12-22,208,14,26,0,17,2,3,0,1,0,0,2,5,0,1,0,0
8777,340,2025-12-22,210,14,26,0,13,5,2,1,0,0,0,3,6,1,2,0,0
8778,341,2025-12-22,151,11,29,1,31,15,1,5,1,1,2,3,8,0,1,1,2
8779,341,2025-12-22,152,11,29,1,34,21,6,4,2,1,4,5,10,1,3,1,2
8780,341,2025-12-22,153,11,29,1,17,11,2,1,1,0,2,3,5,0,1,1,1
8781,341,2025-12-22,154,11,29,1,22,11,3,4,0,0,0,4,9,1,4,1,1
8782,341,2025-12-22,155,11,29,1,17,9,5,4,2,1,2,3,6,1,2,1,1
8783,341,2025-12-22,156,11,29,1,26,10,5,3,0,0,2,4,8,0,1,1,2
8784,341,2025-12-22,157,11,29,1,21,11,3,2,0,0,1,3,6,1,2,2,3
8785,341,2025-12-22,158,11,29,1,21,17,4,3,1,0,2,5,10,1,2,2,3
8786,341,2025-12-22,159,11,29,1,4,4,2,2,0,0,0,3,5,0,1,1,1
8787,341,2025-12-22,160,11,29,1,20,7,3,1,1,0,1,2,4,0,1,1,1
8788,341,2025-12-22,161,11,29,1,16,2,3,2,1,0,0,1,3,0,1,0,0
8789,341,2025-12-22,163,11,29,1,14,7,4,0,0,1,1,2,5,1,2,2,2
8790,341,2025-12-22,164,11,29,1,17,5,1,1,1,0,0,3,5,0,1,1,1
8791,341,2025-12-22,165,11,29,1,11,1,1,2,0,0,1,0,1,0,0,0,0
8792,341,2025-12-22,421,29,11,0,34,26,9,3,1,1,2,9,16,1,2,3,3
8793,341,2025-12-22,422,29,11,0,31,14,6,2,1,1,4,4,7,0,1,2,2
8794,341,2025-12-22,423,29,11,0,17,11,6,2,1,0,1,3,6,1,2,2,2
8795,341,2025-12-22,424,29,11,0,26,14,5,4,2,0,1,4,7,1,2,2,2
8796,341,2025-12-22,425,29,11,0,31,9,8,2,1,0,2,2,5,0,1,2,2
8797,341,2025-12-22,426,29,11,0,27,9,6,2,1,1,1,3,7,0,1,2,2
8798,341,2025-12-22,427,29,11,0,22,8,4,0,0,0,1,3,5,0,1,1,1
8799,341,2025-12-22,428,29,11,0,23,13,4,3,0,1,2,5,9,1,3,2,3
8800,341,2025-12-22,429,29,11,0,10,6,1,1,0,0,1,3,6,0,1,0,0
8801,341,2025-12-22,432,29,11,0,18,4,4,1,1,0,1,1,2,0,1,1,1
8802,341,2025-12-22,433,29,11,0,19,4,1,2,1,0,1,2,4,0,1,0,0
8803,341,2025-12-22,435,29,11,0,9,5,1,0,0,0,1,3,6,1,2,1,1
8804,342,2025-12-22,406,28,21,1,30,17,8,8,1,0,6,6,12,1,3,1,2
8805,342,2025-12-22,407,28,21,1,33,19,12,2,1,1,3,6,12,1,2,2,3
8806,342,2025-12-22,408,28,21,1,22,8,2,1,1,0,2,4,8,1,2,2,2
8807,342,2025-12-22,409,28,21,1,30,8,3,4,1,1,2,2,4,0,1,1,1
8808,342,2025-12-22,410,28,21,1,24,6,3,3,0,0,2,1,3,0,1,1,1
8809,342,2025-12-22,411,28,21,1,15,10,4,4,1,1,2,2,6,0,1,1,2
8810,342,2025-12-22,412,28,21,1,21,7,9,3,1,0,2,3,7,1,3,2,2
8811,342,2025-12-22,413,28,21,1,23,13,4,3,1,0,2,3,8,1,2,2,2
8812,342,2025-12-22,414,28,21,1,6,6,0,2,0,0,0,2,4,1,2,1,1
8813,342,2025-12-22,415,28,21,1,18,3,3,2,0,1,1,0,1,0,0,1,1
8814,342,2025-12-22,416,28,21,1,12,4,1,0,0,0,1,2,5,0,1,1,1
8815,342,2025-12-22,418,28,21,1,12,4,2,2,0,0,1,2,5,1,2,0,0
8816,342,2025-12-22,419,28,21,1,4,4,3,1,1,0,0,2,4,0,1,0,0
8817,342,2025-12-22,301,21,28,0,35,25,7,6,1,0,1,9,16,2,4,3,4
8818,342,2025-12-22,302,21,28,0,40,27,5,2,1,1,4,7,17,2,7,2,2
8819,342,2025-12-22,303,21,28,0,24,10,5,1,1,1,1,2,5,1,2,2,2
8820,342,2025-12-22,304,21,28,0,28,14,3,1,1,0,0,5,9,0,1,2,3
8821,342,2025-12-22,305,21,28,0,29,8,4,0,1,0,0,4,8,0,1,1,1
8822,342,2025-12-22,306,21,28,0,29,11,2,6,2,0,1,3,7,1,2,1,2
8823,342,2025-12-22,307,21,28,0,27,10,7,3,0,0,2,4,9,1,2,1,1
8824,342,2025-12-22,308,21,28,0,23,9,1,3,1,1,2,3,7,1,3,1,1
8825,342,2025-12-22,310,21,28,0,12,1,0,1,0,0,1,2,3,0,1,0,0
8826,342,2025-12-22,312,21,28,0,18,5,1,1,1,0,0,1,2,0,0,1,1
8827,342,2025-12-22,314,21,28,0,19,1,3,0,1,1,0,2,3,0,1,0,0
8828,343,2025-12-23,46,4,6,1,38,24,5,4,2,0,3,7,13,1,4,2,2
8829,343,2025-12-23,47,4,6,1,31,21,2,4,1,1,3,5,11,1,3,2,3
8830,343,2025-12-23,48,4,6,1,23,9,5,2,1,0,1,2,5,1,2,2,2
8831,343,2025-12-23,49,4,6,1,26,11,4,1,1,0,1,4,8,1,2,2,2
8832,343,2025-12-23,50,4,6,1,32,4,5,3,1,1,2,3,6,0,1,1,1
8833,343,2025-12-23,51,4,6,1,23,5,4,2,1,1,2,2,5,1,2,0,0
8834,343,2025-12-23,52,4,6,1,25,9,4,1,1,0,0,4,7,1,3,1,1
8835,343,2025-12-23,53,4,6,1,27,9,3,3,0,0,0,4,7,1,3,1,1
8836,343,2025-12-23,54,4,6,1,5,5,2,1,1,0,1,2,4,0,1,1,1
8837,343,2025-12-23,55,4,6,1,12,4,1,2,1,0,1,3,6,0,1,1,1
8838,343,2025-12-23,57,4,6,1,12,0,3,2,1,0,2,0,1,0,0,0,0
8839,343,2025-12-23,58,4,6,1,15,4,3,1,0,0,0,2,4,1,2,0,0
8840,343,2025-12-23,76,6,4,0,31,13,0,7,2,1,4,4,10,1,3,1,1
8841,343,2025-12-23,77,6,4,0,34,15,10,2,2,0,2,4,8,0,1,1,1
8842,343,2025-12-23,78,6,4,0,18,11,7,2,1,1,2,4,9,1,3,2,3
8843,343,2025-12-23,79,6,4,0,29,13,5,2,1,1,3,4,7,1,2,1,1
8844,343,2025-12-23,80,6,4,0,26,11,6,0,0,0,1,3,6,1,2,1,2
8845,343,2025-12-23,81,6,4,0,17,10,3,5,0,0,2,3,6,1,2,1,1
8846,343,2025-12-23,82,6,4,0,26,10,6,4,1,0,2,4,8,1,2,1,2
8847,343,2025-12-23,83,6,4,0,32,8,2,1,1,0,3,3,6,1,2,2,2
8848,343,2025-12-23,85,6,4,0,10,5,2,3,0,0,1,2,3,0,1,1,1
8849,343,2025-12-23,87,6,4,0,4,0,1,0,1,0,0,0,1,0,0,0,0
8850,343,2025-12-23,88,6,4,0,15,3,0,2,1,0,0,2,4,0,1,0,0
8851,343,2025-12-23,89,6,4,0,5,1,2,3,1,0,0,1,2,0,0,0,0
8852,343,2025-12-23,90,6,4,0,4,3,3,0,0,0,0,1,3,0,1,0,0
8853,344,2025-12-23,241,17,10,1,32,22,2,0,2,0,2,7,13,1,3,3,4
8854,344,2025-12-23,242,17,10,1,41,17,7,1,1,0,2,4,10,1,2,1,2
8855,344,2025-12-23,243,17,10,1,22,7,6,3,0,0,2,2,4,1,2,1,1
8856,344,2025-12-23,244,17,10,1,21,7,4,4,1,0,2,3,7,1,3,1,1
8857,344,2025-12-23,245,17,10,1,20,6,0,2,0,0,2,3,6,0,1,1,1
8858,344,2025-12-23,246,17,10,1,30,8,5,3,1,0,1,3,5,0,1,0,0
8859,344,2025-12-23,247,17,10,1,29,7,1,0,1,0,1,3,7,0,1,1,1
8860,344,2025-12-23,248,17,10,1,14,10,1,2,1,0,1,3,5,1,2,2,2
8861,344,2025-12-23,249,17,10,1,13,3,1,0,0,0,1,2,4,0,1,0,0
8862,344,2025-12-23,250,17,10,1,8,4,2,1,1,0,1,2,3,0,1,0,0
8863,344,2025-12-23,252,17,10,1,4,4,3,1,0,0,1,2,5,0,1,0,0
8864,344,2025-12-23,253,17,10,1,12,6,0,1,1,0,1,2,4,1,2,0,0
8865,344,2025-12-23,254,17,10,1,13,2,2,0,1,0,0,3,5,1,2,0,0
8866,344,2025-12-23,255,17,10,1,4,3,0,0,0,0,1,0,1,0,0,0,0
8867,344,2025-12-23,136,10,17,0,39,15,9,3,1,1,3,3,8,1,3,2,3
8868,344,2025-12-23,137,10,17,0,33,19,4,5,1,0,3,5,10,1,3,1,1
8869,344,2025-12-23,138,10,17,0,19,10,5,2,1,1,0,3,7,1,2,1,1
8870,344,2025-12-23,139,10,17,0,21,9,4,4,1,1,1,2,5,1,2,1,1
8871,344,2025-12-23,140,10,17,0,26,12,3,4,0,0,1,2,6,1,2,1,1
8872,344,2025-12-23,141,10,17,0,28,12,6,2,0,1,1,3,7,1,3,1,1
8873,344,2025-12-23,142,10,17,0,22,11,9,0,1,1,1,3,6,1,2,1,2
8874,344,2025-12-23,143,10,17,0,14,8,6,0,0,0,3,2,4,0,1,2,2
8875,344,2025-12-23,146,10,17,0,17,7,4,2,0,0,0,3,6,1,2,1,2
8876,344,2025-12-23,147,10,17,0,14,0,5,2,1,0,0,1,2,0,1,0,0
8877,344,2025-12-23,148,10,17,0,22,5,2,3,0,0,1,1,2,0,1,1,1
8878,344,2025-12-23,149,10,17,0,11,2,2,1,0,0,1,2,5,0,1,0,0
8879,344,2025-12-23,150,10,17,0,7,3,1,0,0,0,1,1,2,0,1,1,1
8880,345,2025-12-23,391,27,3,1,29,15,4,9,2,1,3,3,7,1,2,2,3
8881,345,2025-12-23,392,27,3,1,31,21,10,7,0,1,3,4,11,1,4,3,5
8882,345,2025-12-23,393,27,3,1,25,11,8,4,0,0,1,4,9,1,3,2,3
8883,345,2025-12-23,394,27,3,1,19,15,3,0,0,1,2,3,7,1,2,2,2
8884,345,2025-12-23,395,27,3,1,24,15,3,4,1,0,1,6,11,1,2,2,3
8885,345,2025-12-23,396,27,3,1,19,4,6,1,1,1,0,2,4,1,2,0,0
8886,345,2025-12-23,397,27,3,1,26,15,5,0,1,0,2,5,9,1,3,2,3
8887,345,2025-12-23,398,27,3,1,21,14,2,1,0,0,2,4,9,1,3,1,2
8888,345,2025-12-23,399,27,3,1,14,7,3,2,0,0,0,4,7,1,2,1,1
8889,345,2025-12-23,400,27,3,1,12,0,3,1,0,0,0,1,1,0,0,0,0
8890,345,2025-12-23,401,27,3,1,16,1,2,0,0,0,1,0,1,0,0,0,0
8891,345,2025-12-23,402,27,3,1,6,5,2,3,1,0,0,2,4,0,1,1,1
8892,345,2025-12-23,403,27,3,1,11,4,0,2,1,1,0,3,5,0,1,0,0
8893,345,2025-12-23,404,27,3,1,6,8,1,0,0,0,0,3,8,1,3,1,1
8894,345,2025-12-23,405,27,3,1,9,4,2,2,0,0,0,2,3,0,1,1,1
8895,345,2025-12-23,31,3,27,0,36,8,1,1,1,0,3,4,7,1,3,1,1
8896,345,2025-12-23,32,3,27,0,32,12,5,0,1,1,4,3,7,0,1,2,3
8897,345,2025-12-23,33,3,27,0,27,11,5,2,1,1,1,5,9,1,2,2,3
8898,345,2025-12-23,34,3,27,0,34,11,0,3,1,1,2,3,7,0,1,2,2
8899,345,2025-12-23,35,3,27,0,17,5,3,3,1,0,3,1,2,0,0,0,0
8900,345,2025-12-23,36,3,27,0,17,1,6,0,1,0,2,1,2,0,0,0,0
8901,345,2025-12-23,37,3,27,0,24,8,4,0,1,0,2,3,7,1,3,1,1
8902,345,2025-12-23,38,3,27,0,20,10,0,2,1,1,0,4,8,1,2,1,1
8903,345,2025-12-23,39,3,27,0,20,3,1,1,0,0,1,1,2,0,1,1,1
8904,345,2025-12-23,40,3,27,0,9,3,2,0,0,0,1,1,1,0,0,1,1
8905,345,2025-12-23,45,3,27,0,16,3,3,1,0,0,1,2,4,0,0,0,0
8906,346,2025-12-23,301,21,30,1,31,17,5,7,1,1,2,5,9,1,2,3,4
8907,346,2025-12-23,302,21,30,1,31,15,7,6,1,0,3,4,7,1,2,1,1
8908,346,2025-12-23,303,21,30,1,23,11,2,0,1,1,0,3,7,1,2,2,3
8909,346,2025-12-23,304,21,30,1,26,10,3,3,2,0,1,2,5,1,2,1,1
8910,346,2025-12-23,305,21,30,1,13,13,2,1,0,0,3,2,6,1,2,1,1
8911,346,2025-12-23,306,21,30,1,22,13,4,2,1,1,2,3,6,1,2,1,1
8912,346,2025-12-23,307,21,30,1,22,8,2,4,1,0,1,2,4,0,0,1,1
8913,346,2025-12-23,308,21,30,1,31,12,4,2,1,1,1,4,9,1,2,2,2
8914,346,2025-12-23,309,21,30,1,17,2,2,1,0,0,1,2,5,0,1,0,0
8915,346,2025-12-23,310,21,30,1,17,3,3,0,0,0,1,1,2,0,1,1,1
8916,346,2025-12-23,311,21,30,1,20,4,0,1,0,1,1,2,5,0,1,1,1
8917,346,2025-12-23,312,21,30,1,17,3,1,1,1,0,0,1,1,0,0,1,1
8918,346,2025-12-23,315,21,30,1,12,3,4,1,1,0,0,1,2,0,1,1,1
8919,346,2025-12-23,436,30,21,0,33,23,7,6,1,1,1,8,13,1,2,2,3
8920,346,2025-12-23,437,30,21,0,32,19,7,7,1,1,2,7,12,2,5,3,3
8921,346,2025-12-23,438,30,21,0,29,9,3,1,0,0,1,3,6,1,2,1,1
8922,346,2025-12-23,439,30,21,0,32,7,5,0,1,1,2,2,4,0,0,2,2
8923,346,2025-12-23,440,30,21,0,17,10,2,3,1,1,1,3,7,1,3,2,2
8924,346,2025-12-23,441,30,21,0,21,6,3,1,1,0,0,2,5,1,2,1,1
8925,346,2025-12-23,442,30,21,0,21,6,6,2,1,0,2,1,3,0,0,0,0
8926,346,2025-12-23,443,30,21,0,22,9,2,2,2,1,1,4,7,0,1,2,2
8927,346,2025-12-23,444,30,21,0,5,5,0,0,1,0,1,2,4,0,1,1,1
8928,346,2025-12-23,445,30,21,0,17,6,1,1,0,0,1,2,4,0,1,1,1
8929,346,2025-12-23,446,30,21,0,6,3,3,1,1,0,1,0,1,0,0,1,1
8930,346,2025-12-23,448,30,21,0,9,4,1,2,1,0,0,1,3,0,0,0,0
8931,346,2025-12-23,450,30,21,0,17,4,2,0,0,0,1,1,3,0,1,0,0
8932,347,2025-12-23,391,27,18,1,44,17,6,8,1,0,1,5,9,0,1,1,1
8933,347,2025-12-23,392,27,18,1,35,27,2,4,0,1,2,6,17,1,5,4,5
8934,347,2025-12-23,393,27,18,1,27,18,9,1,1,0,2,5,12,1,4,1,1
8935,347,2025-12-23,394,27,18,1,19,16,5,5,0,0,1,5,10,1,4,4,4
8936,347,2025-12-23,395,27,18,1,22,13,4,3,1,1,0,3,8,1,3,2,2
8937,347,2025-12-23,396,27,18,1,29,5,2,1,1,1,1,2,4,1,2,0,0
8938,347,2025-12-23,397,27,18,1,26,9,2,1,1,0,1,2,5,1,2,2,2
8939,347,2025-12-23,398,27,18,1,23,5,2,5,1,0,1,2,4,0,1,1,1
8940,347,2025-12-23,399,27,18,1,16,3,3,0,0,0,0,1,3,0,1,1,1
8941,347,2025-12-23,400,27,18,1,9,5,2,0,1,0,1,1,2,0,1,0,0
8942,347,2025-12-23,401,27,18,1,11,8,5,0,1,0,0,3,7,0,1,1,1
8943,347,2025-12-23,402,27,18,1,7,2,2,1,0,0,1,0,1,0,0,0,0
8944,347,2025-12-23,256,18,27,0,31,20,8,7,2,1,4,5,12,1,3,1,1
8945,347,2025-12-23,257,18,27,0,31,10,4,2,1,1,2,2,5,1,2,1,2
8946,347,2025-12-23,258,18,27,0,18,4,0,0,1,1,2,1,2,0,1,1,1
8947,347,2025-12-23,259,18,27,0,27,13,3,1,2,0,2,4,9,1,3,2,3
8948,347,2025-12-23,260,18,27,0,20,8,3,2,1,0,1,3,5,0,1,1,1
8949,347,2025-12-23,261,18,27,0,23,10,5,3,1,0,1,3,7,1,2,1,1
8950,347,2025-12-23,262,18,27,0,30,7,0,3,1,0,1,3,7,1,3,1,1
8951,347,2025-12-23,263,18,27,0,28,5,2,2,1,0,3,3,6,1,2,1,1
8952,347,2025-12-23,264,18,27,0,5,4,1,2,1,0,0,2,3,0,1,1,1
8953,347,2025-12-23,265,18,27,0,16,2,4,1,1,0,0,0,1,0,0,0,0
8954,347,2025-12-23,266,18,27,0,4,3,3,0,0,1,0,1,1,0,0,0,0
8955,347,2025-12-23,268,18,27,0,11,6,4,1,1,0,1,3,7,1,3,1,1
8956,347,2025-12-23,269,18,27,0,9,2,1,2,1,0,1,1,1,0,0,0,0
8957,347,2025-12-23,270,18,27,0,12,3,1,3,1,0,1,2,4,0,1,0,0
8958,348,2025-12-23,106,8,2,1,28,29,12,6,1,1,3,8,18,2,6,5,7
8959,348,2025-12-23,107,8,2,1,38,27,4,7,1,1,3,8,14,2,6,3,4
8960,348,2025-12-23,108,8,2,1,23,4,0,3,0,1,2,2,5,0,1,0,0
8961,348,2025-12-23,109,8,2,1,30,8,1,0,1,0,1,4,8,1,3,1,1
8962,348,2025-12-23,110,8,2,1,27,12,5,2,0,0,1,3,6,1,2,1,1
8963,348,2025-12-23,111,8,2,1,14,2,2,3,1,0,2,0,1,0,0,0,0
8964,348,2025-12-23,112,8,2,1,20,5,3,0,1,1,1,3,6,1,2,1,1
8965,348,2025-12-23,113,8,2,1,33,3,3,3,0,1,1,1,3,0,1,1,1
8966,348,2025-12-23,114,8,2,1,17,6,2,2,1,0,0,2,4,0,1,1,1
8967,348,2025-12-23,115,8,2,1,11,9,1,0,0,0,1,3,7,0,1,1,1
8968,348,2025-12-23,116,8,2,1,10,3,2,0,1,1,1,2,3,0,1,0,0
8969,348,2025-12-23,118,8,2,1,17,2,2,2,0,1,1,2,4,0,1,0,0
8970,348,2025-12-23,119,8,2,1,11,6,0,3,0,0,1,3,5,0,1,1,1
8971,348,2025-12-23,120,8,2,1,9,2,0,3,0,0,0,1,1,0,0,0,0
8972,348,2025-12-23,16,2,8,0,32,21,0,1,1,1,3,4,11,1,4,2,2
8973,348,2025-12-23,17,2,8,0,34,14,1,1,2,1,2,4,11,1,3,2,3
8974,348,2025-12-23,18,2,8,0,21,11,2,1,0,1,1,5,9,1,2,1,1
8975,348,2025-12-23,19,2,8,0,27,8,5,0,1,0,1,2,4,0,0,1,1
8976,348,2025-12-23,20,2,8,0,33,11,3,4,1,1,2,2,5,0,1,2,2
8977,348,2025-12-23,21,2,8,0,20,5,1,2,0,0,2,3,5,0,1,1,1
8978,348,2025-12-23,22,2,8,0,21,10,4,2,1,0,2,3,5,1,2,1,1
8979,348,2025-12-23,23,2,8,0,20,3,6,2,1,0,2,2,4,1,2,1,1
8980,348,2025-12-23,24,2,8,0,9,6,1,0,1,0,1,4,7,1,2,1,1
8981,348,2025-12-23,26,2,8,0,16,2,2,1,1,0,1,2,4,1,2,0,0
8982,348,2025-12-23,28,2,8,0,12,6,4,2,0,0,0,3,6,0,1,0,0
8983,348,2025-12-23,29,2,8,0,15,4,0,2,0,0,0,2,5,0,1,1,1
8984,349,2025-12-24,121,9,29,1,34,24,6,7,2,1,2,8,15,1,4,5,6
8985,349,2025-12-24,122,9,29,1,37,17,4,3,1,1,0,7,12,1,2,1,2
8986,349,2025-12-24,123,9,29,1,28,12,7,1,1,0,0,4,8,1,3,1,1
8987,349,2025-12-24,124,9,29,1,26,13,6,2,1,0,1,4,9,1,2,1,2
8988,349,2025-12-24,125,9,29,1,27,6,8,3,1,1,1,2,6,0,1,1,1
8989,349,2025-12-24,126,9,29,1,22,10,7,3,1,0,2,5,8,1,2,1,1
8990,349,2025-12-24,127,9,29,1,19,5,3,3,1,1,1,1,3,0,1,0,0
8991,349,2025-12-24,128,9,29,1,29,18,5,4,1,0,0,6,11,2,4,2,2
8992,349,2025-12-24,129,9,29,1,6,3,4,0,1,0,0,1,2,0,0,0,0
8993,349,2025-12-24,130,9,29,1,7,3,3,2,1,1,1,2,3,0,1,0,0
8994,349,2025-12-24,132,9,29,1,11,2,2,2,0,0,1,1,1,0,0,0,0
8995,349,2025-12-24,133,9,29,1,14,5,0,2,0,0,1,3,5,1,2,0,0
8996,349,2025-12-24,135,9,29,1,11,4,3,1,1,0,1,1,2,0,1,1,1
8997,349,2025-12-24,421,29,9,0,36,27,10,0,2,0,4,6,14,1,2,3,4
8998,349,2025-12-24,422,29,9,0,27,20,5,10,1,0,3,5,11,1,2,2,3
8999,349,2025-12-24,423,29,9,0,17,12,4,1,1,0,1,3,8,0,1,1,2
9000,349,2025-12-24,424,29,9,0,25,4,6,1,1,0,2,1,3,0,1,1,1
9001,349,2025-12-24,425,29,9,0,23,1,4,2,1,1,1,2,4,0,1,0,0
9002,349,2025-12-24,426,29,9,0,32,3,5,4,0,0,1,1,1,0,0,0,0
9003,349,2025-12-24,427,29,9,0,31,7,4,4,1,0,2,3,5,0,1,0,0
9004,349,2025-12-24,428,29,9,0,13,7,6,0,0,1,1,1,3,0,1,1,1
9005,349,2025-12-24,429,29,9,0,11,0,3,0,1,0,1,2,4,1,2,0,0
9006,349,2025-12-24,430,29,9,0,9,5,4,0,1,0,1,1,2,0,1,1,1
9007,349,2025-12-24,431,29,9,0,15,2,2,0,0,0,1,2,4,1,2,0,0
9008,349,2025-12-24,433,29,9,0,15,3,3,1,1,0,0,2,5,1,2,1,1
9009,349,2025-12-24,434,29,9,0,14,7,0,1,0,0,0,1,3,0,1,1,1
9010,349,2025-12-24,435,29,9,0,10,1,3,0,1,1,0,0,1,0,0,0,0
9011,350,2025-12-24,166,12,19,1,37,19,4,9,0,0,2,5,9,1,2,1,2
9012,350,2025-12-24,167,12,19,1,28,20,10,8,1,1,4,7,13,1,2,1,1
9013,350,2025-12-24,168,12,19,1,22,14,1,4,0,1,1,3,7,0,1,2,2
9014,350,2025-12-24,169,12,19,1,31,16,3,3,1,0,2,7,12,2,5,3,4
9015,350,2025-12-24,170,12,19,1,28,5,5,2,1,1,2,2,3,0,1,1,1
9016,350,2025-12-24,171,12,19,1,13,10,4,0,0,0,1,3,6,1,2,2,2
9017,350,2025-12-24,172,12,19,1,17,12,5,4,1,0,1,3,7,0,1,1,1
9018,350,2025-12-24,173,12,19,1,14,15,6,0,1,1,3,6,10,1,2,2,3
9019,350,2025-12-24,174,12,19,1,13,3,1,0,0,0,1,2,5,1,2,0,0
9020,350,2025-12-24,175,12,19,1,18,4,5,1,0,1,1,3,5,0,1,1,1
9021,350,2025-12-24,176,12,19,1,12,5,2,2,0,0,1,2,5,0,1,0,0
9022,350,2025-12-24,177,12,19,1,12,2,2,1,1,0,0,0,1,0,0,0,0
9023,350,2025-12-24,178,12,19,1,4,6,0,0,1,0,0,2,4,0,1,1,1
9024,350,2025-12-24,180,12,19,1,9,5,3,1,0,1,1,2,6,1,2,1,1
9025,350,2025-12-24,271,19,12,0,34,19,10,6,1,1,1,4,9,0,1,2,2
9026,350,2025-12-24,272,19,12,0,32,12,3,7,1,1,2,4,7,1,3,2,2
9027,350,2025-12-24,273,19,12,0,34,12,7,3,0,0,2,3,6,0,1,3,3
9028,350,2025-12-24,274,19,12,0,10,10,6,0,1,0,3,2,6,1,2,2,2
9029,350,2025-12-24,275,19,12,0,19,16,4,2,1,1,2,4,8,1,2,2,3
9030,350,2025-12-24,276,19,12,0,22,7,3,0,2,0,2,3,6,0,1,2,2
9031,350,2025-12-24,277,19,12,0,27,11,0,1,1,1,1,4,9,1,3,3,3
9032,350,2025-12-24,278,19,12,0,19,14,8,5,1,0,3,4,8,1,2,2,3
9033,350,2025-12-24,279,19,12,0,7,5,2,2,1,1,1,3,6,1,2,1,1
9034,350,2025-12-24,280,19,12,0,10,5,2,0,0,0,0,2,4,0,1,1,1
9035,350,2025-12-24,282,19,12,0,6,4,3,2,0,0,1,2,4,1,2,1,1
9036,350,2025-12-24,283,19,12,0,4,4,3,1,0,0,0,1,2,0,0,1,1
9037,350,2025-12-24,284,19,12,0,9,6,2,3,0,0,0,3,7,1,2,1,1
9038,350,2025-12-24,285,19,12,0,9,9,0,2,1,0,1,3,5,0,1,1,2
9039,351,2025-12-24,316,22,11,1,43,22,5,4,1,0,3,6,14,1,4,4,5
9040,351,2025-12-24,317,22,11,1,33,27,4,9,1,1,3,8,15,1,2,3,3
9041,351,2025-12-24,318,22,11,1,19,7,0,2,0,0,1,3,7,0,1,1,1
9042,351,2025-12-24,319,22,11,1,25,4,7,3,1,1,1,1,2,0,0,0,0
9043,351,2025-12-24,320,22,11,1,20,12,5,1,1,0,0,5,9,1,2,2,3
9044,351,2025-12-24,321,22,11,1,26,9,7,2,1,0,3,3,6,0,1,1,2
9045,351,2025-12-24,322,22,11,1,32,6,7,2,1,1,0,2,4,1,2,1,1
9046,351,2025-12-24,323,22,11,1,28,14,4,4,1,0,0,3,7,1,2,1,2
9047,351,2025-12-24,327,22,11,1,8,3,2,2,0,0,1,1,2,0,0,0,0
9048,351,2025-12-24,330,22,11,1,12,6,0,0,1,1,1,3,6,1,2,1,1
9049,351,2025-12-24,151,11,22,0,33,22,6,6,2,1,2,5,14,2,6,3,4
9050,351,2025-12-24,152,11,22,0,29,20,5,1,1,0,3,5,11,1,3,1,1
9051,351,2025-12-24,153,11,22,0,23,7,8,6,1,1,2,3,5,0,1,1,1
9052,351,2025-12-24,154,11,22,0,21,3,0,2,1,0,2,2,4,0,1,0,0
9053,351,2025-12-24,155,11,22,0,22,9,7,2,0,0,2,2,4,0,0,2,2
9054,351,2025-12-24,156,11,22,0,31,9,0,3,0,1,3,3,7,1,2,2,2
9055,351,2025-12-24,157,11,22,0,24,7,4,5,1,0,2,2,4,0,1,1,2
9056,351,2025-12-24,158,11,22,0,34,6,6,2,1,1,1,2,4,0,1,1,1
9057,351,2025-12-24,159,11,22,0,13,6,0,1,0,0,1,2,3,0,1,0,0
9058,351,2025-12-24,160,11,22,0,6,4,3,1,1,1,1,2,5,0,1,1,1
9059,351,2025-12-24,161,11,22,0,20,5,3,0,1,0,2,2,5,0,1,1,1
9060,351,2025-12-24,163,11,22,0,16,6,1,1,0,0,0,2,4,0,1,1,1
9061,351,2025-12-24,164,11,22,0,6,3,2,1,1,0,0,1,1,0,0,0,0
9062,351,2025-12-24,165,11,22,0,11,6,1,0,0,0,0,4,7,1,2,1,1
9063,352,2025-12-24,91,7,13,1,38,22,4,2,1,0,4,5,12,1,2,4,5
9064,352,2025-12-24,92,7,13,1,40,33,4,7,0,0,3,7,17,2,6,2,2
9065,352,2025-12-24,93,7,13,1,30,10,5,3,0,0,1,3,9,1,3,1,1
9066,352,2025-12-24,94,7,13,1,24,6,0,2,1,0,2,1,3,0,0,1,1
9067,352,2025-12-24,95,7,13,1,23,9,5,4,0,0,1,2,4,0,0,1,1
9068,352,2025-12-24,96,7,13,1,22,8,5,3,1,0,1,2,4,0,1,1,1
9069,352,2025-12-24,97,7,13,1,24,5,2,5,1,0,3,1,2,0,0,1,1
9070,352,2025-12-24,98,7,13,1,28,9,3,0,0,0,2,2,6,1,2,0,0
9071,352,2025-12-24,100,7,13,1,18,4,1,1,1,0,0,3,5,0,1,0,0
9072,352,2025-12-24,102,7,13,1,14,5,3,0,1,0,1,1,3,0,1,0,0
9073,352,2025-12-24,104,7,13,1,24,4,0,1,1,0,1,2,5,1,2,1,1
9074,352,2025-12-24,105,7,13,1,11,5,4,2,0,0,0,2,5,1,2,0,0
9075,352,2025-12-24,181,13,7,0,42,26,6,5,2,1,2,7,13,1,4,4,5
9076,352,2025-12-24,182,13,7,0,30,17,4,3,1,0,5,5,11,0,1,3,3
9077,352,2025-12-24,183,13,7,0,19,12,9,2,1,0,3,4,9,1,2,2,3
9078,352,2025-12-24,184,13,7,0,22,5,5,3,1,1,2,1,3,0,1,1,1
9079,352,2025-12-24,185,13,7,0,13,14,5,2,1,0,2,5,10,2,4,1,1
9080,352,2025-12-24,186,13,7,0,27,6,2,4,1,0,2,2,3,0,1,1,1
9081,352,2025-12-24,187,13,7,0,17,2,3,2,0,0,2,2,5,0,1,0,0
9082,352,2025-12-24,188,13,7,0,24,10,6,2,1,0,1,4,9,2,4,2,2
9083,352,2025-12-24,189,13,7,0,15,5,2,0,0,0,1,2,5,1,2,0,0
9084,352,2025-12-24,191,13,7,0,4,1,3,2,1,0,1,1,1,0,0,0,0
9085,352,2025-12-24,192,13,7,0,7,3,3,1,0,0,0,1,3,0,1,0,0
9086,352,2025-12-24,193,13,7,0,12,5,0,1,0,0,0,1,2,0,1,1,1
9087,352,2025-12-24,194,13,7,0,13,7,1,2,1,0,1,3,7,0,1,1,1
9088,353,2025-12-24,211,15,10,1,33,17,0,2,1,1,2,6,12,1,4,2,3
9089,353,2025-12-24,212,15,10,1,27,15,2,6,2,0,1,4,8,1,3,1,1
9090,353,2025-12-24,213,15,10,1,22,9,5,2,1,1,1,2,4,0,0,2,2
9091,353,2025-12-24,214,15,10,1,14,8,3,1,1,0,2,3,6,1,2,1,2
9092,353,2025-12-24,215,15,10,1,28,1,5,6,0,0,2,0,1,0,0,0,0
9093,353,2025-12-24,216,15,10,1,16,4,4,5,1,1,2,1,2,0,1,1,1
9094,353,2025-12-24,217,15,10,1,25,10,7,2,0,0,0,3,6,0,1,1,1
9095,353,2025-12-24,218,15,10,1,21,12,0,1,0,0,2,4,8,1,2,1,1
9096,353,2025-12-24,221,15,10,1,8,2,0,0,0,0,0,1,1,0,0,0,0
9097,353,2025-12-24,223,15,10,1,17,4,1,1,1,0,1,3,6,1,3,0,0
9098,353,2025-12-24,224,15,10,1,14,3,1,1,1,1,0,1,2,0,0,1,1
9099,353,2025-12-24,225,15,10,1,19,2,1,2,1,0,1,1,1,0,0,0,0
9100,353,2025-12-24,136,10,15,0,33,29,4,6,0,1,3,8,17,2,4,1,2
9101,353,2025-12-24,137,10,15,0,42,17,7,7,1,1,2,7,12,1,3,2,3
9102,353,2025-12-24,138,10,15,0,23,8,7,3,1,0,2,3,7,1,2,1,2
9103,353,2025-12-24,139,10,15,0,32,5,4,2,0,0,1,2,4,0,1,1,1
9104,353,2025-12-24,140,10,15,0,25,2,6,6,1,0,2,1,3,0,0,0,0
9105,353,2025-12-24,141,10,15,0,25,10,5,4,1,0,1,2,5,1,2,2,2
9106,353,2025-12-24,142,10,15,0,23,9,5,2,0,0,2,2,4,1,2,2,2
9107,353,2025-12-24,143,10,15,0,26,8,2,3,0,1,3,2,4,0,1,1,1
9108,353,2025-12-24,145,10,15,0,6,2,1,1,1,0,1,2,4,1,2,0,0
9109,354,2025-12-24,226,16,24,1,32,32,9,6,1,1,2,6,16,1,2,2,3
9110,354,2025-12-24,227,16,24,1,40,11,3,10,1,1,2,5,9,0,1,1,1
9111,354,2025-12-24,228,16,24,1,28,9,1,1,0,0,1,2,4,0,1,1,1
9112,354,2025-12-24,229,16,24,1,33,7,2,3,1,0,1,4,7,0,1,1,1
9113,354,2025-12-24,230,16,24,1,30,6,4,1,1,0,3,2,5,1,2,1,1
9114,354,2025-12-24,231,16,24,1,28,12,4,2,1,1,1,3,8,1,2,2,2
9115,354,2025-12-24,232,16,24,1,26,9,3,1,1,0,0,3,7,1,2,1,1
9116,354,2025-12-24,233,16,24,1,24,0,4,2,0,0,2,1,1,0,0,0,0
9117,354,2025-12-24,234,16,24,1,4,4,2,3,1,0,0,1,2,0,0,0,0
9118,354,2025-12-24,235,16,24,1,12,9,2,2,1,1,0,4,8,1,3,1,1
9119,354,2025-12-24,236,16,24,1,9,5,3,1,1,0,1,2,3,0,1,0,0
9120,354,2025-12-24,237,16,24,1,9,3,2,1,0,0,2,0,1,0,0,0,0
9121,354,2025-12-24,238,16,24,1,6,3,0,0,1,0,1,0,1,0,0,1,1
9122,354,2025-12-24,240,16,24,1,9,2,0,2,1,0,2,1,2,0,1,0,0
9123,354,2025-12-24,346,24,16,0,29,21,8,8,1,0,2,4,10,1,2,4,5
9124,354,2025-12-24,347,24,16,0,30,22,5,7,0,0,2,6,11,1,4,2,3
9125,354,2025-12-24,348,24,16,0,24,7,3,4,1,0,1,2,5,1,2,1,1
9126,354,2025-12-24,349,24,16,0,31,5,4,3,1,1,1,1,2,0,1,1,1
9127,354,2025-12-24,350,24,16,0,19,8,3,2,1,0,1,2,4,0,1,2,2
9128,354,2025-12-24,351,24,16,0,23,7,5,2,1,1,2,1,3,0,0,1,1
9129,354,2025-12-24,352,24,16,0,22,10,2,1,0,1,1,3,6,1,2,2,2
9130,354,2025-12-24,353,24,16,0,29,10,3,1,1,1,1,2,5,1,2,1,2
9131,354,2025-12-24,354,24,16,0,13,6,2,1,0,0,1,3,6,1,2,1,1
9132,354,2025-12-24,355,24,16,0,16,7,2,0,1,0,0,3,5,0,1,1,1
9133,354,2025-12-24,357,24,16,0,13,5,1,2,0,0,0,2,3,0,1,0,0
9134,354,2025-12-24,358,24,16,0,8,3,2,2,0,0,1,1,1,0,0,0,0
9135,354,2025-12-24,360,24,16,0,11,4,1,1,1,0,0,2,4,0,1,1,1
9136,355,2025-12-25,376,26,3,1,33,23,13,4,1,1,2,6,15,1,2,3,4
9137,355,2025-12-25,377,26,3,1,39,30,6,5,1,0,2,6,14,1,3,5,6
9138,355,2025-12-25,378,26,3,1,20,6,7,2,1,0,2,3,6,0,1,1,1
9139,355,2025-12-25,379,26,3,1,34,10,7,1,1,0,2,4,9,1,2,1,2
9140,355,2025-12-25,380,26,3,1,17,11,2,1,1,1,0,3,8,1,3,1,1
9141,355,2025-12-25,381,26,3,1,24,5,1,2,1,1,2,3,6,0,1,0,0
9142,355,2025-12-25,382,26,3,1,26,6,3,2,1,0,1,3,6,0,1,1,1
9143,355,2025-12-25,383,26,3,1,17,11,2,1,1,0,0,2,5,1,2,2,2
9144,355,2025-12-25,384,26,3,1,14,4,5,0,1,0,1,3,5,0,1,1,1
9145,355,2025-12-25,385,26,3,1,9,10,2,1,0,0,1,5,8,1,2,1,1
9146,355,2025-12-25,386,26,3,1,9,4,1,1,0,0,0,1,3,0,1,1,1
9147,355,2025-12-25,388,26,3,1,5,3,3,2,1,0,2,1,2,0,1,1,1
9148,355,2025-12-25,389,26,3,1,14,1,3,1,1,0,0,1,2,0,1,0,0
9149,355,2025-12-25,31,3,26,0,37,23,6,5,2,1,3,7,13,2,5,4,5
9150,355,2025-12-25,32,3,26,0,33,25,8,6,1,1,4,5,12,2,5,2,3
9151,355,2025-12-25,33,3,26,0,22,11,4,4,0,0,1,4,7,1,2,3,3
9152,355,2025-12-25,34,3,26,0,24,10,5,3,1,0,1,3,5,0,1,1,1
9153,355,2025-12-25,35,3,26,0,29,13,2,3,1,0,2,4,10,1,2,1,1
9154,355,2025-12-25,36,3,26,0,24,2,4,4,1,0,2,2,4,1,2,0,0
9155,355,2025-12-25,37,3,26,0,20,11,4,4,2,0,2,3,6,1,2,1,1
9156,355,2025-12-25,38,3,26,0,29,10,4,3,0,1,1,2,5,1,2,1,2
9157,355,2025-12-25,39,3,26,0,12,2,2,2,1,0,1,3,5,1,2,0,0
9158,355,2025-12-25,40,3,26,0,6,3,2,0,1,0,0,2,3,0,1,0,0
9159,355,2025-12-25,42,3,26,0,11,4,3,2,0,0,0,2,4,0,1,0,0
9160,355,2025-12-25,44,3,26,0,18,3,2,1,1,0,0,1,2,0,0,0,0
9161,355,2025-12-25,45,3,26,0,12,3,5,1,0,1,1,1,2,0,0,1,1
9162,356,2025-12-25,331,23,1,1,34,24,6,5,0,1,2,5,11,1,2,3,3
9163,356,2025-12-25,332,23,1,1,33,29,12,4,2,0,3,6,15,1,2,3,4
9164,356,2025-12-25,333,23,1,1,21,12,6,4,0,0,1,4,9,1,3,2,3
9165,356,2025-12-25,334,23,1,1,19,6,9,4,1,1,3,3,7,1,3,1,1
9166,356,2025-12-25,335,23,1,1,25,10,5,3,1,0,0,4,8,0,1,2,2
9167,356,2025-12-25,336,23,1,1,22,14,1,3,1,0,2,3,8,0,1,2,3
9168,356,2025-12-25,337,23,1,1,23,13,3,3,1,0,3,4,9,1,2,1,1
9169,356,2025-12-25,338,23,1,1,30,12,5,1,1,1,3,3,7,1,2,1,1
9170,356,2025-12-25,339,23,1,1,16,3,3,1,0,0,1,2,4,1,2,1,1
9171,356,2025-12-25,341,23,1,1,13,1,2,2,0,0,1,1,1,0,0,0,0
9172,356,2025-12-25,342,23,1,1,4,5,2,1,1,0,0,1,3,0,1,1,1
9173,356,2025-12-25,343,23,1,1,18,0,0,0,0,0,1,2,4,0,1,0,0
9174,356,2025-12-25,1,1,23,0,35,24,5,1,1,1,3,6,15,2,5,1,1
9175,356,2025-12-25,2,1,23,0,35,23,5,4,1,1,3,7,13,2,5,4,5
9176,356,2025-12-25,3,1,23,0,31,7,5,4,0,1,0,2,5,0,1,1,1
9177,356,2025-12-25,4,1,23,0,27,6,4,4,0,1,1,1,3,0,1,1,1
9178,356,2025-12-25,5,1,23,0,30,3,0,1,1,0,0,1,1,0,0,1,1
9179,356,2025-12-25,6,1,23,0,29,0,5,3,1,0,1,0,1,0,0,0,0
9180,356,2025-12-25,7,1,23,0,20,11,6,4,1,0,2,4,9,0,1,1,1
9181,356,2025-12-25,8,1,23,0,30,6,2,2,1,0,1,2,4,0,1,1,1
9182,356,2025-12-25,9,1,23,0,11,5,3,1,1,0,0,3,6,1,2,1,1
9183,356,2025-12-25,10,1,23,0,10,0,1,1,1,1,1,2,4,0,1,0,0
9184,356,2025-12-25,11,1,23,0,11,6,1,1,1,0,1,2,6,1,2,1,1
9185,356,2025-12-25,13,1,23,0,11,3,2,1,1,0,0,2,3,0,1,0,0
9186,357,2025-12-25,361,25,28,1,34,15,5,5,1,0,2,3,7,1,3,2,2
9187,357,2025-12-25,362,25,28,1,32,22,9,5,1,1,1,6,14,1,2,4,5
9188,357,2025-12-25,363,25,28,1,29,14,6,1,1,0,0,4,10,0,1,1,1
9189,357,2025-12-25,364,25,28,1,21,11,4,2,0,1,0,3,6,0,1,2,2
9190,357,2025-12-25,365,25,28,1,22,10,4,3,0,1,2,4,9,1,2,1,1
9191,357,2025-12-25,366,25,28,1,24,19,3,5,1,0,0,4,11,2,5,3,4
9192,357,2025-12-25,367,25,28,1,38,12,5,4,1,1,0,3,6,0,1,1,1
9193,357,2025-12-25,368,25,28,1,20,5,3,0,1,0,1,3,5,0,1,1,1
9194,357,2025-12-25,370,25,28,1,12,5,3,2,0,0,0,3,5,0,1,0,0
9195,357,2025-12-25,373,25,28,1,12,0,2,3,0,0,0,0,1,0,0,0,0
9196,357,2025-12-25,374,25,28,1,4,3,1,1,1,1,0,2,4,0,1,1,1
9197,357,2025-12-25,375,25,28,1,9,3,1,1,0,1,0,3,5,0,1,1,1
9198,357,2025-12-25,406,28,25,0,27,24,7,7,1,1,4,6,11,2,5,1,2
9199,357,2025-12-25,407,28,25,0,32,22,3,8,1,1,2,4,10,1,2,2,3
9200,357,2025-12-25,408,28,25,0,18,9,5,1,1,0,1,3,7,1,2,1,1
9201,357,2025-12-25,409,28,25,0,24,12,0,2,0,1,1,4,7,1,2,1,1
9202,357,2025-12-25,410,28,25,0,21,4,5,4,1,1,1,2,5,1,2,0,0
9203,357,2025-12-25,411,28,25,0,28,11,5,3,0,1,1,3,6,1,2,2,3
9204,357,2025-12-25,412,28,25,0,23,9,5,5,1,0,1,2,4,0,1,2,2
9205,357,2025-12-25,413,28,25,0,24,14,4,2,1,1,0,5,9,1,2,1,1
9206,357,2025-12-25,415,28,25,0,19,3,0,1,0,0,0,2,4,1,2,1,1
9207,357,2025-12-25,417,28,25,0,11,8,3,1,0,0,1,2,5,0,1,1,1
9208,357,2025-12-25,418,28,25,0,15,5,3,2,0,0,1,2,6,1,2,1,1
9209,357,2025-12-25,419,28,25,0,23,4,2,1,1,0,1,2,4,0,1,1,1
9210,357,2025-12-25,420,28,25,0,6,6,4,0,1,0,1,4,7,0,1,0,0
9211,358,2025-12-25,241,17,6,1,30,21,8,4,1,0,3,7,12,2,5,3,4
9212,358,2025-12-25,242,17,6,1,30,15,7,9,2,1,4,4,7,1,2,2,3
9213,358,2025-12-25,243,17,6,1,21,8,0,3,0,1,1,5,8,1,2,2,2
9214,358,2025-12-25,244,17,6,1,25,6,2,3,1,0,1,2,4,0,1,1,1
9215,358,2025-12-25,245,17,6,1,24,11,1,4,1,0,2,5,8,1,3,2,2
9216,358,2025-12-25,246,17,6,1,25,6,11,3,1,0,2,2,4,0,1,1,1
9217,358,2025-12-25,247,17,6,1,28,13,5,1,0,1,0,3,9,1,4,3,3
9218,358,2025-12-25,248,17,6,1,31,10,2,5,1,1,1,4,9,1,2,1,1
9219,358,2025-12-25,250,17,6,1,12,5,3,1,1,0,1,1,2,0,0,1,1
9220,358,2025-12-25,251,17,6,1,4,4,2,2,0,0,1,3,6,1,2,1,1
9221,358,2025-12-25,252,17,6,1,13,6,3,1,0,0,1,2,4,0,1,1,1
9222,358,2025-12-25,253,17,6,1,4,5,2,1,1,0,1,1,3,0,1,1,1
9223,358,2025-12-25,255,17,6,1,5,4,4,1,0,0,1,3,6,1,2,1,1
9224,358,2025-12-25,76,6,17,0,28,13,5,7,2,0,2,4,10,1,3,1,2
9225,358,2025-12-25,77,6,17,0,35,24,9,8,1,1,1,6,12,1,2,3,4
9226,358,2025-12-25,78,6,17,0,20,8,4,3,1,0,1,3,6,0,1,1,1
9227,358,2025-12-25,79,6,17,0,20,11,5,4,1,1,0,2,5,0,1,1,1
9228,358,2025-12-25,80,6,17,0,21,9,8,1,0,0,1,2,4,0,1,1,1
9229,358,2025-12-25,81,6,17,0,26,10,7,3,1,0,1,4,9,1,2,1,2
9230,358,2025-12-25,82,6,17,0,24,13,7,4,1,1,1,4,8,0,1,2,3
9231,358,2025-12-25,83,6,17,0,17,8,1,3,1,0,0,2,6,0,1,1,1
9232,358,2025-12-25,88,6,17,0,12,6,0,1,1,0,1,2,4,1,2,1,1
9233,358,2025-12-25,89,6,17,0,15,3,1,1,0,0,1,2,4,1,2,0,0
9234,358,2025-12-25,90,6,17,0,19,4,2,2,0,0,1,2,5,1,2,0,0
9235,359,2025-12-25,46,4,5,1,33,23,4,2,1,1,1,5,11,1,3,3,4
9236,359,2025-12-25,47,4,5,1,31,19,12,3,1,1,2,4,9,1,2,2,2
9237,359,2025-12-25,48,4,5,1,19,11,7,1,1,1,2,4,7,1,2,3,3
9238,359,2025-12-25,49,4,5,1,14,12,3,4,1,1,2,3,6,0,1,2,2
9239,359,2025-12-25,50,4,5,1,21,5,3,1,1,1,1,2,3,0,0,0,0
9240,359,2025-12-25,51,4,5,1,23,2,5,1,1,1,2,1,2,0,1,0,0
9241,359,2025-12-25,52,4,5,1,22,9,4,1,1,0,1,2,4,0,1,1,1
9242,359,2025-12-25,53,4,5,1,28,14,4,3,1,1,2,4,9,1,3,2,2
9243,359,2025-12-25,54,4,5,1,17,4,1,1,1,0,1,2,5,0,1,1,1
9244,359,2025-12-25,55,4,5,1,7,3,3,1,1,0,1,2,4,0,1,1,1
9245,359,2025-12-25,56,4,5,1,12,0,3,1,1,0,0,1,1,0,0,0,0
9246,359,2025-12-25,57,4,5,1,13,4,2,1,1,0,0,3,6,0,1,0,0
9247,359,2025-12-25,58,4,5,1,10,2,3,0,1,1,1,2,4,0,1,0,0
9248,359,2025-12-25,59,4,5,1,17,5,0,0,0,0,0,3,5,1,2,1,1
9249,359,2025-12-25,60,4,5,1,18,2,2,0,1,0,1,1,2,0,1,0,0
9250,359,2025-12-25,61,5,4,0,28,22,4,7,1,1,4,6,14,1,4,4,5
9251,359,2025-12-25,62,5,4,0,39,27,5,10,1,1,3,8,14,2,5,3,4
9252,359,2025-12-25,63,5,4,0,25,8,3,2,1,1,2,3,5,1,2,2,2
9253,359,2025-12-25,64,5,4,0,24,16,4,2,0,0,2,4,8,1,2,2,3
9254,359,2025-12-25,65,5,4,0,21,9,6,3,1,0,1,3,6,1,2,1,1
9255,359,2025-12-25,66,5,4,0,18,6,4,1,1,0,0,2,4,0,1,1,1
9256,359,2025-12-25,67,5,4,0,17,8,1,3,0,1,2,4,7,1,2,1,1
9257,359,2025-12-25,68,5,4,0,13,7,5,3,1,0,0,2,4,0,1,1,1
9258,359,2025-12-25,69,5,4,0,18,3,4,0,1,0,1,0,1,0,0,1,1
9259,359,2025-12-25,71,5,4,0,7,3,3,1,1,0,1,1,3,0,1,0,0
9260,359,2025-12-25,72,5,4,0,15,4,2,0,0,0,1,2,6,1,3,1,1
9261,359,2025-12-25,73,5,4,0,5,5,4,0,0,0,1,1,2,0,1,1,1
9262,359,2025-12-25,74,5,4,0,13,3,2,1,1,0,0,1,2,0,1,1,1
9263,359,2025-12-25,75,5,4,0,18,1,0,2,0,0,0,2,3,0,0,0,0
9264,360,2025-12-25,196,14,20,1,25,21,5,2,2,0,4,7,14,2,6,1,1
9265,360,2025-12-25,197,14,20,1,35,23,10,0,1,1,4,6,11,0,1,2,3
9266,360,2025-12-25,198,14,20,1,24,8,5,3,1,0,2,2,4,0,0,1,1
9267,360,2025-12-25,199,14,20,1,22,14,4,0,0,0,2,5,11,1,2,1,2
9268,360,2025-12-25,200,14,20,1,29,6,8,3,1,1,0,2,4,0,1,1,1
9269,360,2025-12-25,201,14,20,1,28,9,4,0,1,1,1,2,5,0,1,1,1
9270,360,2025-12-25,202,14,20,1,25,10,3,2,1,1,1,4,7,1,3,2,2
9271,360,2025-12-25,203,14,20,1,27,9,4,2,0,1,2,3,7,0,1,1,1
9272,360,2025-12-25,204,14,20,1,4,4,1,1,1,0,1,1,2,0,1,1,1
9273,360,2025-12-25,206,14,20,1,10,6,3,1,1,0,1,2,3,0,1,1,1
9274,360,2025-12-25,208,14,20,1,18,3,2,2,0,0,1,1,1,0,0,1,1
9275,360,2025-12-25,209,14,20,1,9,10,2,0,0,0,0,3,7,0,1,1,1
9276,360,2025-12-25,210,14,20,1,11,5,2,1,1,0,1,2,3,0,0,0,0
9277,360,2025-12-25,286,20,14,0,40,20,0,3,1,0,1,6,14,1,4,3,4
9278,360,2025-12-25,287,20,14,0,33,23,8,5,1,1,2,8,14,1,3,1,1
9279,360,2025-12-25,288,20,14,0,29,3,0,1,0,0,1,1,2,0,0,1,1
9280,360,2025-12-25,289,20,14,0,22,9,2,5,1,0,1,3,8,1,3,2,2
9281,360,2025-12-25,290,20,14,0,23,13,3,1,1,0,1,3,6,0,1,1,1
9282,360,2025-12-25,291,20,14,0,31,7,3,5,1,0,2,3,7,0,1,1,1
9283,360,2025-12-25,292,20,14,0,30,13,8,4,0,0,1,4,7,1,3,1,1
9284,360,2025-12-25,293,20,14,0,23,11,2,2,1,0,1,3,6,1,2,2,2
9285,360,2025-12-25,295,20,14,0,5,5,3,0,0,0,1,2,3,0,1,1,1
9286,360,2025-12-25,296,20,14,0,9,1,2,1,0,1,1,1,3,0,1,0,0
9287,360,2025-12-25,297,20,14,0,20,0,2,1,0,0,0,1,2,0,1,0,0
9288,360,2025-12-25,298,20,14,0,6,3,2,2,0,0,1,2,3,0,1,0,0
9289,360,2025-12-25,300,20,14,0,8,4,2,0,0,0,1,1,2,0,1,0,0
9290,361,2025-12-26,316,22,18,1,30,26,5,6,1,0,2,8,15,1,5,2,3
9291,361,2025-12-26,317,22,18,1,26,23,2,4,1,0,4,7,15,2,6,1,2
9292,361,2025-12-26,318,22,18,1,14,7,7,5,1,1,1,3,6,0,1,1,1
9293,361,2025-12-26,319,22,18,1,29,8,5,1,1,1,2,4,7,1,2,1,1
9294,361,2025-12-26,320,22,18,1,19,10,4,3,1,0,1,4,7,1,2,2,2
9295,361,2025-12-26,321,22,18,1,22,7,3,2,1,0,2,1,3,0,0,1,1
9296,361,2025-12-26,322,22,18,1,21,10,7,2,0,0,1,4,7,0,1,1,1
9297,361,2025-12-26,323,22,18,1,29,14,6,5,0,1,0,5,8,1,3,2,2
9298,361,2025-12-26,324,22,18,1,12,7,1,1,0,0,1,1,3,0,1,1,1
9299,361,2025-12-26,325,22,18,1,4,3,2,1,0,0,0,1,2,0,1,0,0
9300,361,2025-12-26,327,22,18,1,13,6,0,2,1,0,0,2,3,0,1,1,1
9301,361,2025-12-26,328,22,18,1,8,6,2,1,0,0,1,3,6,1,3,1,1
9302,361,2025-12-26,329,22,18,1,4,4,0,0,1,0,1,3,6,1,2,0,0
9303,361,2025-12-26,256,18,22,0,34,13,5,7,2,1,2,5,10,1,2,1,1
9304,361,2025-12-26,257,18,22,0,32,27,10,8,2,0,4,6,14,2,6,6,7
9305,361,2025-12-26,258,18,22,0,27,9,5,3,1,1,1,3,8,1,3,1,1
9306,361,2025-12-26,259,18,22,0,26,12,1,0,1,0,3,3,7,1,3,1,1
9307,361,2025-12-26,260,18,22,0,15,6,7,1,1,0,1,2,4,0,1,1,1
9308,361,2025-12-26,261,18,22,0,27,5,5,4,0,0,1,3,5,0,1,1,1
9309,361,2025-12-26,262,18,22,0,19,12,3,3,1,0,2,5,10,1,4,2,2
9310,361,2025-12-26,263,18,22,0,30,10,7,3,0,0,2,3,8,0,1,2,2
9311,361,2025-12-26,265,18,22,0,10,5,1,1,1,0,1,3,6,1,2,0,0
9312,361,2025-12-26,266,18,22,0,4,3,1,1,0,0,1,1,2,0,0,0,0
9313,361,2025-12-26,267,18,22,0,6,4,6,2,0,0,1,3,5,0,1,1,1
9314,361,2025-12-26,268,18,22,0,11,4,5,1,1,0,0,1,3,0,1,0,0
9315,361,2025-12-26,270,18,22,0,9,3,4,0,0,0,1,0,1,0,0,1,1
9316,362,2025-12-26,391,27,29,1,33,19,6,3,1,1,1,5,12,1,3,2,2
9317,362,2025-12-26,392,27,29,1,38,31,6,5,2,1,3,7,15,2,7,3,4
9318,362,2025-12-26,393,27,29,1,24,8,0,3,1,1,1,3,7,0,1,1,2
9319,362,2025-12-26,394,27,29,1,17,3,2,1,1,0,1,0,1,0,0,1,1
9320,362,2025-12-26,395,27,29,1,25,6,1,1,1,0,1,2,4,0,0,1,1
9321,362,2025-12-26,396,27,29,1,17,11,6,2,1,1,2,3,5,0,1,1,2
9322,362,2025-12-26,397,27,29,1,29,4,4,2,1,0,1,2,5,0,1,1,1
9323,362,2025-12-26,398,27,29,1,24,17,5,3,1,1,1,4,10,1,2,1,1
9324,362,2025-12-26,399,27,29,1,8,5,3,1,0,0,0,1,2,0,0,1,1
9325,362,2025-12-26,400,27,29,1,9,4,4,2,1,0,1,3,6,1,2,0,0
9326,362,2025-12-26,401,27,29,1,10,2,0,0,1,0,1,2,4,0,1,0,0
9327,362,2025-12-26,402,27,29,1,11,7,5,2,0,0,0,1,3,0,1,1,1
9328,362,2025-12-26,403,27,29,1,6,2,1,0,0,0,0,2,4,0,1,0,0
9329,362,2025-12-26,405,27,29,1,13,3,0,2,1,0,0,2,3,0,1,1,1
9330,362,2025-12-26,421,29,27,0,36,21,2,4,1,1,3,8,14,1,4,1,1
9331,362,2025-12-26,422,29,27,0,29,24,5,3,1,1,3,4,11,1,5,1,1
9332,362,2025-12-26,423,29,27,0,28,0,3,2,1,1,1,0,1,0,0,0,0
9333,362,2025-12-26,424,29,27,0,24,6,0,4,1,0,1,3,7,1,2,1,1
9334,362,2025-12-26,425,29,27,0,25,7,7,4,0,0,2,3,5,1,2,0,0
9335,362,2025-12-26,426,29,27,0,24,17,3,2,1,0,3,6,11,1,3,2,2
9336,362,2025-12-26,427,29,27,0,30,4,5,1,1,0,0,2,6,1,2,1,1
9337,362,2025-12-26,428,29,27,0,22,10,4,3,1,0,2,4,8,1,3,1,2
9338,362,2025-12-26,430,29,27,0,8,6,3,2,0,0,1,2,4,0,1,1,1
9339,362,2025-12-26,435,29,27,0,17,2,0,0,0,0,1,0,1,0,0,0,0
9340,363,2025-12-26,301,21,2,1,38,19,4,4,1,1,4,6,13,1,2,2,2
9341,363,2025-12-26,302,21,2,1,33,16,7,7,1,0,2,5,11,1,5,2,3
9342,363,2025-12-26,303,21,2,1,26,12,6,3,1,0,1,4,10,1,3,2,2
9343,363,2025-12-26,304,21,2,1,22,12,5,3,1,1,2,5,9,1,3,2,3
9344,363,2025-12-26,305,21,2,1,19,11,5,2,1,1,2,3,6,0,1,1,2
9345,363,2025-12-26,306,21,2,1,33,10,7,1,0,1,1,4,8,1,3,2,2
9346,363,2025-12-26,307,21,2,1,20,16,5,4,0,1,2,3,8,1,3,1,2
9347,363,2025-12-26,308,21,2,1,19,12,5,4,0,0,0,4,9,1,2,3,3
9348,363,2025-12-26,309,21,2,1,17,4,3,1,0,0,1,2,4,0,1,0,0
9349,363,2025-12-26,310,21,2,1,17,0,0,0,0,0,1,1,3,0,1,0,0
9350,363,2025-12-26,311,21,2,1,17,3,2,0,0,0,1,2,4,1,2,1,1
9351,363,2025-12-26,312,21,2,1,4,0,3,2,1,0,1,2,4,0,0,0,0
9352,363,2025-12-26,315,21,2,1,11,3,0,1,1,1,0,2,4,0,1,0,0
9353,363,2025-12-26,16,2,21,0,34,23,5,3,1,1,3,6,11,1,4,2,3
9354,363,2025-12-26,17,2,21,0,29,18,7,6,1,0,3,5,9,0,1,2,3
9355,363,2025-12-26,18,2,21,0,26,11,5,3,1,0,2,3,6,1,2,1,2
9356,363,2025-12-26,19,2,21,0,22,3,2,3,1,1,0,0,1,0,0,1,1
9357,363,2025-12-26,20,2,21,0,19,6,2,1,1,0,2,3,7,1,2,1,1
9358,363,2025-12-26,21,2,21,0,17,15,3,2,1,1,2,3,7,1,2,2,3
9359,363,2025-12-26,22,2,21,0,20,11,6,2,1,0,1,4,7,0,1,1,1
9360,363,2025-12-26,23,2,21,0,22,12,4,7,1,0,1,5,9,1,3,1,2
9361,363,2025-12-26,24,2,21,0,15,10,2,2,0,0,0,3,5,0,1,1,2
9362,363,2025-12-26,25,2,21,0,13,2,4,3,1,0,0,2,4,0,1,0,0
9363,363,2025-12-26,26,2,21,0,17,6,0,2,0,0,2,2,4,0,1,1,1
9364,363,2025-12-26,29,2,21,0,5,3,4,1,1,0,1,2,4,0,1,1,1
9365,363,2025-12-26,30,2,21,0,6,6,1,2,1,1,1,1,3,0,1,1,1
9366,364,2025-12-26,241,17,25,1,25,20,3,4,1,1,3,6,10,1,3,1,2
9367,364,2025-12-26,242,17,25,1,33,22,7,5,0,1,3,5,11,1,2,4,5
9368,364,2025-12-26,243,17,25,1,20,8,7,4,1,0,1,4,8,1,3,2,2
9369,364,2025-12-26,244,17,25,1,21,13,4,4,0,0,2,6,10,1,2,2,2
9370,364,2025-12-26,245,17,25,1,26,10,2,3,0,0,2,2,5,0,1,1,2
9371,364,2025-12-26,246,17,25,1,28,10,6,0,0,0,1,4,9,1,3,1,1
9372,364,2025-12-26,247,17,25,1,19,6,6,4,1,0,1,2,3,0,1,1,1
9373,364,2025-12-26,248,17,25,1,25,10,5,2,1,1,1,4,7,1,3,2,2
9374,364,2025-12-26,249,17,25,1,8,5,3,1,1,0,1,2,4,0,1,1,1
9375,364,2025-12-26,250,17,25,1,8,6,1,0,1,0,0,1,3,0,1,1,1
9376,364,2025-12-26,251,17,25,1,13,7,1,3,0,0,0,3,7,1,2,1,1
9377,364,2025-12-26,252,17,25,1,21,6,1,0,1,0,1,2,6,0,1,1,1
9378,364,2025-12-26,254,17,25,1,13,5,1,0,0,0,0,3,6,1,2,1,1
9379,364,2025-12-26,255,17,25,1,12,7,5,1,0,0,1,2,4,0,0,1,1
9380,364,2025-12-26,361,25,17,0,33,28,8,3,1,0,1,6,14,2,6,3,4
9381,364,2025-12-26,362,25,17,0,33,26,5,5,1,1,3,7,16,1,2,5,6
9382,364,2025-12-26,363,25,17,0,32,8,4,1,1,0,1,2,4,1,2,2,2
9383,364,2025-12-26,364,25,17,0,22,8,5,2,0,1,2,4,7,1,3,1,1
9384,364,2025-12-26,365,25,17,0,26,7,6,1,1,0,0,3,7,0,1,1,1
9385,364,2025-12-26,366,25,17,0,20,3,7,5,1,1,2,1,2,0,1,1,1
9386,364,2025-12-26,367,25,17,0,22,11,1,4,1,1,1,4,9,0,1,1,2
9387,364,2025-12-26,368,25,17,0,28,6,6,2,0,1,2,2,5,0,1,1,1
9388,364,2025-12-26,370,25,17,0,13,8,3,1,1,0,0,3,7,1,2,1,1
9389,364,2025-12-26,372,25,17,0,7,5,1,0,1,0,1,3,6,0,1,0,0
9390,364,2025-12-26,374,25,17,0,4,5,2,0,1,0,1,1,3,0,1,1,1
9391,364,2025-12-26,375,25,17,0,5,7,0,2,1,0,0,2,3,0,1,1,1
9392,365,2025-12-26,61,5,24,1,27,17,8,7,1,1,3,4,8,1,2,1,1
9393,365,2025-12-26,62,5,24,1,34,7,5,4,1,1,4,2,5,0,1,2,2
9394,365,2025-12-26,63,5,24,1,22,4,1,1,1,1,1,3,6,0,1,1,1
9395,365,2025-12-26,64,5,24,1,17,10,4,5,1,0,1,3,7,0,1,1,1
9396,365,2025-12-26,65,5,24,1,28,9,4,3,1,0,2,2,4,1,2,1,1
9397,365,2025-12-26,66,5,24,1,28,6,5,2,1,0,0,4,7,1,3,1,1
9398,365,2025-12-26,67,5,24,1,28,12,5,4,1,0,1,3,8,1,2,2,2
9399,365,2025-12-26,68,5,24,1,26,10,5,2,1,0,2,4,9,1,2,1,2
9400,365,2025-12-26,71,5,24,1,11,4,1,2,0,0,1,1,2,0,1,0,0
9401,365,2025-12-26,73,5,24,1,12,7,3,1,0,0,0,2,4,1,2,0,0
9402,365,2025-12-26,75,5,24,1,13,5,2,0,1,0,0,3,5,0,1,1,1
9403,365,2025-12-26,346,24,5,0,31,14,7,2,1,0,3,4,7,1,3,2,3
9404,365,2025-12-26,347,24,5,0,29,17,9,5,1,0,2,4,11,1,4,1,1
9405,365,2025-12-26,348,24,5,0,23,9,4,0,2,0,2,2,4,0,1,1,1
9406,365,2025-12-26,349,24,5,0,25,16,3,1,1,1,1,5,11,2,4,2,3
9407,365,2025-12-26,350,24,5,0,28,2,1,3,1,0,2,2,3,0,1,0,0
9408,365,2025-12-26,351,24,5,0,26,13,4,3,1,0,1,6,10,1,3,2,3
9409,365,2025-12-26,352,24,5,0,20,11,0,4,2,0,2,3,6,1,2,1,1
9410,365,2025-12-26,353,24,5,0,29,6,2,0,0,1,1,2,4,0,1,0,0
9411,365,2025-12-26,354,24,5,0,13,3,1,0,0,0,0,2,4,0,0,1,1
9412,365,2025-12-26,355,24,5,0,4,6,0,0,1,1,0,2,6,1,3,0,0
9413,365,2025-12-26,359,24,5,0,16,1,3,1,0,0,1,2,4,0,1,0,0
9414,365,2025-12-26,360,24,5,0,15,4,1,1,1,0,0,3,6,0,1,1,1
9415,366,2025-12-26,46,4,7,1,33,11,5,3,1,1,3,3,9,1,3,1,1
9416,366,2025-12-26,47,4,7,1,37,14,5,7,0,0,2,4,11,1,3,3,3
9417,366,2025-12-26,48,4,7,1,25,7,4,3,1,0,2,2,4,0,1,2,2
9418,366,2025-12-26,49,4,7,1,27,9,3,3,1,0,2,4,8,0,1,2,2
9419,366,2025-12-26,50,4,7,1,23,4,5,2,1,1,0,2,4,0,1,1,1
9420,366,2025-12-26,51,4,7,1,21,11,3,2,0,0,2,4,9,1,2,2,2
9421,366,2025-12-26,52,4,7,1,27,6,7,4,1,1,1,4,7,1,2,1,1
9422,366,2025-12-26,53,4,7,1,23,3,7,2,1,1,1,1,1,0,0,0,0
9423,366,2025-12-26,54,4,7,1,4,1,0,3,1,0,0,1,2,0,0,0,0
9424,366,2025-12-26,55,4,7,1,9,4,3,1,1,0,2,2,5,1,2,1,1
9425,366,2025-12-26,57,4,7,1,10,3,1,0,0,0,1,1,3,0,1,0,0
9426,366,2025-12-26,58,4,7,1,12,5,2,1,0,0,1,1,2,0,1,1,1
9427,366,2025-12-26,59,4,7,1,13,5,3,0,0,0,1,2,3,0,1,1,1
9428,366,2025-12-26,91,7,4,0,31,14,4,4,1,1,3,5,11,1,2,2,2
9429,366,2025-12-26,92,7,4,0,36,28,7,6,1,2,3,6,13,1,4,3,3
9430,366,2025-12-26,93,7,4,0,25,10,1,4,1,0,2,3,5,1,2,1,1
9431,366,2025-12-26,94,7,4,0,17,12,4,3,1,1,1,3,6,0,1,1,2
9432,366,2025-12-26,95,7,4,0,23,8,0,0,1,0,1,3,7,1,2,1,1
9433,366,2025-12-26,96,7,4,0,32,13,7,3,1,0,1,4,9,1,3,3,3
9434,366,2025-12-26,97,7,4,0,13,13,2,2,0,0,1,4,9,1,3,3,3
9435,366,2025-12-26,98,7,4,0,19,8,3,1,0,1,0,3,6,0,1,1,1
9436,366,2025-12-26,99,7,4,0,8,0,3,2,1,1,1,2,4,0,1,0,0
9437,366,2025-12-26,101,7,4,0,11,2,1,3,0,1,0,2,5,0,1,0,0
9438,366,2025-12-26,105,7,4,0,14,2,2,2,1,0,1,0,1,0,0,0,0
9439,367,2025-12-27,331,23,12,1,38,21,2,5,1,1,3,5,10,1,4,2,3
9440,367,2025-12-27,332,23,12,1,33,25,10,4,2,1,3,7,13,1,4,4,6
9441,367,2025-12-27,333,23,12,1,24,14,5,3,0,1,1,3,8,1,3,2,2
9442,367,2025-12-27,334,23,12,1,30,10,3,2,1,1,0,5,8,1,2,1,1
9443,367,2025-12-27,335,23,12,1,22,12,5,3,1,0,2,3,7,1,2,1,1
9444,367,2025-12-27,336,23,12,1,27,13,6,3,1,1,0,3,7,1,3,1,2
9445,367,2025-12-27,337,23,12,1,26,15,7,2,1,0,2,6,11,2,4,2,3
9446,367,2025-12-27,338,23,12,1,20,10,4,4,1,0,1,3,8,1,3,1,1
9447,367,2025-12-27,339,23,12,1,7,5,4,1,0,0,1,2,3,0,1,1,1
9448,367,2025-12-27,341,23,12,1,10,5,2,3,0,0,1,3,6,0,1,1,1
9449,367,2025-12-27,342,23,12,1,14,4,0,2,1,0,1,2,5,1,2,0,0
9450,367,2025-12-27,343,23,12,1,15,3,3,2,1,0,1,2,4,0,1,1,1
9451,367,2025-12-27,345,23,12,1,15,5,3,2,1,0,0,2,6,1,2,1,1
9452,367,2025-12-27,166,12,23,0,32,22,4,0,2,0,4,7,14,1,2,3,4
9453,367,2025-12-27,167,12,23,0,37,21,4,8,1,1,4,5,10,2,4,4,4
9454,367,2025-12-27,168,12,23,0,21,13,2,1,1,0,1,3,6,1,2,1,1
9455,367,2025-12-27,169,12,23,0,25,7,4,2,1,0,1,2,4,0,1,1,1
9456,367,2025-12-27,170,12,23,0,24,6,4,2,1,0,2,4,7,1,3,1,1
9457,367,2025-12-27,171,12,23,0,22,6,2,2,1,0,1,3,5,0,1,0,0
9458,367,2025-12-27,172,12,23,0,22,11,6,2,1,0,2,4,7,1,3,1,1
9459,367,2025-12-27,173,12,23,0,27,12,4,1,0,1,0,4,7,0,1,1,1
9460,367,2025-12-27,175,12,23,0,21,5,1,0,0,0,0,3,6,1,2,1,1
9461,367,2025-12-27,176,12,23,0,12,2,0,1,1,0,1,1,3,0,1,0,0
9462,367,2025-12-27,177,12,23,0,16,0,2,2,0,0,0,1,1,0,0,0,0
9463,367,2025-12-27,178,12,23,0,4,5,2,2,1,0,0,2,4,1,2,1,1
9464,367,2025-12-27,179,12,23,0,12,5,2,0,0,0,0,1,3,0,1,1,1
9465,367,2025-12-27,180,12,23,0,7,2,1,2,1,0,1,0,1,0,0,0,0
9466,368,2025-12-27,181,13,26,1,30,21,1,10,0,1,3,6,12,1,2,3,4
9467,368,2025-12-27,182,13,26,1,31,28,4,2,2,1,4,7,13,1,2,1,2
9468,368,2025-12-27,183,13,26,1,25,9,3,0,1,1,1,2,5,0,1,0,0
9469,368,2025-12-27,184,13,26,1,21,12,1,4,1,0,1,2,6,0,1,1,1
9470,368,2025-12-27,185,13,26,1,23,7,5,4,1,1,1,3,6,0,1,1,1
9471,368,2025-12-27,186,13,26,1,21,15,6,2,2,1,2,4,9,0,1,3,3
9472,368,2025-12-27,187,13,26,1,29,8,6,2,0,0,1,3,5,0,1,1,1
9473,368,2025-12-27,188,13,26,1,35,14,5,2,0,1,2,4,7,0,1,1,1
9474,368,2025-12-27,189,13,26,1,9,3,5,2,1,0,1,3,5,1,2,0,0
9475,368,2025-12-27,190,13,26,1,21,7,2,0,1,0,1,1,3,0,1,1,1
9476,368,2025-12-27,191,13,26,1,16,7,2,0,0,0,1,2,3,0,1,1,1
9477,368,2025-12-27,194,13,26,1,17,2,1,1,0,0,2,0,1,0,0,0,0
9478,368,2025-12-27,376,26,13,0,35,28,5,8,1,0,2,6,14,2,5,3,4
9479,368,2025-12-27,377,26,13,0,38,20,8,7,1,1,3,7,14,1,3,3,4
9480,368,2025-12-27,378,26,13,0,29,8,5,3,1,0,1,3,6,0,1,0,0
9481,368,2025-12-27,379,26,13,0,20,4,2,2,1,0,1,1,3,0,1,0,0
9482,368,2025-12-27,380,26,13,0,31,13,7,0,1,0,1,5,9,1,2,2,3
9483,368,2025-12-27,381,26,13,0,26,12,5,3,1,0,1,4,8,1,3,1,1
9484,368,2025-12-27,382,26,13,0,25,10,1,2,1,0,1,3,5,0,1,1,1
9485,368,2025-12-27,383,26,13,0,23,11,7,2,1,1,1,3,7,0,1,1,2
9486,368,2025-12-27,384,26,13,0,10,6,3,1,1,0,1,2,4,0,1,1,1
9487,368,2025-12-27,385,26,13,0,7,8,3,1,1,0,2,3,7,1,3,1,1
9488,368,2025-12-27,387,26,13,0,5,4,1,1,0,0,1,1,3,0,1,1,1
9489,368,2025-12-27,388,26,13,0,12,4,4,0,1,0,1,2,5,0,1,1,1
9490,368,2025-12-27,390,26,13,0,10,1,3,2,1,0,1,0,1,0,0,0,0
9491,369,2025-12-27,106,8,3,1,35,26,9,6,0,1,3,6,13,1,3,4,5
9492,369,2025-12-27,107,8,3,1,27,23,5,8,1,1,3,5,11,1,5,2,3
9493,369,2025-12-27,108,8,3,1,24,7,4,3,1,1,0,3,7,1,2,1,1
9494,369,2025-12-27,109,8,3,1,20,10,1,0,1,0,1,4,9,1,3,1,1
9495,369,2025-12-27,110,8,3,1,25,14,3,4,0,0,1,5,9,0,1,2,3
9496,369,2025-12-27,111,8,3,1,25,8,3,1,1,1,1,4,8,1,2,2,2
9497,369,2025-12-27,112,8,3,1,29,8,2,2,1,1,2,3,7,1,3,1,1
9498,369,2025-12-27,113,8,3,1,24,12,5,4,1,0,1,3,7,1,2,1,1
9499,369,2025-12-27,114,8,3,1,25,8,4,2,0,1,0,3,7,1,3,2,2
9500,369,2025-12-27,115,8,3,1,9,4,0,0,0,0,1,3,6,0,1,1,1
9501,369,2025-12-27,117,8,3,1,11,4,3,1,0,0,0,1,2,0,0,0,0
9502,369,2025-12-27,118,8,3,1,12,6,3,1,1,0,1,4,7,1,3,1,1
9503,369,2025-12-27,119,8,3,1,21,7,3,0,1,0,1,3,5,0,1,1,1
9504,369,2025-12-27,120,8,3,1,7,4,0,2,0,0,1,1,2,0,0,0,0
9505,369,2025-12-27,31,3,8,0,36,15,6,6,1,0,3,4,7,1,2,2,2
9506,369,2025-12-27,32,3,8,0,32,30,9,5,1,0,3,7,14,1,3,4,6
9507,369,2025-12-27,33,3,8,0,18,10,4,4,1,0,0,4,9,0,1,2,2
9508,369,2025-12-27,34,3,8,0,28,11,7,2,1,0,0,3,8,1,3,1,2
9509,369,2025-12-27,35,3,8,0,33,5,7,2,0,0,1,2,4,1,2,1,1
9510,369,2025-12-27,36,3,8,0,23,7,5,0,1,1,2,3,7,1,2,1,1
9511,369,2025-12-27,37,3,8,0,32,10,6,3,0,1,1,4,8,1,2,1,1
9512,369,2025-12-27,38,3,8,0,24,6,2,3,1,0,0,2,5,0,1,0,0
9513,369,2025-12-27,39,3,8,0,17,4,4,1,0,0,0,3,5,1,2,1,1
9514,369,2025-12-27,41,3,8,0,17,4,0,2,1,0,1,1,2,0,0,1,1
9515,369,2025-12-27,42,3,8,0,8,2,3,1,1,0,0,2,5,1,2,0,0
9516,369,2025-12-27,45,3,8,0,20,4,3,0,0,0,1,1,2,0,0,1,1
9517,370,2025-12-27,226,16,9,1,32,22,5,4,2,1,3,6,13,2,5,4,5
9518,370,2025-12-27,227,16,9,1,32,27,6,8,1,0,2,6,14,1,2,5,7
9519,370,2025-12-27,228,16,9,1,29,6,3,1,1,0,2,1,3,0,1,1,1
9520,370,2025-12-27,229,16,9,1,26,16,2,3,0,0,3,4,8,1,2,1,1
9521,370,2025-12-27,230,16,9,1,12,7,2,2,1,0,2,3,6,0,1,2,2
9522,370,2025-12-27,231,16,9,1,20,10,2,1,1,1,2,3,6,0,1,1,1
9523,370,2025-12-27,232,16,9,1,19,11,1,2,1,0,2,5,9,1,2,3,3
9524,370,2025-12-27,233,16,9,1,27,9,1,3,1,0,1,2,5,1,2,2,2
9525,370,2025-12-27,234,16,9,1,12,4,1,0,0,0,1,2,4,1,2,1,1
9526,370,2025-12-27,235,16,9,1,14,6,0,0,0,0,0,3,5,0,1,1,1
9527,370,2025-12-27,236,16,9,1,9,5,4,1,1,0,1,1,2,0,0,1,1
9528,370,2025-12-27,238,16,9,1,6,1,3,1,1,0,1,1,3,0,1,0,0
9529,370,2025-12-27,239,16,9,1,4,4,3,2,0,0,1,1,2,0,0,0,0
9530,370,2025-12-27,240,16,9,1,14,5,2,2,0,0,1,3,6,0,1,1,1
9531,370,2025-12-27,121,9,16,0,35,23,5,11,2,1,3,9,15,2,6,3,3
9532,370,2025-12-27,122,9,16,0,36,19,7,9,2,0,4,6,11,0,1,1,1
9533,370,2025-12-27,123,9,16,0,17,8,6,1,0,1,0,3,6,0,1,1,1
9534,370,2025-12-27,124,9,16,0,27,14,3,2,1,0,1,4,11,1,2,2,2
9535,370,2025-12-27,125,9,16,0,30,11,3,2,0,0,2,3,7,0,1,1,2
9536,370,2025-12-27,126,9,16,0,25,8,2,2,0,0,1,2,4,0,1,1,1
9537,370,2025-12-27,127,9,16,0,22,8,2,2,1,0,1,3,6,0,1,1,2
9538,370,2025-12-27,128,9,16,0,26,8,5,0,1,0,2,3,7,1,2,1,1
9539,370,2025-12-27,129,9,16,0,12,6,1,1,0,0,0,2,6,0,1,0,0
9540,370,2025-12-27,131,9,16,0,13,9,4,3,0,0,1,2,4,1,2,2,2
9541,370,2025-12-27,133,9,16,0,13,3,4,1,1,0,1,1,3,0,1,0,0
9542,371,2025-12-27,196,14,20,1,39,29,4,6,2,1,4,7,15,2,6,2,2
9543,371,2025-12-27,197,14,20,1,34,24,9,4,1,1,2,8,15,2,6,4,6
9544,371,2025-12-27,198,14,20,1,24,10,3,1,1,0,1,3,8,1,3,2,2
9545,371,2025-12-27,199,14,20,1,29,6,3,2,1,1,1,3,6,1,2,1,1
9546,371,2025-12-27,200,14,20,1,24,8,2,3,1,0,1,3,5,1,2,1,2
9547,371,2025-12-27,201,14,20,1,23,12,1,2,1,1,0,3,6,0,1,3,3
9548,371,2025-12-27,202,14,20,1,19,13,1,3,1,0,1,4,8,1,4,2,2
9549,371,2025-12-27,203,14,20,1,16,6,4,1,1,0,1,2,4,1,2,1,1
9550,371,2025-12-27,204,14,20,1,19,3,3,0,0,0,1,1,2,0,1,0,0
9551,371,2025-12-27,208,14,20,1,9,2,4,2,1,1,1,2,3,0,1,0,0
9552,371,2025-12-27,209,14,20,1,15,6,3,0,1,0,1,3,6,1,2,1,1
9553,371,2025-12-27,210,14,20,1,12,5,2,2,1,0,1,3,6,0,1,1,1
9554,371,2025-12-27,286,20,14,0,32,25,4,0,2,1,3,8,14,1,3,1,1
9555,371,2025-12-27,287,20,14,0,38,22,4,4,1,1,3,5,10,1,2,2,3
9556,371,2025-12-27,288,20,14,0,14,7,1,1,1,0,1,2,4,0,1,1,1
9557,371,2025-12-27,289,20,14,0,27,7,10,2,0,0,1,4,7,1,2,1,1
9558,371,2025-12-27,290,20,14,0,19,9,9,0,1,0,0,3,8,1,2,2,2
9559,371,2025-12-27,291,20,14,0,30,4,8,5,1,1,1,3,6,0,1,1,1
9560,371,2025-12-27,292,20,14,0,30,1,3,2,1,1,1,0,1,0,0,0,0
9561,371,2025-12-27,293,20,14,0,29,11,4,3,1,0,1,3,6,1,2,1,2
9562,371,2025-12-27,294,20,14,0,23,6,3,3,1,0,1,2,3,0,0,1,1
9563,371,2025-12-27,295,20,14,0,17,5,4,1,0,0,1,3,6,0,1,1,1
9564,371,2025-12-27,297,20,14,0,4,5,1,0,1,0,0,2,3,0,1,1,1
9565,371,2025-12-27,298,20,14,0,10,3,3,0,1,0,1,3,5,0,1,0,0
9566,371,2025-12-27,299,20,14,0,6,5,1,2,1,0,1,2,5,1,2,1,1
9567,372,2025-12-27,136,10,15,1,36,19,4,6,2,1,3,6,11,2,5,2,2
9568,372,2025-12-27,137,10,15,1,34,32,8,9,3,0,2,9,19,1,5,2,3
9569,372,2025-12-27,138,10,15,1,23,7,4,1,0,0,2,2,4,0,1,1,1
9570,372,2025-12-27,139,10,15,1,29,8,6,5,1,0,0,4,8,1,3,1,1
9571,372,2025-12-27,140,10,15,1,19,10,4,4,0,1,3,4,7,1,3,1,1
9572,372,2025-12-27,141,10,15,1,20,10,0,0,1,0,2,3,6,1,2,1,1
9573,372,2025-12-27,142,10,15,1,23,5,3,1,1,0,1,2,6,0,1,0,0
9574,372,2025-12-27,143,10,15,1,28,13,4,2,1,1,2,3,7,1,3,1,1
9575,372,2025-12-27,144,10,15,1,5,8,2,2,0,0,1,2,4,0,1,2,2
9576,372,2025-12-27,145,10,15,1,13,3,1,0,1,0,0,1,2,0,1,0,0
9577,372,2025-12-27,146,10,15,1,19,3,1,2,1,0,1,1,2,0,1,0,0
9578,372,2025-12-27,147,10,15,1,11,3,0,1,0,0,1,1,3,0,1,0,0
9579,372,2025-12-27,148,10,15,1,11,4,2,0,0,0,0,1,2,0,0,0,0
9580,372,2025-12-27,211,15,10,0,38,14,4,7,1,0,3,4,7,1,2,2,2
9581,372,2025-12-27,212,15,10,0,37,23,5,4,1,1,2,7,12,2,5,2,2
9582,372,2025-12-27,213,15,10,0,34,3,6,2,1,0,2,2,5,0,1,0,0
9583,372,2025-12-27,214,15,10,0,18,8,7,0,1,0,2,3,8,0,1,2,2
9584,372,2025-12-27,215,15,10,0,28,7,5,1,1,1,3,2,3,0,1,1,1
9585,372,2025-12-27,216,15,10,0,25,3,4,0,1,0,2,1,2,0,0,0,0
9586,372,2025-12-27,217,15,10,0,22,5,2,2,0,1,1,1,2,0,1,1,1
9587,372,2025-12-27,218,15,10,0,20,2,6,1,1,0,1,1,2,0,1,0,0
9588,372,2025-12-27,219,15,10,0,7,2,4,0,0,0,1,1,3,0,0,0,0
9589,372,2025-12-27,220,15,10,0,11,2,0,1,1,0,1,2,4,1,2,0,0
9590,372,2025-12-27,221,15,10,0,16,5,3,1,0,0,1,3,6,0,1,1,1
9591,372,2025-12-27,222,15,10,0,14,5,2,1,1,0,0,3,6,1,2,0,0
9592,372,2025-12-27,223,15,10,0,17,7,0,0,1,1,1,2,4,0,1,1,2
9593,372,2025-12-27,224,15,10,0,12,1,0,1,0,0,1,1,2,0,1,0,0
9594,372,2025-12-27,225,15,10,0,9,3,1,1,0,0,1,1,3,0,1,1,1
9595,373,2025-12-28,1,1,11,1,37,13,4,8,2,1,2,5,10,1,3,3,3
9596,373,2025-12-28,2,1,11,1,37,16,9,4,2,0,3,6,12,1,3,2,3
9597,373,2025-12-28,3,1,11,1,27,9,3,2,1,1,0,3,6,1,2,1,1
9598,373,2025-12-28,4,1,11,1,24,9,5,5,0,0,2,2,4,0,1,1,1
9599,373,2025-12-28,5,1,11,1,21,9,4,4,1,0,3,3,7,1,3,1,1
9600,373,2025-12-28,6,1,11,1,30,10,8,3,2,0,2,4,9,1,3,1,1
9601,373,2025-12-28,7,1,11,1,23,8,4,1,2,0,1,3,6,0,1,1,2
9602,373,2025-12-28,8,1,11,1,14,5,7,0,1,0,1,2,3,0,1,1,1
9603,373,2025-12-28,9,1,11,1,11,5,3,1,0,0,0,2,3,0,1,0,0
9604,373,2025-12-28,10,1,11,1,9,6,2,2,0,0,1,2,4,0,1,1,1
9605,373,2025-12-28,14,1,11,1,5,5,1,0,0,0,2,2,5,1,2,0,0
9606,373,2025-12-28,151,11,1,0,27,22,6,6,1,0,3,5,11,1,4,1,2
9607,373,2025-12-28,152,11,1,0,35,20,6,9,1,0,4,6,13,1,2,3,4
9608,373,2025-12-28,153,11,1,0,18,6,3,4,1,1,2,3,5,0,1,1,1
9609,373,2025-12-28,154,11,1,0,24,10,4,5,1,0,1,3,6,0,1,1,1
9610,373,2025-12-28,155,11,1,0,26,5,4,1,0,0,1,3,5,0,1,0,0
9611,373,2025-12-28,156,11,1,0,26,9,9,3,1,0,1,3,6,0,1,1,1
9612,373,2025-12-28,157,11,1,0,21,9,6,0,0,1,1,2,4,0,1,1,1
9613,373,2025-12-28,158,11,1,0,26,14,3,4,1,1,2,4,8,1,3,2,3
9614,373,2025-12-28,159,11,1,0,11,8,3,2,1,0,1,3,6,1,2,1,1
9615,373,2025-12-28,160,11,1,0,16,4,3,2,1,1,0,2,4,0,1,1,1
9616,373,2025-12-28,161,11,1,0,12,7,2,1,1,0,1,3,7,1,2,1,1
9617,373,2025-12-28,162,11,1,0,12,7,1,1,1,0,1,2,5,1,2,1,1
9618,373,2025-12-28,165,11,1,0,8,3,4,1,1,0,1,2,4,0,1,0,0
9619,374,2025-12-28,406,28,6,1,25,23,8,5,0,1,3,7,13,1,4,1,2
9620,374,2025-12-28,407,28,6,1,30,21,4,6,2,0,1,4,10,0,1,2,3
9621,374,2025-12-28,408,28,6,1,25,14,4,5,1,0,2,4,8,1,3,1,1
9622,374,2025-12-28,409,28,6,1,24,7,2,3,1,0,1,2,3,0,1,1,1
9623,374,2025-12-28,410,28,6,1,19,13,7,2,1,0,1,3,6,0,1,3,3
9624,374,2025-12-28,411,28,6,1,19,5,5,1,2,1,1,2,4,0,1,0,0
9625,374,2025-12-28,412,28,6,1,23,9,7,2,0,0,0,2,4,1,2,1,1
9626,374,2025-12-28,413,28,6,1,34,9,4,3,0,0,2,4,8,1,2,1,1
9627,374,2025-12-28,414,28,6,1,11,5,1,3,1,0,1,1,3,0,1,1,1
9628,374,2025-12-28,417,28,6,1,16,0,4,2,0,0,1,0,1,0,0,0,0
9629,374,2025-12-28,418,28,6,1,11,5,2,2,0,0,1,1,3,0,1,1,1
9630,374,2025-12-28,419,28,6,1,9,5,1,0,1,0,1,3,6,0,1,1,1
9631,374,2025-12-28,420,28,6,1,14,4,1,3,0,0,1,1,3,0,1,1,1
9632,374,2025-12-28,76,6,28,0,35,18,9,0,1,0,3,6,12,1,3,2,3
9633,374,2025-12-28,77,6,28,0,38,25,5,6,1,0,2,7,16,3,7,2,3
9634,374,2025-12-28,78,6,28,0,29,8,7,3,1,0,1,2,4,1,2,2,2
9635,374,2025-12-28,79,6,28,0,22,11,4,1,1,1,1,3,6,0,1,1,1
9636,374,2025-12-28,80,6,28,0,19,12,4,1,0,1,0,4,8,1,3,1,2
9637,374,2025-12-28,81,6,28,0,28,11,4,4,1,0,0,4,8,1,2,1,1
9638,374,2025-12-28,82,6,28,0,18,10,3,0,1,0,1,2,5,1,2,1,1
9639,374,2025-12-28,83,6,28,0,17,14,5,3,1,1,1,4,8,1,3,2,2
9640,374,2025-12-28,86,6,28,0,18,3,3,1,0,0,1,2,4,0,1,1,1
9641,374,2025-12-28,87,6,28,0,12,2,3,1,1,0,1,1,2,0,1,0,0
9642,374,2025-12-28,88,6,28,0,14,3,1,1,0,0,1,0,1,0,0,0,0
9643,374,2025-12-28,89,6,28,0,8,4,2,2,0,0,1,1,2,0,1,1,1
9644,374,2025-12-28,90,6,28,0,17,3,1,2,0,0,1,0,1,0,0,1,1
9645,375,2025-12-28,436,30,19,1,26,20,7,7,2,1,4,6,13,1,4,2,2
9646,375,2025-12-28,437,30,19,1,32,18,3,1,1,0,3,5,12,2,4,3,4
9647,375,2025-12-28,438,30,19,1,26,6,2,5,1,0,1,3,5,0,1,1,1
9648,375,2025-12-28,439,30,19,1,23,7,7,4,1,0,2,4,7,0,1,1,1
9649,375,2025-12-28,440,30,19,1,23,9,7,5,0,1,1,3,7,0,1,2,2
9650,375,2025-12-28,441,30,19,1,30,11,6,2,1,0,2,3,6,0,1,2,2
9651,375,2025-12-28,442,30,19,1,25,11,1,3,1,1,2,4,9,0,1,2,2
9652,375,2025-12-28,443,30,19,1,32,7,6,3,0,0,1,2,5,1,2,1,1
9653,375,2025-12-28,444,30,19,1,13,2,1,1,0,0,0,3,5,0,1,0,0
9654,375,2025-12-28,445,30,19,1,11,3,1,4,1,0,1,1,2,0,0,0,0
9655,375,2025-12-28,446,30,19,1,14,3,0,2,1,0,1,2,4,0,0,0,0
9656,375,2025-12-28,449,30,19,1,6,6,0,2,1,0,0,4,7,1,2,1,1
9657,375,2025-12-28,450,30,19,1,12,6,4,1,0,0,1,4,7,0,1,1,1
9658,375,2025-12-28,271,19,30,0,29,18,6,2,2,1,3,4,9,2,4,1,2
9659,375,2025-12-28,272,19,30,0,30,13,4,9,1,0,3,3,6,0,1,2,2
9660,375,2025-12-28,273,19,30,0,19,6,0,2,1,0,1,2,4,0,1,1,1
9661,375,2025-12-28,274,19,30,0,27,12,5,4,1,1,2,4,8,1,2,1,1
9662,375,2025-12-28,275,19,30,0,23,8,6,1,0,1,1,3,6,1,2,1,1
9663,375,2025-12-28,276,19,30,0,29,3,0,2,0,0,0,1,2,0,1,0,0
9664,375,2025-12-28,277,19,30,0,28,6,2,3,1,1,1,3,7,1,3,1,1
9665,375,2025-12-28,278,19,30,0,20,11,3,4,1,1,2,4,8,0,1,1,1
9666,375,2025-12-28,281,19,30,0,4,5,1,0,1,0,1,1,2,0,1,1,1
9667,375,2025-12-28,282,19,30,0,4,4,2,2,0,0,2,3,5,1,2,0,0
